Date,Close,Close_ahead30,Close_ahead30_missing30,Close_ahead30_missing30_imputed
03/01/2017,62.58000183,64.52999878,64.52999878,64.52999878
04/01/2017,62.29999924,64.51999664,64.51999664,64.51999664
05/01/2017,62.29999924,64.62000275,,64.5099945
06/01/2017,62.84000015,64.48999786,64.48999786,64.48999786
09/01/2017,62.63999939,64.36000061,64.36000061,64.36000061
10/01/2017,62.61999893,64.62000275,,64.37099914
11/01/2017,63.18999863,64.62000275,64.62000275,64.62000275
12/01/2017,62.61000061,64.23000336,64.23000336,64.23000336
13/01/2017,62.70000076,63.97999954,,64.3388606
17/01/2017,62.52999878,64.94000244,64.94000244,64.94000244
18/01/2017,62.5,64.01000214,64.01000214,64.01000214
19/01/2017,62.29999924,64.25,,64.35489542
20/01/2017,62.74000168,64.26999664,64.26999664,64.26999664
23/01/2017,62.95999908,64.40000153,64.40000153,64.40000153
24/01/2017,63.52000046,64.98999786,,64.31283014
25/01/2017,63.68000031,64.73000336,64.73000336,64.73000336
26/01/2017,64.26999664,64.93000031,64.93000031,64.93000031
27/01/2017,65.77999878,64.70999908,,64.51247777
30/01/2017,65.12999725,64.41000366,64.41000366,64.41000366
31/01/2017,64.65000153,64.75,64.75,64.75
01/02/2017,63.58000183,64.63999939,,64.55365071
02/02/2017,63.16999817,64.87000275,64.87000275,64.87000275
03/02/2017,63.68000031,64.93000031,64.93000031,64.93000031
06/02/2017,63.63999939,64.20999908,,64.6879537
07/02/2017,63.43000031,65.02999878,65.02999878,65.02999878
08/02/2017,63.34000015,64.87000275,64.87000275,64.87000275
09/02/2017,64.05999756,64.98000336,,64.80123435
10/02/2017,64,65.09999847,65.09999847,65.09999847
13/02/2017,64.72000122,65.29000092,65.29000092,65.29000092
14/02/2017,64.56999969,65.47000122,,64.95420646
15/02/2017,64.52999878,65.70999908,65.70999908,65.70999908
16/02/2017,64.51999664,65.86000061,65.86000061,65.86000061
17/02/2017,64.62000275,65.55000305,,65.22856589
21/02/2017,64.48999786,65.73000336,65.73000336,65.73000336
22/02/2017,64.36000061,65.55999756,65.55999756,65.55999756
23/02/2017,64.62000275,65.73000336,,65.46501684
24/02/2017,64.62000275,65.68000031,65.68000031,65.68000031
27/02/2017,64.23000336,65.52999878,65.52999878,65.52999878
28/02/2017,63.97999954,65.48000336,,65.64723565
01/03/2017,64.94000244,65.23000336,65.23000336,65.23000336
02/03/2017,64.01000214,64.94999695,64.94999695,64.94999695
03/03/2017,64.25,65.48000336,,65.66176068
06/03/2017,64.26999664,65.38999939,65.38999939,65.38999939
07/03/2017,64.40000153,65.04000092,65.04000092,65.04000092
08/03/2017,64.98999786,65.5,,65.63778587
09/03/2017,64.73000336,66.40000153,66.40000153,66.40000153
10/03/2017,64.93000031,67.52999878,67.52999878,67.52999878
13/03/2017,64.70999908,67.91999817,,66.05491062
14/03/2017,64.41000366,67.83000183,67.83000183,67.83000183
15/03/2017,64.75,68.26999664,68.26999664,68.26999664
16/03/2017,64.63999939,68.45999908,,66.65788461
17/03/2017,64.87000275,69.41000366,69.41000366,69.41000366
20/03/2017,64.93000031,69.30000305,69.30000305,69.30000305
21/03/2017,64.20999908,69.08000183,,67.53528791
22/03/2017,65.02999878,68.80999756,68.80999756,68.80999756
23/03/2017,64.87000275,69,69,69
24/03/2017,64.98000336,68.94000244,,68.20757909
27/03/2017,65.09999847,69.04000092,69.04000092,69.04000092
28/03/2017,65.29000092,69.30999756,69.30999756,69.30999756
29/03/2017,65.47000122,68.45999908,,68.85745484
30/03/2017,65.70999908,68.37999725,68.37999725,68.37999725
31/03/2017,65.86000061,68.43000031,68.43000031,68.43000031
03/04/2017,65.55000305,69.41000366,,69.26504296
04/04/2017,65.73000336,67.48000336,67.48000336,67.48000336
05/04/2017,65.55999756,67.70999908,67.70999908,67.70999908
06/04/2017,65.73000336,67.69000244,,69.34567318
07/04/2017,65.68000031,68.44999695,68.44999695,68.44999695
10/04/2017,65.52999878,68.68000031,68.68000031,68.68000031
11/04/2017,65.48000336,68.76999664,,69.53493442
12/04/2017,65.23000336,69.62000275,69.62000275,69.62000275
13/04/2017,64.94999695,69.95999908,69.95999908,69.95999908
17/04/2017,65.48000336,70.41000366,,69.802319
18/04/2017,65.38999939,69.83999634,69.83999634,69.83999634
19/04/2017,65.04000092,70.09999847,70.09999847,70.09999847
20/04/2017,65.5,71.76000214,,69.90611025
21/04/2017,66.40000153,72.27999878,72.27999878,72.27999878
24/04/2017,67.52999878,72.51999664,72.51999664,72.51999664
25/04/2017,67.91999817,72.38999939,,70.59637231
26/04/2017,67.83000183,71.94999695,71.94999695,71.94999695
27/04/2017,68.26999664,70.31999969,70.31999969,70.31999969
28/04/2017,68.45999908,69.77999878,,70.94051103
01/05/2017,69.41000366,70.65000153,70.65000153,70.65000153
02/05/2017,69.30000305,70.26999664,70.26999664,70.26999664
03/05/2017,69.08000183,69.90000153,,71.18582522
04/05/2017,68.80999756,70,70,70
05/05/2017,69,70.87000275,70.87000275,70.87000275
08/05/2017,68.94000244,69.91000366,,71.3372297
09/05/2017,69.04000092,70.26999664,70.26999664,70.26999664
10/05/2017,69.30999756,70.26000214,70.26000214,70.26000214
11/05/2017,68.45999908,71.20999908,,71.42210545
12/05/2017,68.37999725,70.52999878,70.52999878,70.52999878
15/05/2017,68.43000031,69.20999908,69.20999908,69.20999908
16/05/2017,69.41000366,69.80000305,,71.25675939
17/05/2017,67.48000336,68.48999786,68.48999786,68.48999786
18/05/2017,67.70999908,68.93000031,68.93000031,68.93000031
19/05/2017,67.69000244,68.16999817,,70.60364076
22/05/2017,68.44999695,69.08000183,69.08000183,69.08000183
23/05/2017,68.68000031,68.56999969,68.56999969,68.56999969
24/05/2017,68.76999664,69.45999908,,69.96175358
25/05/2017,69.62000275,69.98000336,69.98000336,69.98000336
26/05/2017,69.95999908,69.98999786,69.98999786,69.98999786
30/05/2017,70.41000366,71.15000153,,69.68679337
31/05/2017,69.83999634,71.76999664,71.76999664,71.76999664
01/06/2017,70.09999847,72.77999878,72.77999878,72.77999878
02/06/2017,71.76000214,73.34999847,,69.98094802
05/06/2017,72.27999878,73.30000305,73.30000305,73.30000305
06/06/2017,72.51999664,73.86000061,73.86000061,73.86000061
07/06/2017,72.38999939,74.22000122,,70.89093211
08/06/2017,71.94999695,73.79000092,73.79000092,73.79000092
09/06/2017,70.31999969,73.59999847,73.59999847,73.59999847
12/06/2017,69.77999878,74.19000244,,71.76765819
13/06/2017,70.65000153,74.05000305,74.05000305,74.05000305
14/06/2017,70.26999664,73.16000366,73.16000366,73.16000366
15/06/2017,69.90000153,73.04000092,,72.54399511
16/06/2017,70,72.69999695,72.69999695,72.69999695
19/06/2017,70.87000275,72.58000183,72.58000183,72.58000183
20/06/2017,69.91000366,72.26000214,,73.04688636
21/06/2017,70.26999664,72.15000153,72.15000153,72.15000153
22/06/2017,70.26000214,72.68000031,72.68000031,72.68000031
23/06/2017,71.20999908,72.40000153,,73.43302868
26/06/2017,70.52999878,72.79000092,72.79000092,72.79000092
27/06/2017,69.20999908,72.47000122,72.47000122,72.47000122
28/06/2017,69.80000305,71.41000366,,73.75306133
29/06/2017,68.48999786,72.5,72.5,72.5
30/06/2017,68.93000031,73.58999634,73.58999634,73.58999634
03/07/2017,68.16999817,73.22000122,,73.89000849
05/07/2017,69.08000183,73.65000153,73.65000153,73.65000153
06/07/2017,68.56999969,72.40000153,72.40000153,72.40000153
07/07/2017,69.45999908,72.48999786,,73.78112042
10/07/2017,69.98000336,72.15000153,72.15000153,72.15000153
11/07/2017,69.98999786,73.16000366,73.16000366,73.16000366
12/07/2017,71.15000153,72.72000122,,73.45881709
13/07/2017,71.76999664,72.69000244,72.69000244,72.69000244
14/07/2017,72.77999878,72.81999969,72.81999969,72.81999969
17/07/2017,73.34999847,72.83000183,,73.23939477
18/07/2017,73.30000305,73.05000305,73.05000305,73.05000305
19/07/2017,73.86000061,74.01000214,74.01000214,74.01000214
20/07/2017,74.22000122,74.76999664,,73.30499723
21/07/2017,73.79000092,73.94000244,73.94000244,73.94000244
24/07/2017,73.59999847,73.61000061,73.61000061,73.61000061
25/07/2017,74.19000244,73.40000153,,73.46427721
26/07/2017,74.05000305,74.33999634,74.33999634,74.33999634
27/07/2017,73.16000366,73.98000336,73.98000336,73.98000336
28/07/2017,73.04000092,74.76000214,,73.7464478
31/07/2017,72.69999695,74.68000031,74.68000031,74.68000031
01/08/2017,72.58000183,75.20999908,75.20999908,75.20999908
02/08/2017,72.26000214,74.76999664,,74.12786508
03/08/2017,72.15000153,75.30999756,75.30999756,75.30999756
04/08/2017,72.68000031,75.16000366,75.16000366,75.16000366
07/08/2017,72.40000153,75.44000244,,74.5162506
08/08/2017,72.79000092,74.94000244,74.94000244,74.94000244
09/08/2017,72.47000122,74.20999908,74.20999908,74.20999908
10/08/2017,71.41000366,74.41000366,,74.71724452
11/08/2017,72.5,73.26000214,73.26000214,73.26000214
14/08/2017,73.58999634,73.26000214,73.26000214,73.26000214
15/08/2017,73.22000122,73.84999847,,74.60095861
16/08/2017,73.65000153,73.87000275,73.87000275,73.87000275
17/08/2017,72.40000153,74.48999786,74.48999786,74.48999786
18/08/2017,72.48999786,74.61000061,,74.68961069
21/08/2017,72.15000153,74.26000214,74.26000214,74.26000214
22/08/2017,73.16000366,74.69000244,74.69000244,74.69000244
23/08/2017,72.72000122,75.97000122,,74.73456701
24/08/2017,72.69000244,76,76,76
25/08/2017,72.81999969,76.29000092,76.29000092,76.29000092
28/08/2017,72.83000183,76.29000092,,75.10034216
29/08/2017,73.05000305,76.41999817,76.41999817,76.41999817
30/08/2017,74.01000214,77.12000275,77.12000275,77.12000275
31/08/2017,74.76999664,77.48999786,,75.59597929
01/09/2017,73.94000244,77.65000153,77.65000153,77.65000153
05/09/2017,73.61000061,77.58999634,77.58999634,77.58999634
06/09/2017,73.40000153,77.61000061,,76.23806225
07/09/2017,74.33999634,77.91000366,77.91000366,77.91000366
08/09/2017,73.98000336,78.80999756,78.80999756,78.80999756
11/09/2017,74.76000214,78.83000183,,77.01284421
12/09/2017,74.68000031,78.86000061,78.86000061,78.86000061
13/09/2017,75.20999908,78.62999725,78.62999725,78.62999725
14/09/2017,74.76999664,78.76000214,,77.88054981
15/09/2017,75.30999756,83.80999756,83.80999756,83.80999756
18/09/2017,75.16000366,83.88999939,83.88999939,83.88999939
19/09/2017,75.44000244,83.18000031,,79.97344526
20/09/2017,74.94000244,83.18000031,83.18000031,83.18000031
21/09/2017,74.20999908,84.05000305,84.05000305,84.05000305
22/09/2017,74.41000366,84.13999939,,81.78371704
25/09/2017,73.26000214,84.47000122,84.47000122,84.47000122
26/09/2017,73.26000214,84.26999664,84.26999664,84.26999664
27/09/2017,73.84999847,84.55999756,,83.35785156
28/09/2017,73.87000275,84.08999634,84.08999634,84.08999634
29/09/2017,74.48999786,83.87000275,83.87000275,83.87000275
02/10/2017,74.61000061,83.93000031,,84.56540184
03/10/2017,74.26000214,84.05000305,84.05000305,84.05000305
04/10/2017,74.69000244,82.98000336,82.98000336,82.98000336
05/10/2017,75.97000122,83.19999695,,85.29290653
06/10/2017,76,82.40000153,82.40000153,82.40000153
09/10/2017,76.29000092,82.52999878,82.52999878,82.52999878
10/10/2017,76.29000092,83.72000122,,85.54391341
11/10/2017,76.41999817,83.11000061,83.11000061,83.11000061
12/10/2017,77.12000275,83.26000214,83.26000214,83.26000214
13/10/2017,77.48999786,83.87000275,,85.66780661
16/10/2017,77.65000153,84.87999725,84.87999725,84.87999725
17/10/2017,77.58999634,83.33999634,83.33999634,83.33999634
18/10/2017,77.61000061,84.16999817,,85.73938183
19/10/2017,77.91000366,84.26000214,84.26000214,84.26000214
20/10/2017,78.80999756,81.08000183,81.08000183,81.08000183
23/10/2017,78.83000183,81.58999634,,85.1629675
24/10/2017,78.86000061,82.77999878,82.77999878,82.77999878
25/10/2017,78.62999725,82.48999786,82.48999786,82.48999786
26/10/2017,78.76000214,84.16000366,,84.28989626
27/10/2017,83.80999756,85.23000336,85.23000336,85.23000336
30/10/2017,83.88999939,85.58000183,85.58000183,85.58000183
31/10/2017,83.18000031,85.34999847,,84.47775337
01/11/2017,83.18000031,84.69000244,84.69000244,84.69000244
02/11/2017,84.05000305,86.84999847,86.84999847,86.84999847
03/11/2017,84.13999939,86.37999725,,84.73001764
06/11/2017,84.47000122,85.83000183,85.83000183,85.83000183
07/11/2017,84.26999664,85.51999664,85.51999664,85.51999664
08/11/2017,84.55999756,85.5,,85.06200448
09/11/2017,84.08999634,85.51000214,85.51000214,85.51000214
10/11/2017,83.87000275,85.40000153,85.40000153,85.40000153
13/11/2017,83.93000031,85.70999908,,85.34132874
14/11/2017,84.05000305,85.72000122,85.72000122,85.72000122
15/11/2017,82.98000336,85.54000092,85.54000092,85.54000092
16/11/2017,83.19999695,85.94999695,,85.63929018
17/11/2017,82.40000153,86.34999847,86.34999847,86.34999847
20/11/2017,82.52999878,87.11000061,87.11000061,87.11000061
21/11/2017,83.72000122,88.19000244,,86.05664078
22/11/2017,83.11000061,88.27999878,88.27999878,88.27999878
24/11/2017,83.26000214,88.22000122,88.22000122,88.22000122
27/11/2017,83.87000275,87.81999969,,86.84358175
28/11/2017,84.87999725,88.08000183,88.08000183,88.08000183
29/11/2017,83.33999634,89.59999847,89.59999847,89.59999847
30/11/2017,84.16999817,88.34999847,,87.80984984
01/12/2017,84.26000214,90.13999939,90.13999939,90.13999939
04/12/2017,81.08000183,90.09999847,90.09999847,90.09999847
05/12/2017,81.58999634,90,,88.80162042
06/12/2017,82.77999878,91.61000061,91.61000061,91.61000061
07/12/2017,82.48999786,91.90000153,91.90000153,91.90000153
08/12/2017,84.16000366,91.81999969,,89.92331006
11/12/2017,85.23000336,92.33000183,92.33000183,92.33000183
12/12/2017,85.58000183,94.05999756,94.05999756,94.05999756
13/12/2017,85.34999847,93.91999817,,91.42583433
14/12/2017,84.69000244,92.73999786,92.73999786,92.73999786
15/12/2017,86.84999847,95.01000214,95.01000214,95.01000214
18/12/2017,86.37999725,94.26000214,,92.91907632
19/12/2017,85.83000183,91.77999878,91.77999878,91.77999878
20/12/2017,85.51999664,88,88,88
21/12/2017,85.5,91.33000183,,93.1440016
22/12/2017,85.51000214,89.61000061,89.61000061,89.61000061
26/12/2017,85.40000153,85.01000214,85.01000214,85.01000214
27/12/2017,85.70999908,88.18000031,,92.42721379
28/12/2017,85.72000122,89.12999725,89.12999725,89.12999725
29/12/2017,85.54000092,89.83000183,89.83000183,89.83000183
02/01/2018,85.94999695,90.80999756,,92.00117227
03/01/2018,86.34999847,92.66000366,92.66000366,92.66000366
04/01/2018,87.11000061,92,92,92
05/01/2018,88.19000244,92.72000122,,92.11528468
08/01/2018,88.27999878,91.48999786,91.48999786,91.48999786
09/01/2018,88.22000122,91.73000336,91.73000336,91.73000336
10/01/2018,87.81999969,94.05999756,,91.97566129
11/01/2018,88.08000183,95.41999817,95.41999817,95.41999817
12/01/2018,89.59999847,94.19999695,94.19999695,94.19999695
16/01/2018,88.34999847,93.76999664,,92.49947582
17/01/2018,90.13999939,92.84999847,92.84999847,92.84999847
18/01/2018,90.09999847,93.05000305,93.05000305,93.05000305
19/01/2018,90,93.63999939,,92.5579908
22/01/2018,91.61000061,93.31999969,93.31999969,93.31999969
23/01/2018,91.90000153,93.86000061,93.86000061,93.86000061
24/01/2018,91.81999969,94.43000031,,92.88863525
25/01/2018,92.33000183,96.54000092,96.54000092,96.54000092
26/01/2018,94.05999756,96.76999664,96.76999664,96.76999664
29/01/2018,93.91999817,94.41000366,,94.15613799
30/01/2018,92.73999786,93.84999847,93.84999847,93.84999847
31/01/2018,95.01000214,94.18000031,94.18000031,94.18000031
01/02/2018,94.26000214,94.59999847,,94.93706701
02/02/2018,91.77999878,92.88999939,92.88999939,92.88999939
05/02/2018,88,93.12999725,93.12999725,93.12999725
06/02/2018,91.33000183,92.48000336,,95.08119238
07/02/2018,89.61000061,89.79000092,89.79000092,89.79000092
08/02/2018,85.01000214,87.18000031,87.18000031,87.18000031
09/02/2018,88.18000031,93.77999878,,93.61353148
12/02/2018,89.12999725,89.47000122,89.47000122,89.47000122
13/02/2018,89.83000183,89.38999939,89.38999939,89.38999939
14/02/2018,90.80999756,91.26999664,,92.36668338
15/02/2018,92.66000366,88.51999664,88.51999664,88.51999664
16/02/2018,92,89.70999908,89.70999908,89.70999908
20/02/2018,92.72000122,92.33000183,,91.25176331
21/02/2018,91.48999786,92.37999725,92.37999725,92.37999725
22/02/2018,91.73000336,90.23000336,90.23000336,90.23000336
23/02/2018,94.05999756,90.76999664,,90.56351433
26/02/2018,95.41999817,92.87999725,92.87999725,92.87999725
27/02/2018,94.19999695,91.86000061,91.86000061,91.86000061
28/02/2018,93.76999664,93.58000183,,90.53328274
01/03/2018,92.84999847,93.08000183,93.08000183,93.08000183
02/03/2018,93.05000305,94.16999817,94.16999817,94.16999817
05/03/2018,93.63999939,96.06999969,,90.71567153
06/03/2018,93.31999969,96.44000244,96.44000244,96.44000244
07/03/2018,93.86000061,96.11000061,96.11000061,96.11000061
08/03/2018,94.43000031,95,,91.67459269
09/03/2018,96.54000092,95.34999847,95.34999847,95.34999847
12/03/2018,96.76999664,93.12000275,93.12000275,93.12000275
13/03/2018,94.41000366,92.30999756,,92.61963715
14/03/2018,93.84999847,94.26000214,94.26000214,94.26000214
15/03/2018,94.18000031,95.81999969,95.81999969,95.81999969
16/03/2018,94.59999847,93.51999664,,93.73238348
19/03/2018,92.88999939,95,95,95
20/03/2018,93.12999725,93.51000214,93.51000214,93.51000214
21/03/2018,92.48000336,94.06999969,,94.67998651
22/03/2018,89.79000092,95.16000366,95.16000366,95.16000366
23/03/2018,87.18000031,96.22000122,96.22000122,96.22000122
26/03/2018,93.77999878,95.80999756,,95.46197234
27/03/2018,89.47000122,96.94000244,96.94000244,96.94000244
28/03/2018,89.38999939,97.91000366,97.91000366,97.91000366
29/03/2018,91.26999664,97.69999695,,96.4978994
02/04/2018,88.51999664,98.02999878,98.02999878,98.02999878
03/04/2018,89.70999908,97.31999969,97.31999969,97.31999969
04/04/2018,92.33000183,97.15000153,,97.21570632
05/04/2018,92.37999725,96.18000031,96.18000031,96.18000031
06/04/2018,90.23000336,96.36000061,96.36000061,96.36000061
09/04/2018,90.76999664,97.59999847,,97.48760151
10/04/2018,92.87999725,97.5,97.5,97.5
11/04/2018,91.86000061,98.66000366,98.66000366,98.66000366
12/04/2018,93.58000183,98.30999756,,98.02411997
13/04/2018,93.08000183,98.36000061,98.36000061,98.36000061
16/04/2018,94.16999817,98.01000214,98.01000214,98.01000214
17/04/2018,96.06999969,98.94999695,,98.454058
18/04/2018,96.44000244,98.83999634,98.83999634,98.83999634
19/04/2018,96.11000061,100.7900009,100.7900009,100.7900009
20/04/2018,95,101.6699982,,99.41156017
23/04/2018,95.34999847,102.1900024,102.1900024,102.1900024
24/04/2018,93.12000275,102.4899979,102.4899979,102.4899979
25/04/2018,92.30999756,100.8799973,,100.6077986
26/04/2018,94.26000214,101.6299973,101.6299973,101.6299973
27/04/2018,95.81999969,101.0500031,101.0500031,101.0500031
30/04/2018,93.51999664,101.3099976,,101.4022406
01/05/2018,95,100.8499985,100.8499985,100.8499985
02/05/2018,93.51000214,101.4199982,101.4199982,101.4199982
03/05/2018,94.06999969,100.1299973,,101.8304102
04/05/2018,95.16000366,100.8600006,100.8600006,100.8600006
07/05/2018,96.22000122,100.8600006,100.8600006,100.8600006
08/05/2018,95.80999756,101.8700027,,102.0905282
09/05/2018,96.94000244,101.1399994,101.1399994,101.1399994
10/05/2018,97.91000366,100.4100037,100.4100037,100.4100037
11/05/2018,97.69999695,98.38999939,,102.3234336
14/05/2018,98.02999878,99.08000183,99.08000183,99.08000183
15/05/2018,97.31999969,97.54000092,97.54000092,97.54000092
16/05/2018,97.15000153,98.62999725,,101.8354701
17/05/2018,96.18000031,98.61000061,98.61000061,98.61000061
18/05/2018,96.36000061,100.0100021,100.0100021,100.0100021
21/05/2018,97.59999847,99.05000305,,101.2691993
22/05/2018,97.5,99.76000214,99.76000214,99.76000214
23/05/2018,98.66000366,101.1600037,101.1600037,101.1600037
24/05/2018,98.30999756,101.8499985,,100.9871868
25/05/2018,98.36000061,102.1200027,102.1200027,102.1200027
29/05/2018,98.01000214,101.9800034,101.9800034,101.9800034
30/05/2018,98.94999695,104.1900024,,100.9582067
31/05/2018,98.83999634,105.4300003,105.4300003,105.4300003
01/06/2018,100.7900009,104.9100037,104.9100037,104.9100037
04/06/2018,101.6699982,105.9499969,,101.7439877
05/06/2018,102.1900024,105.1200027,105.1200027,105.1200027
06/06/2018,102.4899979,104.4000015,104.4000015,104.4000015
07/06/2018,100.8799973,106.2699966,,102.695998
08/06/2018,101.6299973,107.9700012,107.9700012,107.9700012
11/06/2018,101.0500031,107.6600037,107.6600037,107.6600037
12/06/2018,101.3099976,110.8300018,,104.3327944
13/06/2018,100.8499985,109.6200027,109.6200027,109.6200027
14/06/2018,101.4199982,107.6800003,107.6800003,107.6800003
15/06/2018,100.1299973,105.3700027,,106.0971833
18/06/2018,100.8600006,106.0800018,106.0800018,106.0800018
19/06/2018,100.8600006,106.2799988,106.2799988,106.2799988
20/06/2018,101.8700027,107.5699997,,107.1085611
21/06/2018,101.1399994,108.0400009,108.0400009,108.0400009
22/06/2018,100.4100037,108.1299973,108.1299973,108.1299973
25/06/2018,98.38999939,108.8799973,,108.4286408
26/06/2018,99.08000183,109.4899979,109.4899979,109.4899979
27/06/2018,97.54000092,109.6699982,109.6699982,109.6699982
28/06/2018,98.62999725,109,,109.5656868
29/06/2018,98.61000061,108.2099991,108.2099991,108.2099991
02/07/2018,100.0100021,109.5599976,109.5599976,109.5599976
03/07/2018,99.05000305,107.6600037,,110.2012748
05/07/2018,99.76000214,107.6399994,107.6399994,107.6399994
06/07/2018,101.1600037,107.5800018,107.5800018,107.5800018
09/07/2018,101.8499985,106.8700027,,110.1848683
10/07/2018,102.1200027,105.9800034,105.9800034,105.9800034
11/07/2018,101.9800034,107.0599976,107.0599976,107.0599976
12/07/2018,104.1900024,107.5599976,,109.6558326
13/07/2018,105.4300003,108.4000015,108.4000015,108.4000015
16/07/2018,104.9100037,109.5999985,109.5999985,109.5999985
17/07/2018,105.9499969,110.2600021,,109.7642153
18/07/2018,105.1200027,112.0199966,112.0199966,112.0199966
19/07/2018,104.4000015,111.9499969,111.9499969,111.9499969
20/07/2018,106.2699966,112.3300018,,110.3083384
23/07/2018,107.9700012,111.7099991,111.7099991,111.7099991
24/07/2018,107.6600037,108.4899979,108.4899979,108.4899979
25/07/2018,110.8300018,108.7399979,,110.5047005
26/07/2018,109.6200027,108.2099991,108.2099991,108.2099991
27/07/2018,107.6800003,109.3799973,109.3799973,109.3799973
30/07/2018,105.3700027,111.2399979,,110.431294
31/07/2018,106.0800018,111.7099991,111.7099991,111.7099991
01/08/2018,106.2799988,112.9100037,112.9100037,112.9100037
02/08/2018,107.5699997,113.3700027,,110.8820703
03/08/2018,108.0400009,112.1399994,112.1399994,112.1399994
06/08/2018,108.1299973,113.2099991,113.2099991,113.2099991
07/08/2018,108.8799973,111.6999969,,111.5000183
08/08/2018,109.4899979,113.5699997,113.5699997,113.5699997
09/08/2018,109.6699982,114.2600021,114.2600021,114.2600021
10/08/2018,109,114.6699982,,112.5568538
13/08/2018,108.2099991,114.4499969,114.4499969,114.4499969
14/08/2018,109.5599976,113.9800034,113.9800034,113.9800034
15/08/2018,107.6600037,114.4100037,,113.5668946
16/08/2018,107.6399994,114.3700027,114.3700027,114.3700027
17/08/2018,107.5800018,115.6100006,115.6100006,115.6100006
20/08/2018,106.8700027,115.1500015,,114.5019219
21/08/2018,105.9800034,115.1699982,115.1699982,115.1699982
22/08/2018,107.0599976,112.7900009,112.7900009,112.7900009
23/08/2018,107.5599976,112.1299973,,114.7738923
24/08/2018,108.4000015,110.8499985,110.8499985,110.8499985
27/08/2018,109.5999985,112.2600021,112.2600021,112.2600021
28/08/2018,110.2600021,106.1600037,,114.4212105
29/08/2018,112.0199966,105.9100037,105.9100037,105.9100037
30/08/2018,111.9499969,109.5699997,109.5699997,109.5699997
31/08/2018,112.3300018,107.5999985,,113.3241102
04/09/2018,111.7099991,111,111,111
05/09/2018,108.4899979,110.7099991,110.7099991,110.7099991
06/09/2018,108.7399979,108.5,,112.7237477
07/09/2018,108.2099991,108.6600037,108.6600037,108.6600037
10/09/2018,109.3799973,109.6299973,109.6299973,109.6299973
11/09/2018,111.2399979,108.0999985,,111.3675665
12/09/2018,111.7099991,102.3199997,102.3199997,102.3199997
13/09/2018,112.9100037,108.3000031,108.3000031,108.3000031
14/09/2018,113.3700027,106.9599991,,109.3534395
17/09/2018,112.1399994,103.8499985,103.8499985,103.8499985
18/09/2018,113.2099991,103.7300034,103.7300034,103.7300034
19/09/2018,111.6999969,106.8099976,,107.0543089
20/09/2018,113.5699997,105.9199982,105.9199982,105.9199982
21/09/2018,114.2600021,106.1600037,106.1600037,106.1600037
24/09/2018,114.6699982,107.5100021,,105.6479911
25/09/2018,114.4499969,107.7200012,107.7200012,107.7200012
26/09/2018,113.9800034,111.9599991,111.9599991,111.9599991
27/09/2018,114.4100037,111.75,,105.5547255
28/09/2018,114.3700027,109.5699997,109.5699997,109.5699997
01/10/2018,115.6100006,106.8700027,106.8700027,106.8700027
02/10/2018,115.1500015,106.9400024,,105.5140587
03/10/2018,115.1699982,104.9700012,104.9700012,104.9700012
04/10/2018,112.7900009,107.2799988,107.2799988,107.2799988
05/10/2018,112.1299973,108.2900009,,105.3288325
08/10/2018,110.8499985,104.6200027,104.6200027,104.6200027
09/10/2018,112.2600021,101.7099991,101.7099991,101.7099991
10/10/2018,106.1600037,103.1100006,,104.5220727
11/10/2018,105.9100037,103.0699997,103.0699997,103.0699997
12/10/2018,109.5699997,106.4700012,106.4700012,106.4700012
15/10/2018,107.5999985,107.1399994,,103.9796313
16/10/2018,111,111.1200027,111.1200027,111.1200027
17/10/2018,110.7099991,110.1900024,110.1900024,110.1900024
18/10/2018,108.5,110.8899994,,105.4842658
19/10/2018,108.6600037,112.0899963,112.0899963,112.0899963
22/10/2018,109.6299973,108.5199966,108.5199966,108.5199966
23/10/2018,108.0999985,109.1900024,,106.9630547
24/10/2018,102.3199997,104.8199997,104.8199997,104.8199997
25/10/2018,108.3000031,107.5899963,107.5899963,107.5899963
26/10/2018,106.9599991,108.5899963,,107.0519355
29/10/2018,103.8499985,109.0800018,109.0800018,109.0800018
30/10/2018,103.7300034,109.4499969,109.4499969,109.4499969
31/10/2018,106.8099976,106.0299988,,107.5975234
01/11/2018,105.9199982,102.8899994,102.8899994,102.8899994
02/11/2018,106.1600037,103.9700012,103.9700012,103.9700012
05/11/2018,107.5100021,103.6900024,,106.7275457
06/11/2018,107.7200012,101.5100021,101.5100021,101.5100021
07/11/2018,111.9599991,98.23000336,98.23000336,98.23000336
08/11/2018,111.75,94.12999725,,105.3608126
09/11/2018,109.5699997,100.5599976,100.5599976,100.5599976
12/11/2018,106.8700027,101.1800003,101.1800003,101.1800003
13/11/2018,106.9400024,100.3899994,,104.2517481
14/11/2018,104.9700012,101.5699997,101.5699997,101.5699997
15/11/2018,107.2799988,101.1200027,101.1200027,101.1200027
16/11/2018,108.2900009,97.40000153,,103.1063189
19/11/2018,104.6200027,101.9300003,101.9300003,101.9300003
20/11/2018,101.7099991,102.0599976,102.0599976,102.0599976
21/11/2018,103.1100006,102.8000031,,101.7907593
23/11/2018,103.0699997,104.2699966,104.2699966,104.2699966
26/11/2018,106.4700012,103.5999985,103.5999985,103.5999985
27/11/2018,107.1399994,102.8000031,,101.0305712
28/11/2018,111.1200027,102.0500031,102.0500031,102.0500031
29/11/2018,110.1900024,105.0100021,105.0100021,105.0100021
30/11/2018,110.8899994,105.3799973,,100.9739149
03/12/2018,112.0899963,106.1200027,106.1200027,106.1200027
04/12/2018,108.5199966,107.7099991,107.7099991,107.7099991
06/12/2018,109.1900024,105.6800003,,102.1557309
07/12/2018,104.8199997,106.7099991,106.7099991,106.7099991
10/12/2018,107.5899963,106.1999969,106.1999969,106.1999969
11/12/2018,108.5899963,107.1699982,,103.0943303
12/12/2018,109.0800018,105.0800018,105.0800018,105.0800018
13/12/2018,109.4499969,102.9400024,102.9400024,102.9400024
14/12/2018,106.0299988,106.3799973,,104.0558993
17/12/2018,102.8899994,104.4300003,104.4300003,104.4300003
18/12/2018,103.9700012,102.7799988,102.7799988,102.7799988
19/12/2018,103.6900024,105.7399979,,104.5339802
20/12/2018,101.5100021,107.2200012,107.2200012,107.2200012
21/12/2018,98.23000336,106.0299988,106.0299988,106.0299988
24/12/2018,94.12999725,105.2699966,,105.3238976
26/12/2018,100.5599976,105.6699982,105.6699982,105.6699982
27/12/2018,101.1800003,105.25,105.25,105.25
28/12/2018,100.3899994,106.8899994,,105.7176393
31/12/2018,101.5699997,106.8099976,106.8099976,106.8099976
02/01/2019,101.1200027,106.9000015,106.9000015,106.9000015
03/01/2019,97.40000153,108.2200012,,106.307543
04/01/2019,101.9300003,108.1699982,108.1699982,108.1699982
07/01/2019,102.0599976,107.1500015,107.1500015,107.1500015
08/01/2019,102.8000031,109.4100037,,106.9163735
09/01/2019,104.2699966,110.9700012,110.9700012,110.9700012
10/01/2019,103.5999985,111.5899963,111.5899963,111.5899963
11/01/2019,102.8000031,112.3600006,,108.3829911
14/01/2019,102.0500031,112.1699982,112.1699982,112.1699982
15/01/2019,105.0100021,112.0299988,112.0299988,112.0299988
16/01/2019,105.3799973,112.5299988,,109.7047776
17/01/2019,106.1200027,112.2600021,112.2600021,112.2600021
18/01/2019,107.7099991,111.6999969,111.6999969,111.6999969
22/01/2019,105.6800003,111.75,,111.1452237
23/01/2019,106.7099991,110.3899994,110.3899994,110.3899994
24/01/2019,106.1999969,110.5100021,110.5100021,110.5100021
25/01/2019,107.1699982,112.8300018,,112.0451172
28/01/2019,105.0800018,113.6200027,113.6200027,113.6200027
29/01/2019,102.9400024,114.5,114.5,114.5
30/01/2019,106.3799973,114.5899963,,113.3523599
31/01/2019,104.4300003,115.9100037,115.9100037,115.9100037
01/02/2019,102.7799988,117.5699997,117.5699997,117.5699997
04/02/2019,105.7399979,117.6500015,,114.9299569
05/02/2019,107.2200012,117.5199966,117.5199966,117.5199966
06/02/2019,106.0299988,120.2200012,120.2200012,120.2200012
07/02/2019,105.2699966,117.0500031,,116.9878187
08/02/2019,105.6699982,117.6600037,117.6600037,117.6600037
11/02/2019,105.25,117.9100037,117.9100037,117.9100037
12/02/2019,106.8899994,116.7699966,,118.226305
13/02/2019,106.8099976,116.9300003,116.9300003,116.9300003
14/02/2019,106.9000015,117.9400024,117.9400024,117.9400024
15/02/2019,108.2200012,119.0199966,,119.0436785
19/02/2019,108.1699982,119.1900024,119.1900024,119.1900024
20/02/2019,107.1500015,119.9700012,119.9700012,119.9700012
21/02/2019,109.4100037,119.3600006,,119.9953515
22/02/2019,110.9700012,119.8899994,119.8899994,119.8899994
25/02/2019,111.5899963,119.9300003,119.9300003,119.9300003
26/02/2019,112.3600006,119.2799988,,120.9759705
27/02/2019,112.1699982,120.1900024,120.1900024,120.1900024
28/02/2019,112.0299988,120.3300018,120.3300018,120.3300018
01/03/2019,112.5299988,120.9499969,,121.801809
04/03/2019,112.2600021,121.0500031,121.0500031,121.0500031
05/03/2019,111.6999969,120.7699966,120.7699966,120.7699966
06/03/2019,111.75,121.7699966,,122.4113216
07/03/2019,110.3899994,123.3700027,123.3700027,123.3700027
08/03/2019,110.5100021,123.7600021,123.7600021,123.7600021
11/03/2019,112.8300018,125.4400024,,123.0678186
12/03/2019,113.6200027,125.0100021,125.0100021,125.0100021
13/03/2019,114.5,129.1499939,129.1499939,129.1499939
14/03/2019,114.5899963,129.8899994,,124.5285845
15/03/2019,115.9100037,129.7700043,129.7700043,129.7700043
18/03/2019,117.5699997,130.6000061,130.6000061,130.6000061
19/03/2019,117.6500015,127.8799973,,126.6718562
20/03/2019,117.5199966,126.2099991,126.2099991,126.2099991
21/03/2019,120.2200012,128.8999939,128.8999939,128.8999939
22/03/2019,117.0500031,128.1499939,,128.0981326
25/03/2019,117.6600037,125.5199966,125.5199966,125.5199966
26/03/2019,117.9100037,125.5100021,125.5100021,125.5100021
27/03/2019,116.7699966,125.5,,128.6302738
28/03/2019,116.9300003,127.1299973,127.1299973,127.1299973
29/03/2019,117.9400024,123.3499985,123.3499985,123.3499985
01/04/2019,119.0199966,124.7300034,,128.6758008
02/04/2019,119.1900024,126.0199966,126.0199966,126.0199966
03/04/2019,119.9700012,128.9299927,128.9299927,128.9299927
04/04/2019,119.3600006,128.0700073,,129.1629618
05/04/2019,119.8899994,126.2200012,126.2200012,126.2200012
08/04/2019,119.9300003,126.9000015,126.9000015,126.9000015
09/04/2019,119.2799988,127.6699982,,129.1043659
10/04/2019,120.1900024,126.1800003,126.1800003,126.1800003
11/04/2019,120.3300018,126.2399979,126.2399979,126.2399979
12/04/2019,120.9499969,126.1600037,,128.6423049
15/04/2019,121.0500031,124.9400024,124.9400024,124.9400024
16/04/2019,120.7699966,125.7300034,125.7300034,125.7300034
17/04/2019,121.7699966,123.6800003,,127.6838171
18/04/2019,123.3700027,119.8399963,119.8399963,119.8399963
22/04/2019,123.7600021,123.1600037,123.1600037,123.1600037
23/04/2019,125.4400024,125.8300018,,125.7895819
24/04/2019,125.0100021,127.8199997,127.8199997,127.8199997
25/04/2019,129.1499939,131.3999939,131.3999939,131.3999939
26/04/2019,129.8899994,132.6000061,,126.1953529
29/04/2019,129.7700043,132.1000061,132.1000061,132.1000061
30/04/2019,130.6000061,131.4900055,131.4900055,131.4900055
01/05/2019,127.8799973,132.3200073,,127.5845643
02/05/2019,126.2099991,132.4499969,132.4499969,132.4499969
03/05/2019,128.8999939,132.8500061,132.8500061,132.8500061
06/05/2019,128.1499939,135.1600037,,129.0491463
07/05/2019,125.5199966,135.6900024,135.6900024,135.6900024
08/05/2019,125.5100021,136.9499969,136.9499969,136.9499969
09/05/2019,125.5,136.9700012,,131.2132133
10/05/2019,127.1299973,137.7799988,137.7799988,137.7799988
13/05/2019,123.3499985,133.4299927,133.4299927,133.4299927
14/05/2019,124.7300034,133.9299927,,133.0084096
15/05/2019,126.0199966,134.1499939,134.1499939,134.1499939
16/05/2019,128.9299927,133.9600067,133.9600067,133.9600067
17/05/2019,128.0700073,135.6799927,,134.4815497
20/05/2019,126.2200012,136.5800018,136.5800018,136.5800018
21/05/2019,126.9000015,137.4600067,137.4600067,137.4600067
22/05/2019,127.6699982,137.0599976,,136.4388159
23/05/2019,126.1800003,136.9600067,136.9600067,136.9600067
24/05/2019,126.2399979,136.4600067,136.4600067,136.4600067
28/05/2019,126.1600037,137.8500061,,137.9786194
29/05/2019,124.9400024,138.3999939,138.3999939,138.3999939
30/05/2019,125.7300034,138.8999939,138.8999939,138.8999939
31/05/2019,123.6800003,138.8999939,,139.4670937
03/06/2019,119.8399963,137.0800018,137.0800018,137.0800018
04/06/2019,123.1600037,136.2700043,136.2700043,136.2700043
05/06/2019,125.8300018,136.4199982,,139.315932
06/06/2019,127.8199997,136.6199951,136.6199951,136.6199951
07/06/2019,131.3999939,138.4299927,138.4299927,138.4299927
10/06/2019,132.6000061,139.2899933,,139.5328154
11/06/2019,132.1000061,140.7200012,140.7200012,140.7200012
12/06/2019,131.4900055,140.1900024,140.1900024,140.1900024
13/06/2019,132.3200073,141.3399963,,140.2745433
14/06/2019,132.4499969,141.0299988,141.0299988,141.0299988
17/06/2019,132.8500061,140.3500061,140.3500061,140.3500061
18/06/2019,135.1600037,136.2700043,,140.7918736
19/06/2019,135.6900024,138.0599976,138.0599976,138.0599976
20/06/2019,136.9499969,136.8999939,136.8999939,136.8999939
21/06/2019,136.9700012,132.2100067,,140.6426821
24/06/2019,137.7799988,134.6900024,134.6900024,134.6900024
25/06/2019,133.4299927,135.2799988,135.2799988,135.2799988
26/06/2019,133.9299927,138.8899994,,139.6832522
27/06/2019,134.1499939,137.7100067,137.7100067,137.7100067
28/06/2019,133.9600067,135.7899933,135.7899933,135.7899933
01/07/2019,135.6799927,138.6000061,,138.7971284
02/07/2019,136.5800018,133.9799957,133.9799957,133.9799957
03/07/2019,137.4600067,133.6799927,133.6799927,133.6799927
05/07/2019,137.0599976,136.1300049,,137.3877953
08/07/2019,136.9600067,138.4100037,138.4100037,138.4100037
09/07/2019,136.4600067,137.2599945,137.2599945,137.2599945
10/07/2019,137.8500061,138.7899933,,136.9623866
11/07/2019,138.3999939,137.7799988,137.7799988,137.7799988
12/07/2019,138.8999939,133.3899994,133.3899994,133.3899994
15/07/2019,138.8999939,135.4499969,,136.2501492
16/07/2019,137.0800018,135.7400055,135.7400055,135.7400055
17/07/2019,136.2700043,135.5599976,135.5599976,135.5599976
18/07/2019,136.4199982,138.1199951,,135.4712919
19/07/2019,136.6199951,137.8600006,137.8600006,137.8600006
22/07/2019,138.4299927,136.0399933,136.0399933,136.0399933
23/07/2019,139.2899933,137.6300049,,135.120153
24/07/2019,140.7200012,140.0500031,140.0500031,140.0500031
25/07/2019,140.1900024,139.1000061,139.1000061,139.1000061
26/07/2019,141.3399963,137.5200043,,135.9120408
29/07/2019,141.0299988,136.0800018,136.0800018,136.0800018
30/07/2019,140.3500061,136.1199951,136.1199951,136.1199951
31/07/2019,136.2700043,137.5200043,,136.1497935
01/08/2019,138.0599976,137.3200073,137.3200073,137.3200073
02/08/2019,136.8999939,136.3300018,136.3300018,136.3300018
05/08/2019,132.2100067,137.3899994,,136.4467398
06/08/2019,134.6900024,138.5200043,138.5200043,138.5200043
07/08/2019,135.2799988,141.0700073,141.0700073,141.0700073
08/08/2019,138.8899994,139.4400024,,137.2723895
09/08/2019,137.7100067,139.1399994,139.1399994,139.1399994
12/08/2019,135.7899933,137.3800049,137.3800049,137.3800049
13/08/2019,138.6000061,139.3600006,,137.8721112
14/08/2019,133.9799957,139.5399933,139.5399933,139.5399933
15/08/2019,133.6799927,137.7299957,137.7299957,137.7299957
16/08/2019,136.1300049,139.0299988,,138.1370697
19/08/2019,138.4100037,137.0700073,137.0700073,137.0700073
20/08/2019,137.2599945,134.6499939,134.6499939,134.6499939
21/08/2019,138.7899933,136.2799988,,138.0263157
22/08/2019,137.7799988,138.1199951,138.1199951,138.1199951
23/08/2019,133.3899994,137.1199951,137.1199951,137.1199951
26/08/2019,135.4499969,135.6699982,,138.0668213
27/08/2019,135.7400055,138.2400055,138.2400055,138.2400055
28/08/2019,135.5599976,139.1000061,139.1000061,139.1000061
29/08/2019,138.1199951,139.6799927,,138.2170907
30/08/2019,137.8600006,139.5500031,139.5500031,139.5500031
03/09/2019,136.0399933,141.5700073,141.5700073,141.5700073
04/09/2019,137.6300049,140.4100037,,138.8286205
05/09/2019,140.0500031,139.6900024,139.6900024,139.6900024
06/09/2019,139.1000061,137.4100037,137.4100037,137.4100037
09/09/2019,137.5200043,138.4299927,,139.1421864
10/09/2019,136.0800018,136.3699951,136.3699951,136.3699951
11/09/2019,136.1199951,137.2400055,137.2400055,137.2400055
12/09/2019,137.5200043,139.9400024,,138.6120577
13/09/2019,137.3200073,140.7299957,140.7299957,140.7299957
16/09/2019,136.3300018,144.1900024,144.1900024,144.1900024
17/09/2019,137.3899994,142.8300018,,139.4621847
18/09/2019,138.5200043,144.6100006,144.6100006,144.6100006
19/09/2019,141.0700073,143.3699951,143.3699951,143.3699951
20/09/2019,139.4400024,143.7200012,,140.9340179
23/09/2019,139.1399994,144.5500031,144.5500031,144.5500031
24/09/2019,137.3800049,144.4600067,144.4600067,144.4600067
25/09/2019,139.3600006,144.0599976,,142.348965
26/09/2019,139.5399933,144.2599945,144.2599945,144.2599945
27/09/2019,137.7299957,145.9600067,145.9600067,145.9600067
30/09/2019,139.0299988,146.1100006,,143.8682695
01/10/2019,137.0700073,147.0700073,147.0700073,147.0700073
02/10/2019,134.6499939,147.3099976,147.3099976,147.3099976
03/10/2019,136.2799988,148.0599976,,145.3682953
04/10/2019,138.1199951,149.9700012,149.9700012,149.9700012
07/10/2019,137.1199951,150.3399963,150.3399963,150.3399963
08/10/2019,135.6699982,150.3899994,,147.45611
09/10/2019,138.2400055,149.6199951,149.6199951,149.6199951
10/10/2019,139.1000061,149.4799957,149.4799957,149.4799957
11/10/2019,139.6799927,149.5899963,,149.147291
14/10/2019,139.5500031,151.2299957,151.2299957,151.2299957
15/10/2019,141.5700073,152.0299988,152.0299988,152.0299988
16/10/2019,140.4100037,152.3200073,,151.2181909
17/10/2019,139.6900024,151.3800049,151.3800049,151.3800049
18/10/2019,137.4100037,149.5500031,149.5500031,149.5500031
21/10/2019,138.4299927,149.3099976,,152.3700227
22/10/2019,136.3699951,149.8500061,149.8500061,149.8500061
23/10/2019,137.2400055,149.9299927,149.9299927,149.9299927
24/10/2019,139.9400024,151.75,,152.5869342
25/10/2019,140.7299957,151.3600006,151.3600006,151.3600006
28/10/2019,144.1900024,151.1300049,151.1300049,151.1300049
29/10/2019,142.8300018,151.6999969,,153.1400853
30/10/2019,144.6100006,153.2400055,153.2400055,153.2400055
31/10/2019,143.3699951,154.5299988,154.5299988,154.5299988
01/11/2019,143.7200012,155.5299988,,154.1002206
04/11/2019,144.5500031,154.6900024,154.6900024,154.6900024
05/11/2019,144.4600067,154.3699951,154.3699951,154.3699951
06/11/2019,144.0599976,155.7100067,,154.8617404
07/11/2019,144.2599945,157.4100037,157.4100037,157.4100037
08/11/2019,145.9600067,157.4100037,157.4100037,157.4100037
11/11/2019,146.1100006,157.3800049,,155.971837
12/11/2019,147.0700073,158.6699982,158.6699982,158.6699982
13/11/2019,147.3099976,158.9600067,158.9600067,158.9600067
14/11/2019,148.0599976,157.5899963,,157.2549107
15/11/2019,149.9700012,157.6999969,157.6999969,157.6999969
18/11/2019,150.3399963,160.6199951,160.6199951,160.6199951
19/11/2019,150.3899994,158.6199951,,158.6271688
20/11/2019,149.6199951,159.0299988,159.0299988,159.0299988
21/11/2019,149.4799957,157.5800018,157.5800018,157.5800018
22/11/2019,149.5899963,160.0899963,,159.4348455
25/11/2019,151.2299957,162.0899963,162.0899963,162.0899963
26/11/2019,152.0299988,161.3399963,161.3399963,161.3399963
27/11/2019,152.3200073,163.2799988,,161.0473406
29/11/2019,151.3800049,162.1300049,162.1300049,162.1300049
02/12/2019,149.5500031,163.1799927,163.1799927,163.1799927
03/12/2019,149.3099976,166.1699982,,162.5028213
04/12/2019,149.8500061,167.1000061,167.1000061,167.1000061
05/12/2019,149.9299927,166.5,166.5,166.5
06/12/2019,151.75,165.6999969,,164.486982
09/12/2019,151.3600006,166.7200012,166.7200012,166.7200012
10/12/2019,151.1300049,165.0399933,165.0399933,165.0399933
11/12/2019,151.6999969,162.2799988,,165.8232513
12/12/2019,153.2400055,165.4600067,165.4600067,165.4600067
13/12/2019,154.5299988,168.0399933,168.0399933,168.0399933
16/12/2019,155.5299988,172.7799988,,167.1520342
17/12/2019,154.6900024,170.2299957,170.2299957,170.2299957
18/12/2019,154.3699951,174.3800049,174.3800049,174.3800049
19/12/2019,155.7100067,180.1199951,,169.4394234
20/12/2019,157.4100037,179.8999939,179.8999939,179.8999939
23/12/2019,157.4100037,183.6300049,183.6300049,183.6300049
24/12/2019,157.3800049,183.8899994,,173.8472033
26/12/2019,158.6699982,188.6999969,188.6999969,188.6999969
27/12/2019,158.9600067,184.4400024,184.4400024,184.4400024
30/12/2019,157.5899963,184.7100067,,178.9788042
31/12/2019,157.6999969,183.7100067,183.7100067,183.7100067
02/01/2020,160.6199951,185.3500061,185.3500061,185.3500061
03/01/2020,158.6199951,187.2299957,,182.9312884
06/01/2020,159.0299988,187.2799988,187.2799988,187.2799988
07/01/2020,157.5800018,184.4199982,184.4199982,184.4199982
08/01/2020,160.0899963,178.5899963,,186.2474486
09/01/2020,162.0899963,170.8899994,170.8899994,170.8899994
10/01/2020,161.3399963,168.0700073,168.0700073,168.0700073
13/01/2020,163.2799988,170.1699982,,184.8952298
14/01/2020,162.1300049,158.1799927,158.1799927,158.1799927
15/01/2020,163.1799927,162.0099945,162.0099945,162.0099945
16/01/2020,166.1699982,172.7899933,,180.5236782
17/01/2020,167.1000061,164.5099945,164.5099945,164.5099945
21/01/2020,166.5,170.5500031,170.5500031,170.5500031
22/01/2020,165.6999969,166.2700043,,177.8378266
23/01/2020,166.7200012,161.5700073,161.5700073,161.5700073
24/01/2020,165.0399933,150.6199951,150.6199951,150.6199951
27/01/2020,162.2799988,160.9199982,,171.6187406
28/01/2020,165.4600067,153.6300049,153.6300049,153.6300049
29/01/2020,168.0399933,139.0599976,139.0599976,139.0599976
30/01/2020,172.7799988,158.8300018,,162.6024137
31/01/2020,170.2299957,135.4199982,135.4199982,135.4199982
03/02/2020,174.3800049,146.5700073,146.5700073,146.5700073
04/02/2020,180.1199951,140.3999939,,152.8731415
05/02/2020,179.8999939,142.7100067,142.7100067,142.7100067
06/02/2020,183.6300049,137.3500061,137.3500061,137.3500061
07/02/2020,183.8899994,135.9799957,,144.548813
10/02/2020,188.6999969,148.3399963,148.3399963,148.3399963
11/02/2020,184.4400024,146.9199982,146.9199982,146.9199982
12/02/2020,184.7100067,156.1100006,,140.1523207
13/02/2020,183.7100067,149.6999969,149.6999969,149.6999969
14/02/2020,185.3500061,160.2299957,160.2299957,160.2299957
18/02/2020,187.2299957,157.7100067,,139.2858521
19/02/2020,187.2799988,152.1100006,152.1100006,152.1100006
20/02/2020,184.4199982,155.2599945,155.2599945,155.2599945
21/02/2020,178.5899963,153.8300018,,140.3897216
24/02/2020,170.8899994,165.2700043,165.2700043,165.2700043
25/02/2020,168.0700073,163.4900055,163.4900055,163.4900055
26/02/2020,170.1699982,165.1300049,,144.313813
27/02/2020,158.1799927,165.1399994,165.1399994,165.1399994
28/02/2020,162.0099945,165.5099945,165.5099945,165.5099945
02/03/2020,172.7899933,173.6999969,,148.5698671
03/03/2020,164.5099945,171.8800049,171.8800049,171.8800049
04/03/2020,170.5500031,177.0399933,177.0399933,177.0399933
05/03/2020,166.2700043,178.6000061,,156.8529894
06/03/2020,161.5700073,175.0599976,175.0599976,175.0599976
09/03/2020,150.6199951,167.8200073,167.8200073,167.8200073
10/03/2020,160.9199982,173.5200043,,163.8861846
11/03/2020,153.6300049,171.4199982,171.4199982,171.4199982
12/03/2020,139.0599976,174.5500031,174.5500031,174.5500031
13/03/2020,158.8300018,174.0500031,,170.102641
16/03/2020,135.4199982,169.8099976,169.8099976,169.8099976
17/03/2020,146.5700073,177.4299927,177.4299927,177.4299927
18/03/2020,140.3999939,179.2100067,,174.7693566
19/03/2020,142.7100067,174.5700073,174.5700073,174.5700073
20/03/2020,137.3500061,178.8399963,178.8399963,178.8399963
23/03/2020,135.9799957,180.7599945,,178.4562699
24/03/2020,148.3399963,182.5399933,182.5399933,182.5399933
25/03/2020,146.9199982,183.6000061,183.6000061,183.6000061
26/03/2020,156.1100006,184.6799927,,182.6710104
27/03/2020,149.6999969,186.7400055,186.7400055,186.7400055
30/03/2020,160.2299957,182.5099945,182.5099945,182.5099945
31/03/2020,157.7100067,179.75,,186.3424472
01/04/2020,152.1100006,180.5299988,180.5299988,180.5299988
02/04/2020,155.2599945,183.1600037,183.1600037,183.1600037
03/04/2020,153.8300018,184.9100037,,187.5718169
06/04/2020,165.2700043,183.6300049,183.6300049,183.6300049
07/04/2020,163.4900055,185.6600037,185.6600037,185.6600037
08/04/2020,165.1300049,183.4299927,,189.2297482
09/04/2020,165.1399994,183.5099945,183.5099945,183.5099945
13/04/2020,165.5099945,181.5700073,181.5700073,181.5700073
14/04/2020,173.6999969,181.8099976,,189.2829957
15/04/2020,171.8800049,181.3999939,181.3999939,181.3999939
16/04/2020,177.0399933,183.25,183.25,183.25
17/04/2020,178.6000061,182.8300018,,189.365775
20/04/2020,175.0599976,184.9100037,184.9100037,184.9100037
21/04/2020,167.8200073,185.3600006,185.3600006,185.3600006
22/04/2020,173.5200043,182.9199982,,189.3329102
23/04/2020,171.4199982,187.1999969,187.1999969,187.1999969
24/04/2020,174.5500031,188.3600006,188.3600006,188.3600006
27/04/2020,174.0500031,189.8000031,,189.5354666
28/04/2020,169.8099976,196.8399963,196.8399963,196.8399963
29/04/2020,177.4299927,186.2700043,186.2700043,186.2700043
30/04/2020,179.2100067,187.7400055,,190.1605686
01/05/2020,174.5700073,188.9400024,188.9400024,188.9400024
04/05/2020,178.8399963,193.5700073,193.5700073,193.5700073
05/05/2020,180.7599945,194.2400055,,190.5747551
06/05/2020,182.5399933,196.3200073,196.3200073,196.3200073
07/05/2020,183.6000061,195.1499939,195.1499939,195.1499939
08/05/2020,184.6799927,200.5700073,,192.4577289
11/05/2020,186.7400055,201.9100037,201.9100037,201.9100037
12/05/2020,182.5099945,197.8399963,197.8399963,197.8399963
13/05/2020,179.75,200.3399963,,195.4148243
14/05/2020,180.5299988,196.3300018,196.3300018,196.3300018
15/05/2020,183.1600037,198.4400024,198.4400024,198.4400024
18/05/2020,184.9100037,203.5099945,,197.2147565
19/05/2020,183.6300049,204.6999969,204.6999969,204.6999969
20/05/2020,185.6600037,206.2599945,206.2599945,206.2599945
21/05/2020,183.4299927,210.6999969,,200.9340675
22/05/2020,183.5099945,208.25,208.25,208.25
26/05/2020,181.5700073,212.8300018,212.8300018,212.8300018
27/05/2020,181.8099976,214.3200073,,205.1957677
28/05/2020,181.3999939,213.6699982,213.6699982,213.6699982
29/05/2020,183.25,207.0700073,207.0700073,207.0700073
01/06/2020,182.8300018,208.3500061,,208.5166536
02/06/2020,184.9100037,208.0399933,208.0399933,208.0399933
03/06/2020,185.3600006,203.9199982,203.9199982,203.9199982
04/06/2020,182.9199982,202.8800049,,210.1486456
05/06/2020,187.1999969,211.6000061,211.6000061,211.6000061
08/06/2020,188.3600006,208.75,208.75,208.75
09/06/2020,189.8000031,211.75,,212.1954813
10/06/2020,196.8399963,202.5399933,202.5399933,202.5399933
11/06/2020,186.2700043,201.3000031,201.3000031,201.3000031
12/06/2020,187.7400055,203.8500061,,211.7511015
15/06/2020,188.9400024,202.0200043,202.0200043,202.0200043
16/06/2020,193.5700073,204.0599976,204.0599976,204.0599976
17/06/2020,194.2400055,203.8999939,,210.662608
18/06/2020,196.3200073,205.0099945,205.0099945,205.0099945
19/06/2020,195.1499939,216.5399933,216.5399933,216.5399933
22/06/2020,200.5700073,213.2899933,,211.1974456
23/06/2020,201.9100037,212.9400024,212.9400024,212.9400024
24/06/2020,197.8399963,216.3500061,216.3500061,216.3500061
25/06/2020,200.3399963,212.4799957,,212.4910509
26/06/2020,196.3300018,208.25,208.25,208.25
29/06/2020,198.4400024,203.3800049,203.3800049,203.3800049
30/06/2020,203.5099945,209.1900024,,210.6544757
01/07/2020,204.6999969,208.6999969,208.6999969,208.6999969
02/07/2020,206.2599945,208.8999939,208.8999939,208.8999939
06/07/2020,210.6999969,210.2799988,,209.9828719
07/07/2020,208.25,211.4900055,211.4900055,211.4900055
08/07/2020,212.8300018,209.6999969,209.6999969,209.6999969
09/07/2020,214.3200073,214.5800018,,210.2771025
10/07/2020,213.6699982,213.0200043,213.0200043,213.0200043
13/07/2020,207.0700073,213.6900024,213.6900024,213.6900024
14/07/2020,208.3500061,216.4700012,,211.469523
15/07/2020,208.0399933,221.1499939,221.1499939,221.1499939
16/07/2020,203.9199982,226.5800018,226.5800018,226.5800018
17/07/2020,202.8800049,228.9100037,,214.8411433
20/07/2020,211.6000061,225.5299988,225.5299988,225.5299988
21/07/2020,208.75,227.2700043,227.2700043,227.2700043
22/07/2020,211.75,231.6499939,,219.1747737
23/07/2020,202.5399933,217.3000031,217.3000031,217.3000031
24/07/2020,201.3000031,214.25,214.25,214.25
27/07/2020,203.8500061,202.6600037,,219.6440654
28/07/2020,202.0200043,211.2899933,211.2899933,211.2899933
29/07/2020,204.0599976,205.3699951,205.3699951,205.3699951
30/07/2020,203.8999939,204.0299988,,217.7555637
31/07/2020,205.0099945,205.4100037,205.4100037,205.4100037
03/08/2020,216.5399933,208.7799988,208.7799988,208.7799988
04/08/2020,213.2899933,205.0500031,,215.9828232
05/08/2020,212.9400024,202.9100037,202.9100037,202.9100037
06/08/2020,216.3500061,200.3899994,200.3899994,200.3899994
07/08/2020,212.4799957,202.5399933,,213.2573035
10/08/2020,208.25,207.4199982,207.4199982,207.4199982
11/08/2020,203.3800049,200.5899963,200.5899963,200.5899963
12/08/2020,209.1900024,203.1900024,,210.0954009
13/08/2020,208.6999969,207.8200073,207.8200073,207.8200073
14/08/2020,208.8999939,209.4400024,209.4400024,209.4400024
17/08/2020,210.2799988,207.2599945,,208.0541866
18/08/2020,211.4900055,210.3300018,210.3300018,210.3300018
19/08/2020,209.6999969,212.4600067,212.4600067,212.4600067
20/08/2020,214.5800018,206.1900024,,206.6870759
21/08/2020,213.0200043,210.3800049,210.3800049,210.3800049
24/08/2020,213.6900024,205.9100037,205.9100037,205.9100037
25/08/2020,216.4700012,209.8300018,,204.7467349
26/08/2020,221.1499939,210.5800018,210.5800018,210.5800018
27/08/2020,226.5800018,215.8099976,215.8099976,215.8099976
28/08/2020,228.9100037,221.3999939,,205.6852773
31/08/2020,225.5299988,222.8600006,222.8600006,222.8600006
01/09/2020,227.2700043,220.8600006,220.8600006,220.8600006
02/09/2020,231.6499939,219.6600037,,210.0281167
03/09/2020,217.3000031,219.6600037,219.6600037,219.6600037
04/09/2020,214.25,214.2200012,214.2200012,214.2200012
08/09/2020,202.6600037,214.6499939,,212.8660913
09/09/2020,211.2899933,214.8000031,214.8000031,214.8000031
10/09/2020,205.3699951,214.8899994,214.8899994,214.8899994
11/09/2020,204.0299988,216.2299957,,214.6650889
14/09/2020,205.4100037,210.0800018,210.0800018,210.0800018
15/09/2020,208.7799988,213.25,213.25,213.25
16/09/2020,205.0500031,202.6799927,,215.4187411
17/09/2020,202.9100037,204.7200012,204.7200012,204.7200012
18/09/2020,200.3899994,202.4700012,202.4700012,202.4700012
21/09/2020,202.5399933,202.3300018,,213.2447299
22/09/2020,207.4199982,206.4299927,206.4299927,206.4299927
23/09/2020,200.5899963,216.3899994,216.3899994,216.3899994
24/09/2020,203.1900024,223.2899933,,212.8569102
25/09/2020,207.8200073,223.7200012,223.7200012,223.7200012
28/09/2020,209.4400024,218.3899994,218.3899994,218.3899994
29/09/2020,207.2599945,211.0099945,,214.8421428
30/09/2020,210.3300018,216.5500031,216.5500031,216.5500031
01/10/2020,212.4600067,215.4400024,215.4400024,215.4400024
02/10/2020,206.1900024,216.5099945,,215.5038896
05/10/2020,210.3800049,217.2299957,217.2299957,217.2299957
06/10/2020,205.9100037,214.4600067,214.4600067,214.4600067
07/10/2020,209.8300018,211.0800018,,215.3473736
08/10/2020,210.5800018,212.4199982,212.4199982,212.4199982
09/10/2020,215.8099976,210.3899994,210.3899994,210.3899994
12/10/2020,221.3999939,210.1100006,,214.1288579
13/10/2020,222.8600006,213.8600006,213.8600006,213.8600006
14/10/2020,220.8600006,213.8699951,213.8699951,213.8699951
15/10/2020,219.6600037,215.2299957,,214.5597809
16/10/2020,219.6600037,214.0700073,214.0700073,214.0700073
19/10/2020,214.2200012,216.2100067,216.2100067,216.2100067
20/10/2020,214.6499939,215.3699951,,215.1769898
21/10/2020,214.8000031,214.2400055,214.2400055,214.2400055
22/10/2020,214.8899994,214.3600006,214.3600006,214.3600006
23/10/2020,216.2299957,214.2899933,,215.5473848
26/10/2020,210.0800018,216.0099945,216.0099945,216.0099945
27/10/2020,213.25,211.8000031,211.8000031,211.8000031
28/10/2020,202.6799927,210.5200043,,215.513404
29/10/2020,204.7200012,213.2599945,213.2599945,213.2599945
30/10/2020,202.4700012,214.1999969,214.1999969,214.1999969
02/11/2020,202.3300018,214.1300049,,214.2944837
03/11/2020,206.4299927,219.2799988,219.2799988,219.2799988
04/11/2020,216.3899994,219.4199982,219.4199982,219.4199982
05/11/2020,223.2899933,218.5899963,,214.8098364
06/11/2020,223.7200012,222.5899963,222.5899963,222.5899963
09/11/2020,218.3899994,223.9400024,223.9400024,223.9400024
10/11/2020,211.0099945,221.0200043,,217.395075
11/11/2020,216.5500031,222.75,222.75,222.75
12/11/2020,215.4400024,224.9600067,224.9600067,224.9600067
13/11/2020,216.5099945,224.1499939,,219.7373578
16/11/2020,217.2299957,221.6799927,221.6799927,221.6799927
17/11/2020,214.4600067,222.4199982,222.4199982,222.4199982
