Date,Close,Close_ahead30,Close_ahead30_missing33
2017-03-31,35.915000915527344,38.92499923706055,38.92499923706055
2017-04-03,35.92499923706055,38.86750030517578,38.86750030517578
2017-04-04,36.192501068115234,37.5625,
2017-04-05,36.005001068115234,38.1349983215332,38.1349983215332
2017-04-06,35.915000915527344,38.26499938964844,38.26499938964844
2017-04-07,35.834999084472656,38.497501373291016,
2017-04-10,35.79249954223633,38.45000076293945,38.45000076293945
2017-04-11,35.407501220703125,38.334999084472656,38.334999084472656
2017-04-12,35.45000076293945,38.467498779296875,
2017-04-13,35.26250076293945,38.40250015258789,38.40250015258789
2017-04-17,35.45750045776367,38.41749954223633,38.41749954223633
2017-04-18,35.29999923706055,38.189998626708984,
2017-04-19,35.16999816894531,38.29499816894531,38.29499816894531
2017-04-20,35.61000061035156,38.86249923706055,38.86249923706055
2017-04-21,35.567501068115234,38.48249816894531,
2017-04-24,35.90999984741211,38.61249923706055,38.61249923706055
2017-04-25,36.13249969482422,38.842498779296875,38.842498779296875
2017-04-26,35.91999816894531,38.747501373291016,
2017-04-27,35.9474983215332,37.244998931884766,37.244998931884766
2017-04-28,35.912498474121094,36.35499954223633,36.35499954223633
2017-05-01,36.64500045776367,36.647499084472656,
2017-05-02,36.877498626708984,36.290000915527344,36.290000915527344
2017-05-03,36.76499938964844,36.0724983215332,36.0724983215332
2017-05-04,36.63249969482422,35.567501068115234,
2017-05-05,37.2400016784668,36.584999084472656,36.584999084472656
2017-05-08,38.252498626708984,36.252498626708984,36.252498626708984
2017-05-09,38.497501373291016,36.467498779296875,
2017-05-10,38.314998626708984,36.407501220703125,36.407501220703125
2017-05-11,38.48749923706055,36.56999969482422,36.56999969482422
2017-05-12,39.025001525878906,36.45500183105469,
2017-05-15,38.92499923706055,35.932498931884766,35.932498931884766
2017-05-16,38.86750030517578,36.45750045776367,36.45750045776367
2017-05-17,37.5625,35.91999816894531,
2017-05-18,38.1349983215332,36.005001068115234,36.005001068115234
2017-05-19,38.26499938964844,35.875,35.875
2017-05-22,38.497501373291016,36.022499084472656,
2017-05-23,38.45000076293945,35.682498931884766,35.682498931884766
2017-05-24,38.334999084472656,36.04499816894531,36.04499816894531
2017-05-25,38.467498779296875,36.26499938964844,
2017-05-26,38.40250015258789,36.38249969482422,36.38249969482422
2017-05-30,38.41749954223633,36.435001373291016,36.435001373291016
2017-05-31,38.189998626708984,36.942501068115234,
2017-06-01,38.29499816894531,37.2599983215332,37.2599983215332
2017-06-02,38.86249923706055,37.38999938964844,37.38999938964844
2017-06-05,38.48249816894531,37.52000045776367,
2017-06-06,38.61249923706055,37.755001068115234,37.755001068115234
2017-06-07,38.842498779296875,37.584999084472656,37.584999084472656
2017-06-08,38.747501373291016,37.567501068115234,
2017-06-09,37.244998931884766,38.022499084472656,38.022499084472656
2017-06-12,36.35499954223633,38.185001373291016,38.185001373291016
2017-06-13,36.647499084472656,38.3650016784668,
2017-06-14,36.290000915527344,37.63999938964844,37.63999938964844
2017-06-15,36.0724983215332,37.375,37.375
2017-06-16,35.567501068115234,37.182498931884766,
2017-06-19,36.584999084472656,37.51250076293945,37.51250076293945
2017-06-20,36.252498626708984,39.28499984741211,39.28499984741211
2017-06-21,36.467498779296875,38.89250183105469,
2017-06-22,36.407501220703125,39.09749984741211,39.09749984741211
2017-06-23,36.56999969482422,39.70249938964844,39.70249938964844
2017-06-26,36.45500183105469,40.02000045776367,
2017-06-27,35.932498931884766,40.26499938964844,40.26499938964844
2017-06-28,36.45750045776367,38.83000183105469,38.83000183105469
2017-06-29,35.91999816894531,39.369998931884766,
2017-06-30,36.005001068115234,39.962501525878906,39.962501525878906
2017-07-03,35.875,40.400001525878906,40.400001525878906
2017-07-05,36.022499084472656,40.23749923706055,
2017-07-06,35.682498931884766,39.46500015258789,39.46500015258789
2017-07-07,36.04499816894531,39.375,39.375
2017-07-10,36.26499938964844,39.3025016784668,
2017-07-11,36.38249969482422,39.94499969482422,39.94499969482422
2017-07-12,36.435001373291016,39.994998931884766,39.994998931884766
2017-07-13,36.942501068115234,39.817501068115234,
2017-07-14,37.2599983215332,39.96500015258789,39.96500015258789
2017-07-17,37.38999938964844,40.36750030517578,40.36750030517578
2017-07-18,37.52000045776367,40.727500915527344,
2017-07-19,37.755001068115234,40.837501525878906,40.837501525878906
2017-07-20,37.584999084472656,41.0,41.0
2017-07-21,37.567501068115234,41.01250076293945,
2017-07-24,38.022499084472656,40.52000045776367,40.52000045776367
2017-07-25,38.185001373291016,40.477500915527344,40.477500915527344
2017-07-26,38.3650016784668,40.314998626708984,
2017-07-27,37.63999938964844,39.657501220703125,39.657501220703125
2017-07-28,37.375,40.375,40.375
2017-07-31,37.182498931884766,40.21500015258789,
2017-08-01,37.51250076293945,39.912498474121094,39.912498474121094
2017-08-02,39.28499984741211,39.56999969482422,39.56999969482422
2017-08-03,38.89250183105469,39.970001220703125,
2017-08-04,39.09749984741211,39.66749954223633,39.66749954223633
2017-08-07,39.70249938964844,39.682498931884766,39.682498931884766
2017-08-08,40.02000045776367,39.01750183105469,
2017-08-09,40.26499938964844,38.34749984741211,38.34749984741211
2017-08-10,38.83000183105469,37.97249984741211,37.97249984741211
2017-08-11,39.369998931884766,37.63750076293945,
2017-08-14,39.962501525878906,38.28499984741211,38.28499984741211
2017-08-15,40.400001525878906,38.557498931884766,38.557498931884766
2017-08-16,40.23749923706055,38.31999969482422,
2017-08-17,39.46500015258789,38.529998779296875,38.529998779296875
2017-08-18,39.375,38.45249938964844,38.45249938964844
2017-08-21,39.3025016784668,38.619998931884766,
2017-08-22,39.94499969482422,38.369998931884766,38.369998931884766
2017-08-23,39.994998931884766,38.84749984741211,38.84749984741211
2017-08-24,39.817501068115234,38.82500076293945,
2017-08-25,39.96500015258789,38.959999084472656,38.959999084472656
2017-08-28,40.36750030517578,38.974998474121094,38.974998474121094
2017-08-29,40.727500915527344,39.13750076293945,
2017-08-30,40.837501525878906,39.0,39.0
2017-08-31,41.0,39.247501373291016,39.247501373291016
2017-09-01,41.01250076293945,39.970001220703125,
2017-09-05,40.52000045776367,40.11750030517578,40.11750030517578
2017-09-06,40.477500915527344,39.939998626708984,39.939998626708984
2017-09-07,40.314998626708984,38.994998931884766,
2017-09-08,39.657501220703125,39.0625,39.0625
2017-09-11,40.375,39.04249954223633,39.04249954223633
2017-09-12,40.21500015258789,39.275001525878906,
2017-09-13,39.912498474121094,39.102500915527344,39.102500915527344
2017-09-14,39.56999969482422,39.352500915527344,39.352500915527344
2017-09-15,39.970001220703125,40.76250076293945,
2017-09-18,39.66749954223633,41.68000030517578,41.68000030517578
2017-09-19,39.682498931884766,42.2599983215332,42.2599983215332
2017-09-20,39.01750183105469,41.72249984741211,
2017-09-21,38.34749984741211,42.02750015258789,42.02750015258789
2017-09-22,37.97249984741211,43.125,43.125
2017-09-25,37.63750076293945,43.5625,
2017-09-26,38.28499984741211,43.70249938964844,43.70249938964844
2017-09-27,38.557498931884766,44.060001373291016,44.060001373291016
2017-09-28,38.31999969482422,43.970001220703125,
2017-09-29,38.529998779296875,43.66749954223633,43.66749954223633
2017-10-02,38.45249938964844,43.49250030517578,43.49250030517578
2017-10-03,38.619998931884766,42.834999084472656,
2017-10-04,38.369998931884766,42.27000045776367,42.27000045776367
2017-10-05,38.84749984741211,42.775001525878906,42.775001525878906
2017-10-06,38.82500076293945,42.537498474121094,
2017-10-09,38.959999084472656,42.494998931884766,42.494998931884766
2017-10-10,38.974998474121094,43.28499984741211,43.28499984741211
2017-10-11,39.13750076293945,43.7400016784668,
2017-10-12,39.0,43.74250030517578,43.74250030517578
2017-10-13,39.247501373291016,43.522499084472656,43.522499084472656
2017-10-16,39.970001220703125,43.26750183105469,
2017-10-17,40.11750030517578,42.369998931884766,42.369998931884766
2017-10-18,39.939998626708984,42.962501525878906,42.962501525878906
2017-10-19,38.994998931884766,42.76250076293945,
2017-10-20,39.0625,42.45000076293945,42.45000076293945
2017-10-23,39.04249954223633,42.40999984741211,42.40999984741211
2017-10-24,39.275001525878906,42.252498626708984,
2017-10-25,39.102500915527344,42.33000183105469,42.33000183105469
2017-10-26,39.352500915527344,42.342498779296875,42.342498779296875
2017-10-27,40.76250076293945,43.16749954223633,
2017-10-30,41.68000030517578,42.92499923706055,42.92499923706055
2017-10-31,42.2599983215332,43.067501068115234,43.067501068115234
2017-11-01,41.72249984741211,43.05500030517578,
2017-11-02,42.02750015258789,43.49250030517578,43.49250030517578
2017-11-03,43.125,44.10499954223633,44.10499954223633
2017-11-06,43.5625,43.6349983215332,
2017-11-07,43.70249938964844,43.587501525878906,43.587501525878906
2017-11-08,44.060001373291016,43.752498626708984,43.752498626708984
2017-11-09,43.970001220703125,43.752498626708984,
2017-11-10,43.66749954223633,42.64250183105469,42.64250183105469
2017-11-13,43.49250030517578,42.650001525878906,42.650001525878906
2017-11-14,42.834999084472656,42.77000045776367,
2017-11-15,42.27000045776367,42.307498931884766,42.307498931884766
2017-11-16,42.775001525878906,43.064998626708984,43.064998626708984
2017-11-17,42.537498474121094,43.057498931884766,
2017-11-20,42.494998931884766,43.25749969482422,43.25749969482422
2017-11-21,43.28499984741211,43.75,43.75
2017-11-22,43.7400016784668,43.587501525878906,
2017-11-24,43.74250030517578,43.58250045776367,43.58250045776367
2017-11-27,43.522499084472656,43.5724983215332,43.5724983215332
2017-11-28,43.26750183105469,43.81999969482422,
2017-11-29,42.369998931884766,44.272499084472656,44.272499084472656
2017-11-30,42.962501525878906,44.04750061035156,44.04750061035156
2017-12-01,42.76250076293945,44.775001525878906,
2017-12-04,42.45000076293945,44.814998626708984,44.814998626708984
2017-12-05,42.40999984741211,44.6150016784668,44.6150016784668
2017-12-06,42.252498626708984,44.25,
2017-12-07,42.33000183105469,44.2599983215332,44.2599983215332
2017-12-08,42.342498779296875,43.55500030517578,43.55500030517578
2017-12-11,43.16749954223633,42.77750015258789,
2017-12-12,42.92499923706055,42.877498626708984,42.877498626708984
2017-12-13,43.067501068115234,41.9900016784668,41.9900016784668
2017-12-14,43.05500030517578,41.74250030517578,
2017-12-15,43.49250030517578,41.85749816894531,41.85749816894531
2017-12-18,44.10499954223633,41.94499969482422,41.94499969482422
2017-12-19,43.6349983215332,40.125,
2017-12-20,43.587501525878906,39.122501373291016,39.122501373291016
2017-12-21,43.752498626708984,40.75749969482422,40.75749969482422
2017-12-22,43.752498626708984,39.8849983215332,
2017-12-26,42.64250183105469,38.787498474121094,38.787498474121094
2017-12-27,42.650001525878906,39.102500915527344,39.102500915527344
2017-12-28,42.77000045776367,40.6775016784668,
2017-12-29,42.307498931884766,41.084999084472656,41.084999084472656
2018-01-02,43.064998626708984,41.842498779296875,41.842498779296875
2018-01-03,43.057498931884766,43.247501373291016,
2018-01-04,43.25749969482422,43.10749816894531,43.10749816894531
2018-01-05,43.75,42.962501525878906,42.962501525878906
2018-01-08,43.587501525878906,42.76750183105469,
2018-01-09,43.58250045776367,43.125,43.125
2018-01-10,43.5724983215332,43.875,43.875
2018-01-11,43.81999969482422,44.74250030517578,
2018-01-12,44.272499084472656,44.59749984741211,44.59749984741211
2018-01-16,44.04750061035156,44.529998779296875,44.529998779296875
2018-01-17,44.775001525878906,43.75,
2018-01-18,44.814998626708984,44.0525016784668,44.0525016784668
2018-01-19,44.6150016784668,44.20500183105469,44.20500183105469
2018-01-22,44.25,44.16749954223633,
2018-01-23,44.2599983215332,43.75749969482422,43.75749969482422
2018-01-24,43.55500030517578,44.23500061035156,44.23500061035156
2018-01-25,42.77750015258789,44.994998931884766,
2018-01-26,42.877498626708984,45.43000030517578,45.43000030517578
2018-01-29,41.9900016784668,44.99250030517578,44.99250030517578
2018-01-30,41.74250030517578,44.61000061035156,
2018-01-31,41.85749816894531,44.662498474121094,44.662498474121094
2018-02-01,41.94499969482422,44.505001068115234,44.505001068115234
2018-02-02,40.125,43.82500076293945,
2018-02-05,39.122501373291016,43.810001373291016,43.810001373291016
2018-02-06,40.75749969482422,42.817501068115234,42.817501068115234
2018-02-07,39.8849983215332,42.212501525878906,
2018-02-08,38.787498474121094,41.23500061035156,41.23500061035156
2018-02-09,39.102500915527344,43.192501068115234,43.192501068115234
2018-02-12,40.6775016784668,42.084999084472656,
2018-02-13,41.084999084472656,41.619998931884766,41.619998931884766
2018-02-14,41.842498779296875,41.94499969482422,41.94499969482422
2018-02-15,43.247501373291016,41.66999816894531,
2018-02-16,43.10749816894531,42.09749984741211,42.09749984741211
2018-02-20,42.962501525878906,42.90250015258789,42.90250015258789
2018-02-21,42.76750183105469,43.20000076293945,
2018-02-22,43.125,42.095001220703125,42.095001220703125
2018-02-23,43.875,42.51250076293945,42.51250076293945
2018-02-26,44.74250030517578,43.3125,
2018-02-27,44.59749984741211,43.11000061035156,43.11000061035156
2018-02-28,44.529998779296875,43.53499984741211,43.53499984741211
2018-03-01,43.75,43.682498931884766,
2018-03-02,44.0525016784668,43.95500183105469,43.95500183105469
2018-03-05,44.20500183105469,44.560001373291016,44.560001373291016
2018-03-06,44.16749954223633,44.459999084472656,
2018-03-07,43.75749969482422,43.20000076293945,43.20000076293945
2018-03-08,44.23500061035156,41.43000030517578,41.43000030517578
2018-03-09,44.994998931884766,41.310001373291016,
2018-03-12,45.43000030517578,40.73500061035156,40.73500061035156
2018-03-13,44.99250030517578,40.912498474121094,40.912498474121094
2018-03-14,44.61000061035156,41.05500030517578,
2018-03-15,44.662498474121094,40.58000183105469,40.58000183105469
2018-03-16,44.505001068115234,41.314998626708984,41.314998626708984
2018-03-19,43.82500076293945,42.275001525878906,
2018-03-20,43.810001373291016,44.14250183105469,44.14250183105469
2018-03-21,42.817501068115234,44.22249984741211,44.22249984741211
2018-03-22,42.212501525878906,45.95750045776367,
2018-03-23,41.23500061035156,46.290000915527344,46.290000915527344
2018-03-26,43.192501068115234,46.51250076293945,46.51250076293945
2018-03-27,42.084999084472656,46.84000015258789,
2018-03-28,41.619998931884766,47.5099983215332,47.5099983215332
2018-03-29,41.94499969482422,47.147499084472656,47.147499084472656
2018-04-02,41.66999816894531,47.037498474121094,
2018-04-03,42.09749984741211,46.61000061035156,46.61000061035156
2018-04-04,42.90250015258789,47.04499816894531,47.04499816894531
2018-04-05,43.20000076293945,46.747501373291016,
2018-04-06,42.095001220703125,46.57749938964844,46.57749938964844
2018-04-09,42.51250076293945,46.907501220703125,46.907501220703125
2018-04-10,43.3125,46.790000915527344,
2018-04-11,43.11000061035156,47.09000015258789,47.09000015258789
2018-04-12,43.53499984741211,47.037498474121094,47.037498474121094
2018-04-13,43.682498931884766,47.14500045776367,
2018-04-16,43.95500183105469,46.974998474121094,46.974998474121094
2018-04-17,44.560001373291016,46.875,46.875
2018-04-18,44.459999084472656,46.717498779296875,
2018-04-19,43.20000076293945,47.560001373291016,47.560001373291016
2018-04-20,41.43000030517578,47.95750045776367,47.95750045776367
2018-04-23,41.310001373291016,48.32749938964844,
2018-04-24,40.73500061035156,48.494998931884766,48.494998931884766
2018-04-25,40.912498474121094,48.3650016784668,48.3650016784668
2018-04-26,41.05500030517578,47.92499923706055,
2018-04-27,40.58000183105469,47.807498931884766,47.807498931884766
2018-04-30,41.314998626708984,48.06999969482422,48.06999969482422
2018-05-01,42.275001525878906,47.67499923706055,
2018-05-02,44.14250183105469,47.70000076293945,47.70000076293945
2018-05-03,44.22249984741211,47.209999084472656,47.209999084472656
2018-05-04,45.95750045776367,47.185001373291016,
2018-05-07,46.290000915527344,46.42250061035156,46.42250061035156
2018-05-08,46.51250076293945,46.625,46.625
2018-05-09,46.84000015258789,46.3650016784668,
2018-05-10,47.5099983215332,46.22999954223633,46.22999954223633
2018-05-11,47.147499084472656,45.54249954223633,45.54249954223633
2018-05-14,47.037498474121094,46.10749816894531,
2018-05-15,46.61000061035156,46.040000915527344,46.040000915527344
2018-05-16,47.04499816894531,46.375,46.375
2018-05-17,46.747501373291016,46.27750015258789,
2018-05-18,46.57749938964844,46.79499816894531,46.79499816894531
2018-05-21,46.907501220703125,45.97999954223633,45.97999954223633
2018-05-22,46.790000915527344,46.349998474121094,
2018-05-23,47.09000015258789,46.99250030517578,46.99250030517578
2018-05-24,47.037498474121094,47.64500045776367,47.64500045776367
2018-05-25,47.14500045776367,47.587501525878906,
2018-05-29,46.974998474121094,46.970001220703125,46.970001220703125
2018-05-30,46.875,47.75749969482422,47.75749969482422
2018-05-31,46.717498779296875,47.83250045776367,
2018-06-01,47.560001373291016,47.727500915527344,47.727500915527344
2018-06-04,47.95750045776367,47.86249923706055,47.86249923706055
2018-06-05,48.32749938964844,47.599998474121094,
2018-06-06,48.494998931884766,47.970001220703125,47.970001220703125
2018-06-07,48.3650016784668,47.86000061035156,47.86000061035156
2018-06-08,47.92499923706055,47.90250015258789,
2018-06-11,47.807498931884766,48.25,48.25
2018-06-12,48.06999969482422,48.70500183105469,48.70500183105469
2018-06-13,47.67499923706055,48.5525016784668,
2018-06-14,47.70000076293945,47.744998931884766,47.744998931884766
2018-06-15,47.209999084472656,47.477500915527344,47.477500915527344
2018-06-18,47.185001373291016,47.5724983215332,
2018-06-19,46.42250061035156,50.375,50.375
2018-06-20,46.625,51.84749984741211,51.84749984741211
2018-06-21,46.3650016784668,51.997501373291016,
2018-06-22,46.22999954223633,52.26750183105469,52.26750183105469
2018-06-25,45.54249954223633,51.77750015258789,51.77750015258789
2018-06-26,46.10749816894531,51.8125,
2018-06-27,46.040000915527344,52.220001220703125,52.220001220703125
2018-06-28,46.375,51.88249969482422,51.88249969482422
2018-06-29,46.27750015258789,52.217498779296875,
2018-07-02,46.79499816894531,52.4375,52.4375
2018-07-03,45.97999954223633,52.560001373291016,52.560001373291016
2018-07-05,46.349998474121094,53.33000183105469,
2018-07-06,46.99250030517578,54.39500045776367,54.39500045776367
2018-07-09,47.64500045776367,53.8650016784668,53.8650016784668
2018-07-10,47.587501525878906,53.7599983215332,
2018-07-11,46.970001220703125,53.76250076293945,53.76250076293945
2018-07-12,47.75749969482422,53.872501373291016,53.872501373291016
2018-07-13,47.83250045776367,54.040000915527344,
2018-07-16,47.727500915527344,54.48500061035156,54.48500061035156
2018-07-17,47.86249923706055,54.92499923706055,54.92499923706055
2018-07-18,47.599998474121094,55.744998931884766,
2018-07-19,47.970001220703125,56.25749969482422,56.25749969482422
2018-07-20,47.86000061035156,56.907501220703125,56.907501220703125
2018-07-23,47.90250015258789,57.09000015258789,
2018-07-24,48.25,56.717498779296875,56.717498779296875
2018-07-25,48.70500183105469,55.775001525878906,55.775001525878906
2018-07-26,48.5525016784668,55.32500076293945,
2018-07-27,47.744998931884766,54.58250045776367,54.58250045776367
2018-07-30,47.477500915527344,55.962501525878906,55.962501525878906
2018-07-31,47.5724983215332,55.26750183105469,
2018-08-01,50.375,56.602500915527344,56.602500915527344
2018-08-02,51.84749984741211,55.959999084472656,55.959999084472656
2018-08-03,51.997501373291016,54.470001220703125,
2018-08-06,52.26750183105469,54.560001373291016,54.560001373291016
2018-08-07,51.77750015258789,54.592498779296875,54.592498779296875
2018-08-08,51.8125,55.00749969482422,
2018-08-09,52.220001220703125,54.415000915527344,54.415000915527344
2018-08-10,51.88249969482422,55.1974983215332,55.1974983215332
2018-08-13,52.217498779296875,55.54750061035156,
2018-08-14,52.4375,55.10499954223633,55.10499954223633
2018-08-15,52.560001373291016,56.23749923706055,56.23749923706055
2018-08-16,53.33000183105469,56.435001373291016,
2018-08-17,54.39500045776367,56.814998626708984,56.814998626708984
2018-08-20,53.8650016784668,57.31999969482422,57.31999969482422
2018-08-21,53.7599983215332,58.01750183105469,
2018-08-22,53.76250076293945,56.997501373291016,56.997501373291016
2018-08-23,53.872501373291016,56.0724983215332,56.0724983215332
2018-08-24,54.040000915527344,55.942501068115234,
2018-08-27,54.48500061035156,56.717498779296875,56.717498779296875
2018-08-28,54.92499923706055,54.09000015258789,54.09000015258789
2018-08-29,55.744998931884766,53.61249923706055,
2018-08-30,56.25749969482422,55.52750015258789,55.52750015258789
2018-08-31,56.907501220703125,54.34000015258789,54.34000015258789
2018-09-04,57.09000015258789,55.537498474121094,
2018-09-05,56.717498779296875,55.29750061035156,55.29750061035156
2018-09-06,55.775001525878906,54.005001068115234,54.005001068115234
2018-09-07,55.32500076293945,54.82749938964844,
2018-09-10,54.58250045776367,55.162498474121094,55.162498474121094
2018-09-11,55.962501525878906,55.682498931884766,55.682498931884766
2018-09-12,55.26750183105469,53.772499084472656,
2018-09-13,56.602500915527344,54.95000076293945,54.95000076293945
2018-09-14,55.959999084472656,54.07500076293945,54.07500076293945
2018-09-17,54.470001220703125,53.060001373291016,
2018-09-18,54.560001373291016,53.32500076293945,53.32500076293945
2018-09-19,54.592498779296875,54.71500015258789,54.71500015258789
2018-09-20,55.00749969482422,55.55500030517578,
2018-09-21,54.415000915527344,51.869998931884766,51.869998931884766
2018-09-24,55.1974983215332,50.397499084472656,50.397499084472656
2018-09-25,55.54750061035156,50.942501068115234,
2018-09-26,55.10499954223633,52.48749923706055,52.48749923706055
2018-09-27,56.23749923706055,52.122501373291016,52.122501373291016
2018-09-28,56.435001373291016,51.11750030517578,
2018-10-01,56.814998626708984,48.54249954223633,48.54249954223633
2018-10-02,57.31999969482422,48.057498931884766,48.057498931884766
2018-10-03,58.01750183105469,46.70000076293945,
2018-10-04,56.997501373291016,47.852500915527344,47.852500915527344
2018-10-05,56.0724983215332,48.38249969482422,48.38249969482422
2018-10-08,55.942501068115234,46.46500015258789,
2018-10-09,56.717498779296875,44.244998931884766,44.244998931884766
2018-10-10,54.09000015258789,44.19499969482422,44.19499969482422
2018-10-11,53.61249923706055,43.0724983215332,
2018-10-12,55.52750015258789,43.654998779296875,43.654998779296875
2018-10-15,54.34000015258789,43.560001373291016,43.560001373291016
2018-10-16,55.537498474121094,45.23500061035156,
2018-10-17,55.29750061035156,44.88750076293945,44.88750076293945
2018-10-18,54.005001068115234,44.64500045776367,44.64500045776367
2018-10-19,54.82749938964844,46.20500183105469,
2018-10-22,55.162498474121094,44.17250061035156,44.17250061035156
2018-10-23,55.682498931884766,43.68000030517578,43.68000030517578
2018-10-24,53.772499084472656,42.122501373291016,
2018-10-25,54.95000076293945,42.400001525878906,42.400001525878906
2018-10-26,54.07500076293945,42.157501220703125,42.157501220703125
2018-10-29,53.060001373291016,42.275001525878906,
2018-10-30,53.32500076293945,42.73749923706055,42.73749923706055
2018-10-31,54.71500015258789,41.369998931884766,41.369998931884766
2018-11-01,55.55500030517578,40.98500061035156,
2018-11-02,51.869998931884766,41.51750183105469,41.51750183105469
2018-11-05,50.397499084472656,40.22249984741211,40.22249984741211
2018-11-06,50.942501068115234,39.20750045776367,
2018-11-07,52.48749923706055,37.682498931884766,37.682498931884766
2018-11-08,52.122501373291016,36.70750045776367,36.70750045776367
2018-11-09,51.11750030517578,39.29249954223633,
2018-11-12,48.54249954223633,39.037498474121094,39.037498474121094
2018-11-13,48.057498931884766,39.057498931884766,39.057498931884766
2018-11-14,46.70000076293945,39.435001373291016,
2018-11-15,47.852500915527344,39.47999954223633,39.47999954223633
2018-11-16,48.38249969482422,35.54750061035156,35.54750061035156
2018-11-19,46.46500015258789,37.064998626708984,
2018-11-20,44.244998931884766,36.98249816894531,36.98249816894531
2018-11-21,44.19499969482422,37.6875,37.6875
2018-11-23,43.0724983215332,38.32749938964844,
2018-11-26,43.654998779296875,38.45000076293945,38.45000076293945
2018-11-27,43.560001373291016,38.0724983215332,38.0724983215332
2018-11-28,45.23500061035156,37.5,
2018-11-29,44.88750076293945,38.26750183105469,38.26750183105469
2018-11-30,44.64500045776367,38.73500061035156,38.73500061035156
2018-12-03,46.20500183105469,38.96500015258789,
2018-12-04,44.17250061035156,39.20500183105469,39.20500183105469
2018-12-06,43.68000030517578,38.32500076293945,38.32500076293945
2018-12-07,42.122501373291016,38.47999954223633,
2018-12-10,42.400001525878906,38.17499923706055,38.17499923706055
2018-12-11,42.157501220703125,39.439998626708984,39.439998626708984
2018-12-12,42.275001525878906,39.07500076293945,
2018-12-13,42.73749923706055,38.66999816894531,38.66999816894531
2018-12-14,41.369998931884766,41.3125,41.3125
2018-12-17,40.98500061035156,41.61000061035156,
2018-12-18,41.51750183105469,41.630001068115234,41.630001068115234
2018-12-19,40.22249984741211,42.8125,42.8125
2018-12-20,39.20750045776367,43.54499816894531,
2018-12-21,37.682498931884766,43.560001373291016,43.560001373291016
2018-12-24,36.70750045776367,42.73500061035156,42.73500061035156
2018-12-26,39.29249954223633,42.602500915527344,
2018-12-27,39.037498474121094,42.35749816894531,42.35749816894531
2018-12-28,39.057498931884766,42.72249984741211,42.72249984741211
2018-12-31,39.435001373291016,42.54499816894531,
2019-01-02,39.47999954223633,42.70000076293945,42.70000076293945
2019-01-03,35.54750061035156,42.60499954223633,42.60499954223633
2019-01-04,37.064998626708984,42.73249816894531,
2019-01-07,36.98249816894531,43.00749969482422,43.00749969482422
2019-01-08,37.6875,42.76499938964844,42.76499938964844
2019-01-09,38.32749938964844,43.24250030517578,
2019-01-10,38.45000076293945,43.557498931884766,43.557498931884766
2019-01-11,38.0724983215332,43.58250045776367,43.58250045776367
2019-01-14,37.5,43.717498779296875,
2019-01-15,38.26750183105469,43.287498474121094,43.287498474121094
2019-01-16,38.73500061035156,43.74250030517578,43.74250030517578
2019-01-17,38.96500015258789,43.962501525878906,
2019-01-18,39.20500183105469,43.88249969482422,43.88249969482422
2019-01-22,38.32500076293945,43.630001068115234,43.630001068115234
2019-01-23,38.47999954223633,43.125,
2019-01-24,38.17499923706055,43.227500915527344,43.227500915527344
2019-01-25,39.439998626708984,44.724998474121094,44.724998474121094
2019-01-28,39.07500076293945,45.227500915527344,
2019-01-29,38.66999816894531,45.4275016784668,45.4275016784668
2019-01-30,41.3125,45.932498931884766,45.932498931884766
2019-01-31,41.61000061035156,46.529998779296875,
2019-02-01,41.630001068115234,47.005001068115234,47.005001068115234
2019-02-04,42.8125,46.63249969482422,46.63249969482422
2019-02-05,43.54499816894531,47.040000915527344,
2019-02-06,43.560001373291016,48.772499084472656,48.772499084472656
2019-02-07,42.73500061035156,47.76250076293945,47.76250076293945
2019-02-08,42.602500915527344,47.185001373291016,
2019-02-11,42.35749816894531,46.6974983215332,46.6974983215332
2019-02-12,42.72249984741211,47.11750030517578,47.11750030517578
2019-02-13,42.54499816894531,47.18000030517578,
2019-02-14,42.70000076293945,47.48749923706055,47.48749923706055
2019-02-15,42.60499954223633,47.810001373291016,47.810001373291016
2019-02-19,42.73249816894531,48.505001068115234,
2019-02-20,43.00749969482422,48.837501525878906,48.837501525878906
2019-02-21,42.76499938964844,48.92250061035156,48.92250061035156
2019-02-22,43.24250030517578,49.25,
2019-02-25,43.557498931884766,50.025001525878906,50.025001525878906
2019-02-26,43.58250045776367,49.875,49.875
2019-02-27,43.717498779296875,50.154998779296875,
2019-02-28,43.287498474121094,49.73749923706055,49.73749923706055
2019-03-01,43.74250030517578,49.717498779296875,49.717498779296875
2019-03-04,43.962501525878906,49.807498931884766,
2019-03-05,43.88249969482422,49.8125,49.8125
2019-03-06,43.630001068115234,50.782501220703125,50.782501220703125
2019-03-07,43.125,50.96500015258789,
2019-03-08,43.227500915527344,51.13249969482422,51.13249969482422
2019-03-11,44.724998474121094,51.869998931884766,51.869998931884766
2019-03-12,45.227500915527344,51.790000915527344,
2019-03-13,45.4275016784668,51.31999969482422,51.31999969482422
2019-03-14,45.932498931884766,51.07500076293945,51.07500076293945
2019-03-15,46.529998779296875,51.15250015258789,
2019-03-18,47.005001068115234,50.16749954223633,50.16749954223633
2019-03-19,46.63249969482422,52.630001068115234,52.630001068115234
2019-03-20,47.040000915527344,52.287498474121094,
2019-03-21,48.772499084472656,52.9375,52.9375
2019-03-22,47.76250076293945,52.119998931884766,52.119998931884766
2019-03-25,47.185001373291016,50.71500015258789,
2019-03-26,46.6974983215332,50.724998474121094,50.724998474121094
2019-03-27,47.11750030517578,50.18000030517578,50.18000030517578
2019-03-28,47.18000030517578,49.29499816894531,
2019-03-29,47.48749923706055,46.43000030517578,46.43000030517578
2019-04-01,47.810001373291016,47.165000915527344,47.165000915527344
2019-04-02,48.505001068115234,47.72999954223633,
2019-04-03,48.837501525878906,47.52000045776367,47.52000045776367
2019-04-04,48.92250061035156,47.25,47.25
2019-04-05,49.25,45.772499084472656,
2019-04-08,50.025001525878906,46.650001525878906,46.650001525878906
2019-04-09,49.875,45.69499969482422,45.69499969482422
2019-04-10,50.154998779296875,44.915000915527344,
2019-04-11,49.73749923706055,44.74250030517578,44.74250030517578
2019-04-12,49.717498779296875,44.557498931884766,44.557498931884766
2019-04-15,49.807498931884766,44.345001220703125,
2019-04-16,49.8125,44.57500076293945,44.57500076293945
2019-04-17,50.782501220703125,43.76750183105469,43.76750183105469
2019-04-18,50.96500015258789,43.32500076293945,
2019-04-22,51.13249969482422,44.90999984741211,44.90999984741211
2019-04-23,51.869998931884766,45.6349983215332,45.6349983215332
2019-04-24,51.790000915527344,46.30500030517578,
2019-04-25,51.31999969482422,47.537498474121094,47.537498474121094
2019-04-26,51.07500076293945,48.14500045776367,48.14500045776367
2019-04-29,51.15250015258789,48.70249938964844,
2019-04-30,50.16749954223633,48.54750061035156,48.54750061035156
2019-05-01,52.630001068115234,48.537498474121094,48.537498474121094
2019-05-02,52.287498474121094,48.185001373291016,
2019-05-03,52.9375,48.47249984741211,48.47249984741211
2019-05-06,52.119998931884766,49.61249923706055,49.61249923706055
2019-05-07,50.71500015258789,49.467498779296875,
2019-05-08,50.724998474121094,49.8650016784668,49.8650016784668
2019-05-09,50.18000030517578,49.69499969482422,49.69499969482422
2019-05-10,49.29499816894531,49.64500045776367,
2019-05-13,46.43000030517578,48.89250183105469,48.89250183105469
2019-05-14,47.165000915527344,49.95000076293945,49.95000076293945
2019-05-15,47.72999954223633,49.935001373291016,
2019-05-16,47.52000045776367,49.47999954223633,49.47999954223633
2019-05-17,47.25,50.38750076293945,50.38750076293945
2019-05-20,45.772499084472656,50.682498931884766,
2019-05-21,46.650001525878906,51.102500915527344,51.102500915527344
2019-05-22,45.69499969482422,51.057498931884766,51.057498931884766
2019-05-23,44.915000915527344,50.005001068115234,
2019-05-24,44.74250030517578,50.310001373291016,50.310001373291016
2019-05-28,44.557498931884766,50.807498931884766,50.807498931884766
2019-05-29,44.345001220703125,50.4375,
2019-05-30,44.57500076293945,50.82500076293945,50.82500076293945
2019-05-31,43.76750183105469,51.3025016784668,51.3025016784668
2019-06-03,43.32500076293945,51.125,
2019-06-04,44.90999984741211,50.837501525878906,50.837501525878906
2019-06-05,45.6349983215332,51.415000915527344,51.415000915527344
2019-06-06,46.30500030517578,50.647499084472656,
2019-06-07,47.537498474121094,51.80500030517578,51.80500030517578
2019-06-10,48.14500045776367,52.209999084472656,52.209999084472656
2019-06-11,48.70249938964844,52.16749954223633,
2019-06-12,48.54750061035156,51.755001068115234,51.755001068115234
2019-06-13,48.537498474121094,51.935001373291016,51.935001373291016
2019-06-14,48.185001373291016,52.41999816894531,
2019-06-17,48.47249984741211,52.19499969482422,52.19499969482422
2019-06-18,49.61249923706055,53.2599983215332,53.2599983215332
2019-06-19,49.467498779296875,52.10749816894531,
2019-06-20,49.8650016784668,51.005001068115234,51.005001068115234
2019-06-21,49.69499969482422,48.334999084472656,48.334999084472656
2019-06-24,49.64500045776367,49.25,
2019-06-25,48.89250183105469,49.7599983215332,49.7599983215332
2019-06-26,49.95000076293945,50.85749816894531,50.85749816894531
2019-06-27,49.935001373291016,50.247501373291016,
2019-06-28,49.47999954223633,50.119998931884766,50.119998931884766
2019-07-01,50.38750076293945,52.24250030517578,52.24250030517578
2019-07-02,50.682498931884766,50.6875,
2019-07-03,51.102500915527344,50.435001373291016,50.435001373291016
2019-07-05,51.057498931884766,51.625,51.625
2019-07-08,50.005001068115234,52.587501525878906,
2019-07-09,50.310001373291016,52.59000015258789,52.59000015258789
2019-07-10,50.807498931884766,53.15999984741211,53.15999984741211
2019-07-11,50.4375,53.1150016784668,
2019-07-12,50.82500076293945,50.65999984741211,50.65999984741211
2019-07-15,51.3025016784668,51.622501373291016,51.622501373291016
2019-07-16,51.125,51.040000915527344,
2019-07-17,50.837501525878906,51.38249969482422,51.38249969482422
2019-07-18,51.415000915527344,52.252498626708984,52.252498626708984
2019-07-19,50.647499084472656,52.185001373291016,
2019-07-22,51.80500030517578,51.42499923706055,51.42499923706055
2019-07-23,52.209999084472656,52.29750061035156,52.29750061035156
2019-07-24,52.16749954223633,53.31999969482422,
2019-07-25,51.755001068115234,53.314998626708984,53.314998626708984
2019-07-26,51.935001373291016,53.54249954223633,53.54249954223633
2019-07-29,52.41999816894531,54.17499923706055,
2019-07-30,52.19499969482422,55.897499084472656,55.897499084472656
2019-07-31,53.2599983215332,55.772499084472656,55.772499084472656
2019-08-01,52.10749816894531,54.6875,
2019-08-02,51.005001068115234,54.974998474121094,54.974998474121094
2019-08-05,48.334999084472656,55.17499923706055,55.17499923706055
2019-08-06,49.25,55.692501068115234,
2019-08-07,49.7599983215332,55.2400016784668,55.2400016784668
2019-08-08,50.85749816894531,54.432498931884766,54.432498931884766
2019-08-09,50.247501373291016,54.68000030517578,
2019-08-12,50.119998931884766,54.41999816894531,54.41999816894531
2019-08-13,52.24250030517578,55.25749969482422,55.25749969482422
2019-08-14,50.6875,54.97249984741211,
2019-08-15,50.435001373291016,54.70500183105469,54.70500183105469
2019-08-16,51.625,55.99250030517578,55.99250030517578
2019-08-19,52.587501525878906,56.147499084472656,
2019-08-20,52.59000015258789,54.7400016784668,54.7400016784668
2019-08-21,53.15999984741211,55.20500183105469,55.20500183105469
2019-08-22,53.1150016784668,56.752498626708984,
2019-08-23,50.65999984741211,56.76499938964844,56.76499938964844
2019-08-26,51.622501373291016,56.099998474121094,56.099998474121094
2019-08-27,51.040000915527344,56.75749969482422,
2019-08-28,51.38249969482422,57.522499084472656,57.522499084472656
2019-08-29,52.252498626708984,59.0525016784668,59.0525016784668
2019-08-30,52.185001373291016,58.967498779296875,
2019-09-03,51.42499923706055,58.83000183105469,58.83000183105469
2019-09-04,52.29750061035156,58.592498779296875,58.592498779296875
2019-09-05,53.31999969482422,58.81999969482422,
2019-09-06,53.314998626708984,59.102500915527344,59.102500915527344
2019-09-09,53.54249954223633,60.127498626708984,60.127498626708984
2019-09-10,54.17499923706055,59.9900016784668,
2019-09-11,55.897499084472656,60.79499816894531,60.79499816894531
2019-09-12,55.772499084472656,60.89500045776367,60.89500045776367
2019-09-13,54.6875,61.64500045776367,
2019-09-16,54.974998474121094,62.26250076293945,62.26250076293945
2019-09-17,55.17499923706055,60.8224983215332,60.8224983215332
2019-09-18,55.692501068115234,60.814998626708984,
2019-09-19,55.2400016784668,62.189998626708984,62.189998626708984
2019-09-20,54.432498931884766,63.95500183105469,63.95500183105469
2019-09-23,54.68000030517578,64.375,
2019-09-24,54.41999816894531,64.28250122070312,64.28250122070312
2019-09-25,55.25749969482422,64.30999755859375,64.30999755859375
2019-09-26,54.97249984741211,64.85749816894531,
2019-09-27,54.70500183105469,65.03500366210938,65.03500366210938
2019-09-30,55.99250030517578,65.55000305175781,65.55000305175781
2019-10-01,56.147499084472656,65.48999786376953,
2019-10-02,54.7400016784668,66.11750030517578,66.11750030517578
2019-10-03,55.20500183105469,65.66000366210938,65.66000366210938
2019-10-04,56.752498626708984,66.44000244140625,
2019-10-07,56.76499938964844,66.7750015258789,66.7750015258789
2019-10-08,56.099998474121094,66.57250213623047,66.57250213623047
2019-10-09,56.75749969482422,65.79750061035156,
2019-10-10,57.522499084472656,65.50250244140625,65.50250244140625
2019-10-11,59.0525016784668,65.44499969482422,65.44499969482422
2019-10-14,58.967498779296875,66.59249877929688,
2019-10-15,58.83000183105469,66.07250213623047,66.07250213623047
2019-10-16,58.592498779296875,66.95999908447266,66.95999908447266
2019-10-17,58.81999969482422,66.8125,
2019-10-18,59.102500915527344,66.04000091552734,66.04000091552734
2019-10-21,60.127498626708984,64.86250305175781,64.86250305175781
2019-10-22,59.9900016784668,65.43499755859375,
2019-10-23,60.79499816894531,66.3949966430664,66.3949966430664
2019-10-24,60.89500045776367,67.67749786376953,67.67749786376953
2019-10-25,61.64500045776367,66.7300033569336,
2019-10-28,62.26250076293945,67.12000274658203,67.12000274658203
2019-10-29,60.8224983215332,67.69249725341797,67.69249725341797
2019-10-30,60.814998626708984,67.86499786376953,
2019-10-31,62.189998626708984,68.7874984741211,68.7874984741211
2019-11-01,63.95500183105469,69.96499633789062,69.96499633789062
2019-11-04,64.375,70.10250091552734,
2019-11-05,64.28250122070312,69.93499755859375,69.93499755859375
2019-11-06,64.30999755859375,70.00499725341797,70.00499725341797
2019-11-07,64.85749816894531,69.86000061035156,
2019-11-08,65.03500366210938,71.0,71.0
2019-11-11,65.55000305175781,71.06749725341797,71.06749725341797
2019-11-12,65.48999786376953,72.47750091552734,
2019-11-13,66.11750030517578,72.44999694824219,72.44999694824219
2019-11-14,65.66000366210938,72.87999725341797,72.87999725341797
2019-11-15,66.44000244140625,73.4124984741211,
2019-11-18,66.7750015258789,75.0875015258789,75.0875015258789
2019-11-19,66.57250213623047,74.35749816894531,74.35749816894531
2019-11-20,65.79750061035156,74.94999694824219,
2019-11-21,65.50250244140625,74.59750366210938,74.59750366210938
2019-11-22,65.44499969482422,75.79750061035156,75.79750061035156
2019-11-25,66.59249877929688,77.40750122070312,
2019-11-26,66.07250213623047,77.5824966430664,77.5824966430664
2019-11-27,66.95999908447266,79.23999786376953,79.23999786376953
2019-11-29,66.8125,78.16999816894531,
2019-12-02,66.04000091552734,77.83499908447266,77.83499908447266
2019-12-03,64.86250305175781,78.80999755859375,78.80999755859375
2019-12-04,65.43499755859375,79.68250274658203,
2019-12-05,66.3949966430664,79.14250183105469,79.14250183105469
2019-12-06,67.67749786376953,79.42500305175781,79.42500305175781
2019-12-09,66.7300033569336,79.80750274658203,
2019-12-10,67.12000274658203,79.57749938964844,79.57749938964844
2019-12-11,67.69249725341797,77.23750305175781,77.23750305175781
2019-12-12,67.86499786376953,79.42250061035156,
2019-12-13,68.7874984741211,81.08499908447266,81.08499908447266
2019-12-16,69.96499633789062,80.96749877929688,80.96749877929688
2019-12-17,70.10250091552734,77.37750244140625,
2019-12-18,69.93499755859375,77.16500091552734,77.16500091552734
2019-12-19,70.00499725341797,79.7125015258789,79.7125015258789
2019-12-20,69.86000061035156,80.36250305175781,
2019-12-23,71.0,81.30249786376953,81.30249786376953
2019-12-24,71.06749725341797,80.00749969482422,80.00749969482422
2019-12-26,72.47750091552734,80.38749694824219,
2019-12-27,72.44999694824219,79.90249633789062,79.90249633789062
2019-12-30,72.87999725341797,81.80000305175781,81.80000305175781
2019-12-31,73.4124984741211,81.21749877929688,
2020-01-02,75.0875015258789,81.23750305175781,81.23750305175781
2020-01-03,74.35749816894531,79.75,79.75
2020-01-06,74.94999694824219,80.90499877929688,
2020-01-07,74.59750366210938,80.07499694824219,80.07499694824219
2020-01-08,75.79750061035156,78.26249694824219,78.26249694824219
2020-01-09,77.40750122070312,74.54499816894531,
2020-01-10,77.5824966430664,72.0199966430664,72.0199966430664
2020-01-13,79.23999786376953,73.1624984741211,73.1624984741211
2020-01-14,78.16999816894531,68.37999725341797,
2020-01-15,77.83499908447266,68.33999633789062,68.33999633789062
2020-01-16,78.80999755859375,74.70249938964844,74.70249938964844
2020-01-17,79.68250274658203,72.33000183105469,
2020-01-21,79.14250183105469,75.68499755859375,75.68499755859375
2020-01-22,79.42500305175781,73.2300033569336,73.2300033569336
2020-01-23,79.80750274658203,72.25749969482422,
2020-01-24,79.57749938964844,66.5425033569336,66.5425033569336
2020-01-27,77.23750305175781,71.33499908447266,71.33499908447266
2020-01-28,79.42250061035156,68.85749816894531,
2020-01-29,81.08499908447266,62.057498931884766,62.057498931884766
2020-01-30,80.96749877929688,69.49250030517578,69.49250030517578
2020-01-31,77.37750244140625,60.5525016784668,
2020-02-03,77.16500091552734,63.21500015258789,63.21500015258789
2020-02-04,79.7125015258789,61.66749954223633,61.66749954223633
2020-02-05,80.36250305175781,61.19499969482422,
2020-02-06,81.30249786376953,57.310001373291016,57.310001373291016
2020-02-07,80.00749969482422,56.092498779296875,56.092498779296875
2020-02-10,80.38749694824219,61.720001220703125,
2020-02-11,79.90249633789062,61.380001068115234,61.380001068115234
2020-02-12,81.80000305175781,64.61000061035156,64.61000061035156
2020-02-13,81.21749877929688,61.935001373291016,
2020-02-14,81.23750305175781,63.70249938964844,63.70249938964844
2020-02-18,79.75,63.5724983215332,63.5724983215332
2020-02-19,80.90499877929688,60.227500915527344,
2020-02-20,80.07499694824219,61.23249816894531,61.23249816894531
2020-02-21,78.26249694824219,60.352500915527344,60.352500915527344
2020-02-24,74.54499816894531,65.61750030517578,
2020-02-25,72.0199966430664,64.85749816894531,64.85749816894531
2020-02-26,73.1624984741211,66.51750183105469,66.51750183105469
2020-02-27,68.37999725341797,66.99749755859375,
2020-02-28,68.33999633789062,68.3125,68.3125
2020-03-02,74.70249938964844,71.76249694824219,71.76249694824219
2020-03-03,72.33000183105469,71.10749816894531,
2020-03-04,75.68499755859375,71.67250061035156,71.67250061035156
2020-03-05,73.2300033569336,70.69999694824219,70.69999694824219
2020-03-06,72.25749969482422,69.23249816894531,
2020-03-09,66.5425033569336,67.09249877929688,67.09249877929688
2020-03-10,71.33499908447266,69.0250015258789,69.0250015258789
2020-03-11,68.85749816894531,68.75749969482422,
2020-03-12,62.057498931884766,70.74250030517578,70.74250030517578
2020-03-13,69.49250030517578,70.7925033569336,70.7925033569336
2020-03-16,60.5525016784668,69.6449966430664,
2020-03-17,63.21500015258789,71.93250274658203,71.93250274658203
2020-03-18,61.66749954223633,73.44999694824219,73.44999694824219
2020-03-19,61.19499969482422,72.26750183105469,
2020-03-20,57.310001373291016,73.29000091552734,73.29000091552734
2020-03-23,56.092498779296875,74.38999938964844,74.38999938964844
2020-03-24,61.720001220703125,75.15750122070312,
2020-03-25,61.380001068115234,75.93499755859375,75.93499755859375
2020-03-26,64.61000061035156,77.53250122070312,77.53250122070312
2020-03-27,61.935001373291016,78.75250244140625,
2020-03-30,63.70249938964844,77.85250091552734,77.85250091552734
2020-03-31,63.5724983215332,76.9124984741211,76.9124984741211
2020-04-01,60.227500915527344,77.38500213623047,
2020-04-02,61.23249816894531,76.92749786376953,76.92749786376953
2020-04-03,60.352500915527344,78.73999786376953,78.73999786376953
2020-04-06,65.61750030517578,78.28500366210938,
2020-04-07,64.85749816894531,79.80750274658203,79.80750274658203
2020-04-08,66.51750183105469,79.2125015258789,79.2125015258789
2020-04-09,66.99749755859375,79.72250366210938,
2020-04-13,68.3125,79.18250274658203,79.18250274658203
2020-04-14,71.76249694824219,79.52749633789062,79.52749633789062
2020-04-15,71.10749816894531,79.5625,
2020-04-16,71.67250061035156,79.48500061035156,79.48500061035156
2020-04-17,70.69999694824219,80.4625015258789,80.4625015258789
2020-04-20,69.23249816894531,80.83499908447266,
2020-04-21,67.09249877929688,81.27999877929688,81.27999877929688
2020-04-22,69.0250015258789,80.58000183105469,80.58000183105469
2020-04-23,68.75749969482422,82.875,
2020-04-24,70.74250030517578,83.36499786376953,83.36499786376953
2020-04-27,70.7925033569336,85.99749755859375,85.99749755859375
2020-04-28,69.6449966430664,88.20999908447266,
2020-04-29,71.93250274658203,83.9749984741211,83.9749984741211
2020-04-30,73.44999694824219,84.69999694824219,84.69999694824219
2020-05-01,72.26750183105469,85.74749755859375,
2020-05-04,73.29000091552734,88.0199966430664,88.0199966430664
2020-05-05,74.38999938964844,87.89749908447266,87.89749908447266
2020-05-06,75.15750122070312,87.93250274658203,
2020-05-07,75.93499755859375,87.43000030517578,87.43000030517578
2020-05-08,77.53250122070312,89.71749877929688,89.71749877929688
2020-05-11,78.75250244140625,91.63249969482422,
2020-05-12,77.85250091552734,90.01499938964844,90.01499938964844
2020-05-13,76.9124984741211,91.20999908447266,91.20999908447266
2020-05-14,77.38500213623047,88.40750122070312,
2020-05-15,76.92749786376953,90.44499969482422,90.44499969482422
2020-05-18,78.73999786376953,91.19999694824219,91.19999694824219
2020-05-19,78.28500366210938,91.02749633789062,
2020-05-20,79.80750274658203,91.02749633789062,91.02749633789062
2020-05-21,79.2125015258789,93.4625015258789,93.4625015258789
2020-05-22,79.72250366210938,93.17250061035156,
2020-05-26,79.18250274658203,95.34249877929688,95.34249877929688
2020-05-27,79.52749633789062,95.75250244140625,95.75250244140625
2020-05-28,79.5625,95.91999816894531,
2020-05-29,79.48500061035156,95.47750091552734,95.47750091552734
2020-06-01,80.4625015258789,97.05750274658203,97.05750274658203
2020-06-02,80.83499908447266,97.7249984741211,
2020-06-03,81.27999877929688,96.52249908447266,96.52249908447266
2020-06-04,80.58000183105469,96.32749938964844,96.32749938964844
2020-06-05,82.875,98.35749816894531,
2020-06-08,83.36499786376953,97.0,97.0
2020-06-09,85.99749755859375,97.27249908447266,97.27249908447266
2020-06-10,88.20999908447266,92.84500122070312,
2020-06-11,83.9749984741211,92.61499786376953,92.61499786376953
2020-06-12,84.69999694824219,94.80999755859375,94.80999755859375
2020-06-15,85.74749755859375,93.25250244140625,
2020-06-16,88.0199966430664,95.04000091552734,95.04000091552734
2020-06-17,87.89749908447266,96.19000244140625,96.19000244140625
2020-06-18,87.93250274658203,106.26000213623047,
2020-06-19,87.43000030517578,108.9375,108.9375
2020-06-22,89.71749877929688,109.66500091552734,109.66500091552734
2020-06-23,91.63249969482422,110.0625,
2020-06-24,90.01499938964844,113.90249633789062,113.90249633789062
2020-06-25,91.20999908447266,111.11250305175781,111.11250305175781
2020-06-26,88.40750122070312,112.72750091552734,
2020-06-29,90.44499969482422,109.375,109.375
2020-06-30,91.19999694824219,113.01000213623047,113.01000213623047
2020-07-01,91.02749633789062,115.01000213623047,
2020-07-02,91.02749633789062,114.90750122070312,114.90750122070312
2020-07-06,93.4625015258789,114.60749816894531,114.60749816894531
2020-07-07,93.17250061035156,115.5625,
2020-07-08,95.34249877929688,115.7074966430664,115.7074966430664
2020-07-09,95.75250244140625,118.2750015258789,118.2750015258789
2020-07-10,95.91999816894531,124.37000274658203,
2020-07-13,95.47750091552734,125.85749816894531,125.85749816894531
2020-07-14,97.05750274658203,124.82499694824219,124.82499694824219
2020-07-15,97.7249984741211,126.52249908447266,
2020-07-16,96.52249908447266,125.01000213623047,125.01000213623047
2020-07-17,96.32749938964844,124.80750274658203,124.80750274658203
2020-07-20,98.35749816894531,129.0399932861328,
2020-07-21,97.0,134.17999267578125,134.17999267578125
2020-07-22,97.27249908447266,131.39999389648438,131.39999389648438
2020-07-23,92.84500122070312,120.87999725341797,
2020-07-24,92.61499786376953,120.95999908447266,120.95999908447266
2020-07-27,94.80999755859375,112.81999969482422,112.81999969482422
2020-07-28,93.25250244140625,117.31999969482422,
2020-07-29,95.04000091552734,113.48999786376953,113.48999786376953
2020-07-30,96.19000244140625,112.0,112.0
2020-07-31,106.26000213623047,115.36000061035156,
2020-08-03,108.9375,115.54000091552734,115.54000091552734
2020-08-04,109.66500091552734,112.12999725341797,112.12999725341797
2020-08-05,110.0625,110.33999633789062,
2020-08-06,113.90249633789062,106.83999633789062,106.83999633789062
2020-08-07,111.11250305175781,110.08000183105469,110.08000183105469
2020-08-10,112.72750091552734,111.80999755859375,
2020-08-11,109.375,107.12000274658203,107.12000274658203
2020-08-12,113.01000213623047,108.22000122070312,108.22000122070312
2020-08-13,115.01000213623047,112.27999877929688,
2020-08-14,114.90750122070312,114.95999908447266,114.95999908447266
2020-08-17,114.60749816894531,114.08999633789062,114.08999633789062
2020-08-18,115.5625,115.80999755859375,
2020-08-19,115.7074966430664,116.79000091552734,116.79000091552734
2020-08-20,118.2750015258789,113.0199966430664,113.0199966430664
2020-08-21,124.37000274658203,116.5,
2020-08-24,125.85749816894531,113.16000366210938,113.16000366210938
2020-08-25,124.82499694824219,115.08000183105469,115.08000183105469
2020-08-26,126.52249908447266,114.97000122070312,
2020-08-27,125.01000213623047,116.97000122070312,116.97000122070312
2020-08-28,124.80750274658203,124.4000015258789,124.4000015258789
2020-08-31,129.0399932861328,121.0999984741211,
2020-09-01,134.17999267578125,121.19000244140625,121.19000244140625
2020-09-02,131.39999389648438,120.70999908447266,120.70999908447266
2020-09-03,120.87999725341797,119.0199966430664,
2020-09-04,120.95999908447266,115.9800033569336,115.9800033569336
2020-09-08,112.81999969482422,117.51000213623047,117.51000213623047
2020-09-09,117.31999969482422,116.87000274658203,
2020-09-10,113.48999786376953,115.75,115.75
2020-09-11,112.0,115.04000091552734,115.04000091552734
2020-09-14,115.36000061035156,115.05000305175781,
2020-09-15,115.54000091552734,116.5999984741211,116.5999984741211
2020-09-16,112.12999725341797,111.19999694824219,111.19999694824219
2020-09-17,110.33999633789062,115.31999969482422,
2020-09-18,106.83999633789062,108.86000061035156,108.86000061035156
2020-09-21,110.08000183105469,108.7699966430664,108.7699966430664
2020-09-22,111.80999755859375,110.44000244140625,
2020-09-23,107.12000274658203,114.94999694824219,114.94999694824219
2020-09-24,108.22000122070312,119.02999877929688,119.02999877929688
2020-09-25,112.27999877929688,118.69000244140625,
2020-09-28,114.95999908447266,116.31999969482422,116.31999969482422
2020-09-29,114.08999633789062,115.97000122070312,115.97000122070312
2020-09-30,115.80999755859375,119.48999786376953,
2020-10-01,116.79000091552734,119.20999908447266,119.20999908447266
2020-10-02,113.0199966430664,119.26000213623047,119.26000213623047
2020-10-05,116.5,120.30000305175781,
2020-10-06,113.16000366210938,119.38999938964844,119.38999938964844
2020-10-07,115.08000183105469,118.02999877929688,118.02999877929688
2020-10-08,114.97000122070312,118.63999938964844,
2020-10-09,116.97000122070312,117.33999633789062,117.33999633789062
2020-10-12,124.4000015258789,113.8499984741211,113.8499984741211
2020-10-13,121.0999984741211,115.16999816894531,
2020-10-14,121.19000244140625,116.02999877929688,116.02999877929688
2020-10-15,120.70999908447266,116.58999633789062,116.58999633789062
2020-10-16,119.0199966430664,119.05000305175781,
2020-10-19,115.9800033569336,122.72000122070312,122.72000122070312
2020-10-20,117.51000213623047,123.08000183105469,123.08000183105469
2020-10-21,116.87000274658203,122.94000244140625,
2020-10-22,115.75,122.25,122.25
2020-10-23,115.04000091552734,123.75,123.75
2020-10-26,115.05000305175781,124.37999725341797,
2020-10-27,116.5999984741211,121.77999877929688,121.77999877929688
2020-10-28,111.19999694824219,123.23999786376953,123.23999786376953
2020-10-29,115.31999969482422,122.41000366210938,
2020-10-30,108.86000061035156,121.77999877929688,121.77999877929688
2020-11-02,108.7699966430664,127.87999725341797,127.87999725341797
2020-11-03,110.44000244140625,127.80999755859375,
2020-11-04,114.94999694824219,128.6999969482422,128.6999969482422
2020-11-05,119.02999877929688,126.66000366210938,126.66000366210938
2020-11-06,118.69000244140625,128.22999572753906,
2020-11-09,116.31999969482422,131.8800048828125,131.8800048828125
2020-11-10,115.97000122070312,130.9600067138672,130.9600067138672
2020-11-11,119.48999786376953,131.97000122070312,
2020-11-12,119.20999908447266,136.69000244140625,136.69000244140625
2020-11-13,119.26000213623047,134.8699951171875,134.8699951171875
2020-11-16,120.30000305175781,133.72000122070312,
2020-11-17,119.38999938964844,132.69000244140625,132.69000244140625
2020-11-18,118.02999877929688,129.41000366210938,129.41000366210938
2020-11-19,118.63999938964844,131.00999450683594,
2020-11-20,117.33999633789062,126.5999984741211,126.5999984741211
2020-11-23,113.8499984741211,130.9199981689453,130.9199981689453
2020-11-24,115.16999816894531,132.0500030517578,
2020-11-25,116.02999877929688,128.97999572753906,128.97999572753906
2020-11-27,116.58999633789062,128.8000030517578,128.8000030517578
2020-11-30,119.05000305175781,130.88999938964844,
2020-12-01,122.72000122070312,128.91000366210938,128.91000366210938
2020-12-02,123.08000183105469,127.13999938964844,127.13999938964844
2020-12-03,122.94000244140625,127.83000183105469,
2020-12-04,122.25,132.02999877929688,132.02999877929688
2020-12-07,123.75,136.8699951171875,136.8699951171875
2020-12-08,124.37999725341797,139.07000732421875,
2020-12-09,121.77999877929688,142.9199981689453,142.9199981689453
2020-12-10,123.23999786376953,143.16000366210938,143.16000366210938
2020-12-11,122.41000366210938,142.05999755859375,
2020-12-14,121.77999877929688,137.08999633789062,137.08999633789062
2020-12-15,127.87999725341797,131.9600067138672,131.9600067138672
2020-12-16,127.80999755859375,134.13999938964844,
2020-12-17,128.6999969482422,134.99000549316406,134.99000549316406
2020-12-18,126.66000366210938,133.94000244140625,133.94000244140625
2020-12-21,128.22999572753906,137.38999938964844,
2020-12-22,131.8800048828125,136.75999450683594,136.75999450683594
2020-12-23,130.9600067138672,136.91000366210938,136.91000366210938
2020-12-24,131.97000122070312,136.00999450683594,
2020-12-28,136.69000244140625,135.38999938964844,135.38999938964844
2020-12-29,134.8699951171875,135.1300048828125,135.1300048828125
2020-12-30,133.72000122070312,135.3699951171875,
2020-12-31,132.69000244140625,133.19000244140625,133.19000244140625
2021-01-04,129.41000366210938,130.83999633789062,130.83999633789062
2021-01-05,131.00999450683594,129.7100067138672,
2021-01-06,126.5999984741211,129.8699951171875,129.8699951171875
2021-01-07,130.9199981689453,126.0,126.0
2021-01-08,132.0500030517578,125.86000061035156,
2021-01-11,128.97999572753906,125.3499984741211,125.3499984741211
2021-01-12,128.8000030517578,120.98999786376953,120.98999786376953
2021-01-13,130.88999938964844,121.26000213623047,
2021-01-14,128.91000366210938,127.79000091552734,127.79000091552734
2021-01-15,127.13999938964844,125.12000274658203,125.12000274658203
2021-01-19,127.83000183105469,122.05999755859375,
2021-01-20,132.02999877929688,120.12999725341797,120.12999725341797
2021-01-21,136.8699951171875,121.41999816894531,121.41999816894531
2021-01-22,139.07000732421875,116.36000061035156,
2021-01-25,142.9199981689453,121.08999633789062,121.08999633789062
2021-01-26,143.16000366210938,119.9800033569336,119.9800033569336
2021-01-27,142.05999755859375,121.95999908447266,
2021-01-28,137.08999633789062,121.02999877929688,121.02999877929688
2021-01-29,131.9600067138672,123.98999786376953,123.98999786376953
2021-02-01,134.13999938964844,125.56999969482422,
2021-02-02,134.99000549316406,124.76000213623047,124.76000213623047
2021-02-03,133.94000244140625,120.52999877929688,120.52999877929688
2021-02-04,137.38999938964844,119.98999786376953,
2021-02-05,136.75999450683594,123.38999938964844,123.38999938964844
2021-02-08,136.91000366210938,122.54000091552734,122.54000091552734
2021-02-09,136.00999450683594,120.08999633789062,
2021-02-10,135.38999938964844,120.58999633789062,120.58999633789062
2021-02-11,135.1300048828125,121.20999908447266,121.20999908447266
2021-02-12,135.3699951171875,121.38999938964844,
2021-02-16,133.19000244140625,119.9000015258789,119.9000015258789
2021-02-17,130.83999633789062,122.1500015258789,122.1500015258789
2021-02-18,129.7100067138672,123.0,
2021-02-19,129.8699951171875,125.9000015258789,125.9000015258789
2021-02-22,126.0,126.20999908447266,126.20999908447266
2021-02-23,125.86000061035156,127.9000015258789,
2021-02-24,125.3499984741211,130.36000061035156,130.36000061035156
2021-02-25,120.98999786376953,133.0,133.0
2021-02-26,121.26000213623047,131.24000549316406,
2021-03-01,127.79000091552734,134.42999267578125,134.42999267578125
2021-03-02,125.12000274658203,132.02999877929688,132.02999877929688
2021-03-03,122.05999755859375,134.5,
2021-03-04,120.12999725341797,134.16000366210938,134.16000366210938
2021-03-05,121.41999816894531,134.83999633789062,134.83999633789062
2021-03-08,116.36000061035156,133.11000061035156,
2021-03-09,121.08999633789062,133.5,133.5
2021-03-10,119.9800033569336,131.94000244140625,131.94000244140625
2021-03-11,121.95999908447266,134.32000732421875,
2021-03-12,121.02999877929688,134.72000122070312,134.72000122070312
2021-03-15,123.98999786376953,134.38999938964844,134.38999938964844
2021-03-16,125.56999969482422,133.5800018310547,
2021-03-17,124.76000213623047,133.47999572753906,133.47999572753906
2021-03-18,120.52999877929688,131.4600067138672,131.4600067138672
2021-03-19,119.98999786376953,132.5399932861328,
2021-03-22,123.38999938964844,127.8499984741211,127.8499984741211
2021-03-23,122.54000091552734,128.10000610351562,128.10000610351562
2021-03-24,120.08999633789062,129.74000549316406,
2021-03-25,120.58999633789062,130.2100067138672,130.2100067138672
2021-03-26,121.20999908447266,126.8499984741211,126.8499984741211
2021-03-29,121.38999938964844,125.91000366210938,
2021-03-30,119.9000015258789,122.7699966430664,122.7699966430664
2021-03-31,122.1500015258789,124.97000122070312,124.97000122070312
2021-04-01,123.0,127.44999694824219,
2021-04-05,125.9000015258789,126.2699966430664,126.2699966430664
2021-04-06,126.20999908447266,124.8499984741211,124.8499984741211
2021-04-07,127.9000015258789,124.69000244140625,
2021-04-08,130.36000061035156,127.30999755859375,127.30999755859375
2021-04-09,133.0,125.43000030517578,125.43000030517578
2021-04-12,131.24000549316406,127.0999984741211,
2021-04-13,134.42999267578125,126.9000015258789,126.9000015258789
2021-04-14,132.02999877929688,126.8499984741211,126.8499984741211
2021-04-15,134.5,125.27999877929688,
2021-04-16,134.16000366210938,124.61000061035156,124.61000061035156
2021-04-19,134.83999633789062,124.27999877929688,124.27999877929688
2021-04-20,133.11000061035156,125.05999755859375,
2021-04-21,133.5,123.54000091552734,123.54000091552734
2021-04-22,131.94000244140625,125.88999938964844,125.88999938964844
2021-04-23,134.32000732421875,125.9000015258789,
2021-04-26,134.72000122070312,126.73999786376953,126.73999786376953
2021-04-27,134.38999938964844,127.12999725341797,127.12999725341797
2021-04-28,133.5800018310547,126.11000061035156,
2021-04-29,133.47999572753906,127.3499984741211,127.3499984741211
2021-04-30,131.4600067138672,130.47999572753906,130.47999572753906
2021-05-03,132.5399932861328,129.63999938964844,
2021-05-04,127.8499984741211,130.14999389648438,130.14999389648438
2021-05-05,128.10000610351562,131.7899932861328,131.7899932861328
2021-05-06,129.74000549316406,130.4600067138672,
2021-05-07,130.2100067138672,132.3000030517578,132.3000030517578
2021-05-10,126.8499984741211,133.97999572753906,133.97999572753906
2021-05-11,125.91000366210938,133.6999969482422,
2021-05-12,122.7699966430664,133.41000366210938,133.41000366210938
2021-05-13,124.97000122070312,133.11000061035156,133.11000061035156
2021-05-14,127.44999694824219,134.77999877929688,
2021-05-17,126.2699966430664,136.3300018310547,136.3300018310547
2021-05-18,124.8499984741211,136.9600067138672,136.9600067138672
2021-05-19,124.69000244140625,137.27000427246094,
2021-05-20,127.30999755859375,139.9600067138672,139.9600067138672
2021-05-21,125.43000030517578,142.02000427246094,142.02000427246094
2021-05-24,127.0999984741211,144.57000732421875,
2021-05-25,126.9000015258789,143.24000549316406,143.24000549316406
2021-05-26,126.8499984741211,145.11000061035156,145.11000061035156
2021-05-27,125.27999877929688,144.5,
2021-05-28,124.61000061035156,145.63999938964844,145.63999938964844
2021-06-01,124.27999877929688,149.14999389648438,149.14999389648438
