,stockprice,stockprice_missing_closed_days
0,100.0,100.0
1,101.35730920228596,101.35730920228596
2,104.71860039480609,104.71860039480609
3,102.95489332223069,102.95489332223069
4,102.06684330589437,102.06684330589437
5,100.98418900331541,
6,102.37364933019005,
7,102.54639033676882,102.54639033676882
8,100.32739326335316,100.32739326335316
9,101.22613214943779,101.22613214943779
10,102.95997851957776,102.95997851957776
11,101.71642067539202,101.71642067539202
12,100.54778930314596,
13,101.06732393880868,
14,99.32114410702592,99.32114410702592
15,99.99912174266146,99.99912174266146
16,101.28305753182781,101.28305753182781
17,100.50669494776005,100.50669494776005
18,101.01236392080837,101.01236392080837
19,100.37692182993065,
20,102.9274784588943,
21,103.43442983704072,103.43442983704072
22,102.71690672686245,102.71690672686245
23,102.0320985993302,102.0320985993302
24,104.20883323234416,104.20883323234416
25,106.31735748937177,106.31735748937177
26,103.2894629523003,
27,101.72120939936,
28,102.16642293512541,102.16642293512541
29,98.57549184581188,98.57549184581188
30,100.88980783226835,100.88980783226835
31,102.99471898223193,102.99471898223193
32,99.81860836756795,99.81860836756795
33,100.09963227996917,
34,98.3881239476191,
35,95.45802190408462,95.45802190408462
36,95.9455426839482,95.9455426839482
37,95.32390956664176,95.32390956664176
38,95.36913156023266,95.36913156023266
39,96.09985582395333,96.09985582395333
40,97.08119972903286,
41,94.97729139932449,
42,98.20811354145343,98.20811354145343
43,100.30130185236598,100.30130185236598
44,99.4567707471125,99.4567707471125
45,101.16273137775534,101.16273137775534
46,96.86452538469162,96.86452538469162
47,95.80244952922406,
48,94.91538843275588,
49,92.51703362442318,92.51703362442318
50,92.25149575854049,92.25149575854049
51,93.2295501952384,93.2295501952384
52,92.85682194905021,92.85682194905021
53,92.40869813594398,92.40869813594398
54,94.25625312380743,
55,94.67706579207449,
56,91.63885061964882,91.63885061964882
57,93.1799256082549,93.1799256082549
58,92.07539475704047,92.07539475704047
59,90.32905519088207,90.32905519088207
60,89.90110912342838,89.90110912342838
61,89.39559688668204,
62,89.29145652946593,
63,89.59838017497842,89.59838017497842
64,90.43731781468979,90.43731781468979
65,90.24415657671369,90.24415657671369
66,90.759170252162,90.759170252162
67,89.90332709781077,89.90332709781077
68,90.2345106642256,
69,88.93851707158792,
70,88.0602139058606,88.0602139058606
71,87.01623095397882,87.01623095397882
72,86.4774765378655,86.4774765378655
73,86.82693129994887,86.82693129994887
74,88.17881899052354,88.17881899052354
75,88.91896275927613,
76,87.3006186632421,
77,86.87026175491673,86.87026175491673
78,87.40264624104675,87.40264624104675
79,86.79407268097037,86.79407268097037
80,87.26719588470529,87.26719588470529
81,87.07879363717925,87.07879363717925
82,86.97876738930023,
83,85.7200743953102,
84,86.86353947057803,86.86353947057803
85,87.4675214497871,87.4675214497871
86,87.03208029735589,87.03208029735589
87,86.3364829276347,86.3364829276347
88,85.6784011664549,85.6784011664549
89,84.38154791940687,
90,86.0994311527434,
91,83.14628062284875,83.14628062284875
92,85.24749157908012,85.24749157908012
93,86.9763775616751,86.9763775616751
94,87.86623600300744,87.86623600300744
95,86.74592636507856,86.74592636507856
96,86.90353245542775,
97,90.19567319729764,
98,89.29910987663034,89.29910987663034
99,87.84652776588645,87.84652776588645
100,84.1090716683865,84.1090716683865
101,84.35397089666102,84.35397089666102
102,83.17743345136101,83.17743345136101
103,82.88975512016167,
104,82.98199835721014,
105,81.90530092406063,81.90530092406063
106,83.53428841959514,83.53428841959514
107,83.77348923277783,83.77348923277783
108,83.92910193242598,83.92910193242598
109,84.48898442647098,84.48898442647098
110,84.78271256962128,
111,84.39479858814406,
112,81.69867233502468,81.69867233502468
113,81.03925827138116,81.03925827138116
114,80.8874710916856,80.8874710916856
115,78.89363364888425,78.89363364888425
116,77.34958664180304,77.34958664180304
117,78.09682997428563,
118,77.55612976276528,
119,77.5384202768198,77.5384202768198
120,79.0013083015316,79.0013083015316
121,80.00751021007753,80.00751021007753
122,82.48709667042272,82.48709667042272
123,82.01688724930573,82.01688724930573
124,80.24507284611934,
125,77.79229998490396,
126,77.42642844990203,77.42642844990203
127,77.12931085790441,77.12931085790441
128,78.51555997566757,78.51555997566757
129,79.22466900900075,79.22466900900075
130,77.33792112263617,77.33792112263617
131,74.9873842427176,
132,75.9810014590871,
133,76.13440606029741,76.13440606029741
134,76.0586765491883,76.0586765491883
135,75.33303354749565,75.33303354749565
136,77.18519571175325,77.18519571175325
137,80.47232032165225,80.47232032165225
138,82.283323599156,
139,80.4577036297209,
140,80.72565611688073,80.72565611688073
141,81.98923355469906,81.98923355469906
142,82.53135772340814,82.53135772340814
143,81.98536407106164,81.98536407106164
144,82.08308698804933,82.08308698804933
145,83.50094193674619,
146,85.27482416034698,
147,84.65077587838825,84.65077587838825
148,81.44340887775172,81.44340887775172
149,80.35248677565531,80.35248677565531
150,79.83553187025365,79.83553187025365
151,80.142138320734,80.142138320734
152,79.60512694735107,
153,81.73359668153611,
154,80.03846657679786,80.03846657679786
155,79.78553932902233,79.78553932902233
156,77.58067731076268,77.58067731076268
157,77.92116728033119,77.92116728033119
158,79.79146128039297,79.79146128039297
159,79.1129852920965,
160,78.06109248795869,
161,77.37936864218574,77.37936864218574
162,77.8462312837991,77.8462312837991
163,78.476017035461,78.476017035461
164,79.35506875319275,79.35506875319275
165,77.76125180026965,77.76125180026965
166,78.9820745708581,
167,78.52823119668861,
168,76.90579506677511,76.90579506677511
169,78.06642645231221,78.06642645231221
170,76.20388319506931,76.20388319506931
171,77.39805733602567,77.39805733602567
172,78.55745684561126,78.55745684561126
173,80.18878680411227,
174,82.12503018752231,
175,81.10948758149323,
176,77.004833519452,77.004833519452
177,73.7925220961992,73.7925220961992
178,75.11823763733473,75.11823763733473
179,77.14600478668594,77.14600478668594
180,76.33553229015901,
181,77.63901415941004,
182,77.59176730562137,77.59176730562137
183,76.42518681964881,76.42518681964881
184,75.51532967707743,75.51532967707743
185,75.31576426900726,75.31576426900726
186,76.55023106796882,76.55023106796882
187,73.9075445460473,
188,74.7864521230463,
189,71.50918070112156,71.50918070112156
190,73.93646985124906,73.93646985124906
191,73.5917864437244,73.5917864437244
192,74.46346082512575,74.46346082512575
193,76.34902953071877,76.34902953071877
194,76.77742277352343,
195,78.88790765497326,
196,78.55556075150245,78.55556075150245
197,77.69055014577869,77.69055014577869
198,78.27371117739652,78.27371117739652
199,78.33297075719061,78.33297075719061
200,78.50756968329932,78.50756968329932
201,76.78005202631618,
202,78.14318302726747,
203,77.63621647425288,77.63621647425288
204,78.73136776749732,78.73136776749732
205,76.15920568234603,76.15920568234603
206,79.35404812726573,79.35404812726573
207,79.8988459808327,79.8988459808327
208,79.6217851907077,
209,82.83131369153412,
210,80.17011128685395,80.17011128685395
211,80.2700711410555,80.2700711410555
212,79.59586266340679,79.59586266340679
213,80.10607372558107,80.10607372558107
214,78.74544819037202,78.74544819037202
215,83.17922855156088,
216,83.21980208687339,
217,84.14723082246731,84.14723082246731
218,86.30103419679524,86.30103419679524
219,88.1802852518063,88.1802852518063
220,87.778198527279,87.778198527279
221,85.0868041714863,85.0868041714863
222,83.34014912103758,
223,81.43061594454824,
224,83.07936595692995,83.07936595692995
225,82.98416799257369,82.98416799257369
226,82.1955912450372,82.1955912450372
227,82.75990583522386,82.75990583522386
228,83.51602686398917,83.51602686398917
229,80.7901329817334,
230,83.66041409284087,
231,81.73880814071185,81.73880814071185
232,83.16759123969356,83.16759123969356
233,83.14460357964806,83.14460357964806
234,83.94132581378553,83.94132581378553
235,83.81014278114256,83.81014278114256
236,82.28612881290645,
237,82.66473192677473,
238,83.50403173454879,83.50403173454879
239,83.07974527550105,83.07974527550105
240,83.05071880458655,83.05071880458655
241,82.10843303554263,82.10843303554263
242,80.89464687335173,80.89464687335173
243,79.18901230733017,
244,80.01012843120347,
245,80.13557820827667,80.13557820827667
246,79.74444661623869,79.74444661623869
247,82.38727321507758,82.38727321507758
248,82.08362009450515,82.08362009450515
249,81.57361081663281,81.57361081663281
250,80.55599101875717,
251,78.38876505413783,
252,79.09996283269385,79.09996283269385
253,79.11937585486638,79.11937585486638
254,79.71821991465796,79.71821991465796
255,77.95687622529223,77.95687622529223
256,79.34559123024333,79.34559123024333
257,77.96109364799578,
258,78.31370249398479,
259,81.25187857156419,81.25187857156419
260,81.76892670803451,81.76892670803451
261,82.6425613221515,82.6425613221515
262,83.69015264418927,83.69015264418927
263,82.99390951641897,82.99390951641897
264,84.19518984840147,
265,84.43111330239572,
266,84.8890677363454,84.8890677363454
267,82.38266666900181,82.38266666900181
268,84.79165851246141,84.79165851246141
269,82.6853936471762,82.6853936471762
270,83.04381869089383,83.04381869089383
271,82.72932921290405,
272,82.11265531049965,
273,82.0135015692056,82.0135015692056
274,81.94248161011689,81.94248161011689
275,85.34000904546943,85.34000904546943
276,84.8123038767029,84.8123038767029
277,83.63726802649907,83.63726802649907
278,86.85757386618239,
279,87.31042152213988,
280,86.51429819965627,86.51429819965627
281,87.60305167157787,87.60305167157787
282,89.040436194184,89.040436194184
283,91.34903076201581,91.34903076201581
284,91.89586715321464,91.89586715321464
285,92.31828103055389,
286,90.41553167012886,
287,89.54707153014185,89.54707153014185
288,91.19083665412782,91.19083665412782
289,89.8733456866524,89.8733456866524
290,87.41836668783272,87.41836668783272
291,87.34776473736217,87.34776473736217
292,87.1587619309971,
293,85.78822901670168,
294,83.48058355357558,83.48058355357558
295,81.85370934845096,81.85370934845096
296,82.1637286191852,82.1637286191852
297,80.5582063347986,80.5582063347986
298,79.67498993344189,79.67498993344189
299,77.11755884682873,
300,76.73591681299449,
301,77.44918019147975,77.44918019147975
302,77.00481044804705,77.00481044804705
303,75.67947779642337,75.67947779642337
304,76.66579877063738,76.66579877063738
305,78.77606445761667,78.77606445761667
306,79.27600258209455,
307,78.95296868815235,
308,79.49327094114334,79.49327094114334
309,80.65023180748463,80.65023180748463
310,81.68078936147917,
311,79.74487528538917,79.74487528538917
312,79.17310812819849,79.17310812819849
313,78.96783106854521,
314,77.3904184786322,
315,77.11315644376772,77.11315644376772
316,77.22242563078763,77.22242563078763
317,74.75446781012508,74.75446781012508
318,74.02754706810998,74.02754706810998
319,75.10954043249292,75.10954043249292
320,75.50078400579913,
321,78.24834433335818,
322,78.32192900362877,78.32192900362877
323,79.15604601356662,79.15604601356662
324,79.30494397093464,79.30494397093464
325,78.99882614442339,78.99882614442339
326,81.1685791765365,81.1685791765365
327,81.95849627402733,
328,81.98629916303723,
329,79.48355598179123,79.48355598179123
330,78.25785966462976,78.25785966462976
331,76.75240787329098,76.75240787329098
332,77.10578355654572,77.10578355654572
333,76.20509454302197,76.20509454302197
334,75.77772946981985,
335,75.99781546905527,
336,74.94305246753638,74.94305246753638
337,73.3774291816283,73.3774291816283
338,73.36032933219072,73.36032933219072
339,77.0741516647815,77.0741516647815
340,76.96771497787108,76.96771497787108
341,75.27527681641266,
342,75.5383031514748,
343,76.84917763845507,76.84917763845507
344,77.172675277362,77.172675277362
345,74.81904988142585,74.81904988142585
346,74.64645135374884,74.64645135374884
347,73.90724214475202,73.90724214475202
348,74.24564740203115,
349,73.82152977912958,
350,73.14841803485376,73.14841803485376
351,72.51356929136091,72.51356929136091
352,70.99235834867324,70.99235834867324
353,69.22917812480934,69.22917812480934
354,72.23402679362879,72.23402679362879
355,71.80898706153162,
356,72.10433104849385,
357,72.79443407706367,72.79443407706367
358,71.43170860186578,
359,71.88611316696719,71.88611316696719
360,69.93672405370646,69.93672405370646
361,70.35508968109416,70.35508968109416
362,72.33499001279677,
363,73.3274045728648,
364,73.6424991369932,73.6424991369932
365,71.76421527135099,71.76421527135099
366,71.56806597068095,71.56806597068095
367,70.92238742609483,70.92238742609483
368,72.67392493300142,72.67392493300142
369,70.39787363747857,
370,70.26696800707552,
371,70.88896600516074,70.88896600516074
372,71.49929334920061,71.49929334920061
373,71.91760912695767,71.91760912695767
374,70.75217086992606,70.75217086992606
375,70.33879936330582,70.33879936330582
376,69.28964262929323,
377,69.08811286164368,
378,69.12697044432207,69.12697044432207
379,68.9131903681501,68.9131903681501
380,68.68770576671162,68.68770576671162
381,67.87620459890134,67.87620459890134
382,67.27396521936724,67.27396521936724
383,66.71144309601279,
384,67.60749609001918,
385,67.09278710779947,67.09278710779947
386,66.89702475623379,66.89702475623379
387,67.56983853352455,67.56983853352455
388,66.93493096970224,66.93493096970224
389,67.45402201252226,67.45402201252226
390,68.6498874045239,
391,70.49708237426294,
392,69.97439840601159,69.97439840601159
393,69.60093157909276,69.60093157909276
394,70.53083125001233,70.53083125001233
395,70.32399145133824,70.32399145133824
396,68.6680415298055,68.6680415298055
397,67.58516273993122,
398,68.59390119074695,
399,68.42105747734225,68.42105747734225
400,67.12604712338354,67.12604712338354
401,68.85829420587346,68.85829420587346
402,69.48636905814418,69.48636905814418
403,70.39760556623914,70.39760556623914
404,68.34680408950487,
405,67.827633564538,
406,67.13729813522245,67.13729813522245
407,70.08691092727888,70.08691092727888
408,70.40521376761767,70.40521376761767
409,69.23141179665323,69.23141179665323
410,68.93247718895252,68.93247718895252
411,68.9905186412098,
412,68.91034265988897,
413,69.50718649909041,69.50718649909041
414,70.38385507779749,70.38385507779749
415,70.67030823469982,70.67030823469982
416,71.83235978081089,71.83235978081089
417,73.94363278019304,73.94363278019304
418,74.48387524903211,
419,73.82626034710404,
420,73.76320467339114,73.76320467339114
421,74.79835328831457,74.79835328831457
422,74.90680797644747,74.90680797644747
423,75.3336882283677,75.3336882283677
424,75.22554527506693,75.22554527506693
425,75.89115338017405,
426,73.06853939215155,
427,74.96644429979722,74.96644429979722
428,74.28624330596858,74.28624330596858
429,74.97773724623062,74.97773724623062
430,74.78081070011956,74.78081070011956
431,74.3245798812528,74.3245798812528
432,73.37057565634521,
433,73.09663551752072,
434,74.3052173621795,74.3052173621795
435,73.6760777126888,73.6760777126888
436,73.72332237206591,73.72332237206591
437,72.07259260517735,72.07259260517735
438,72.39745368440744,72.39745368440744
439,69.80276133909662,
440,70.73731399630768,
441,70.32810665414759,70.32810665414759
442,68.52183373143865,68.52183373143865
443,70.74452609111155,70.74452609111155
444,69.27155178063511,69.27155178063511
445,70.88730475755835,70.88730475755835
446,71.35648544013682,
447,72.15843701850217,
448,71.46043721338961,71.46043721338961
449,69.0055068691721,69.0055068691721
450,66.96293510585663,66.96293510585663
451,67.8618589437306,67.8618589437306
452,67.60236487892742,67.60236487892742
453,66.7649546528901,
454,65.6070048509054,
455,63.88824268244824,
456,64.73408178928199,64.73408178928199
457,64.95654355852416,64.95654355852416
458,65.94768905588467,65.94768905588467
459,67.81588140237643,
460,67.87619971650032,
461,67.09660589721936,
462,67.62014120127033,67.62014120127033
463,68.59212037838746,68.59212037838746
464,67.42902158813968,67.42902158813968
465,66.89609833891441,66.89609833891441
466,67.2642876045415,67.2642876045415
467,68.33999638558966,
468,67.2601668095131,
469,67.18385196525325,67.18385196525325
470,65.336651542053,65.336651542053
471,67.5516812771875,67.5516812771875
472,67.36052754031799,67.36052754031799
473,67.61800258742834,67.61800258742834
474,65.96927240135612,
475,67.19857128467454,
476,66.30178973364862,66.30178973364862
477,67.38087112307349,67.38087112307349
478,69.95762982082658,69.95762982082658
479,69.6508066229654,69.6508066229654
480,67.5538129367304,67.5538129367304
481,66.6483585388003,
482,66.05626650117017,
483,65.06904754269603,65.06904754269603
484,65.53508229886698,65.53508229886698
485,66.72330441350319,66.72330441350319
486,65.54529602414418,65.54529602414418
487,65.19585520866691,65.19585520866691
488,66.89470696303718,
489,65.95285887060996,
490,66.79013547603732,66.79013547603732
491,66.7599705602238,66.7599705602238
492,66.46338999777224,66.46338999777224
493,65.28981745367277,65.28981745367277
494,64.89349199159503,64.89349199159503
495,66.44101545161976,
496,66.72276577351866,
497,67.26029057774699,67.26029057774699
498,67.02120425532793,67.02120425532793
499,67.73646738758256,67.73646738758256
500,67.58874440847595,67.58874440847595
501,67.4433871990637,67.4433871990637
502,65.4820161441071,
503,66.02430309241704,
504,63.28431535284636,63.28431535284636
505,64.21132979174982,64.21132979174982
506,63.42564089244305,63.42564089244305
507,62.31823841748635,62.31823841748635
508,63.60886213947637,63.60886213947637
509,62.479007474428414,
510,63.52317564418338,
511,62.14572811958173,62.14572811958173
512,61.91292744727721,61.91292744727721
513,62.485320466167906,62.485320466167906
514,62.08177335483833,62.08177335483833
515,61.262125109244394,61.262125109244394
516,58.79145103782135,
517,59.71073978842307,
518,59.110413438177915,59.110413438177915
519,59.1651208788727,59.1651208788727
520,59.1222622618144,59.1222622618144
521,60.81548245006167,60.81548245006167
522,61.15470054973746,61.15470054973746
523,60.557305413230736,
524,60.97654872457995,
525,60.54655070585936,60.54655070585936
526,61.44679448790546,61.44679448790546
527,62.6009725798089,62.6009725798089
528,61.694092045971146,61.694092045971146
529,62.14854771316665,62.14854771316665
530,62.0592365318728,
531,63.39023605562139,
532,65.26666116903057,65.26666116903057
533,65.0456430445056,65.0456430445056
534,66.37170545810962,66.37170545810962
535,65.83412036241599,65.83412036241599
536,65.55312272803663,65.55312272803663
537,67.08154894416263,
538,67.51037483570047,
539,68.03370171353967,68.03370171353967
540,67.20716288949934,67.20716288949934
541,67.26966898572057,67.26966898572057
542,68.11737241440089,
543,68.51254354912784,68.51254354912784
544,69.13716805477092,
545,66.308217399819,
546,65.49007747443957,65.49007747443957
547,65.70747868768842,65.70747868768842
548,64.35342624964608,64.35342624964608
549,64.58046166150463,64.58046166150463
550,65.69531286627712,65.69531286627712
551,65.35998019617482,
552,65.03117889247777,
553,63.83508602263801,63.83508602263801
554,64.1876060049364,64.1876060049364
555,63.403163405788476,63.403163405788476
556,62.14110366930863,62.14110366930863
557,61.884848983726,61.884848983726
558,62.242351185869325,
559,63.16542900931673,
560,63.22079186723325,63.22079186723325
561,62.218023100846885,62.218023100846885
562,63.003834921351,63.003834921351
563,62.96549171022391,62.96549171022391
564,62.10774252829323,62.10774252829323
565,61.29284554467106,
566,63.56764364941153,
567,63.49172695402856,63.49172695402856
568,63.070960650996376,63.070960650996376
569,62.09263638782764,62.09263638782764
570,62.90079614260185,62.90079614260185
571,62.496364630761725,62.496364630761725
572,61.27861467856619,
573,60.67878847535386,
574,60.91130617530186,60.91130617530186
575,62.266960800941774,62.266960800941774
576,62.7521183786732,62.7521183786732
577,62.81136636829231,62.81136636829231
578,65.54430751515413,65.54430751515413
579,66.00664229039954,
580,64.63427176469192,
581,64.59120147051499,64.59120147051499
582,64.51937007605456,64.51937007605456
583,64.74033854138695,64.74033854138695
584,64.00107910438538,64.00107910438538
585,65.03500981647952,65.03500981647952
586,64.16972359467503,
587,64.92309820490486,
588,63.74319222911728,63.74319222911728
589,61.793077765743185,61.793077765743185
590,62.74121919073063,62.74121919073063
591,64.0619503497345,64.0619503497345
592,65.29535917868427,65.29535917868427
593,64.59552993677335,
594,66.25355209466419,
595,66.85135520850814,66.85135520850814
596,66.53587725877617,66.53587725877617
597,68.08392228209813,68.08392228209813
598,67.28944757634278,67.28944757634278
599,66.505296542284,66.505296542284
600,66.16540308732924,
601,65.12946513774149,
602,66.03791784498306,66.03791784498306
603,66.99548550897862,66.99548550897862
604,68.11689867701996,68.11689867701996
605,68.84182730878557,68.84182730878557
606,70.03878374378394,70.03878374378394
607,70.25660242486694,
608,70.36181227629535,
609,73.30876632463034,73.30876632463034
610,75.99142381829827,75.99142381829827
611,76.23598132174986,76.23598132174986
612,75.2328410106474,75.2328410106474
613,77.35270968430387,77.35270968430387
614,79.494323811355,
615,77.67700442811213,
616,78.66403014644926,78.66403014644926
617,76.7273763457137,76.7273763457137
618,78.80354485166741,78.80354485166741
619,79.85152161724544,79.85152161724544
620,79.63696476496264,79.63696476496264
621,81.32696175441974,
622,80.75476369751074,
623,81.15017453413185,81.15017453413185
624,80.35945018579932,80.35945018579932
625,83.0123143133398,83.0123143133398
626,79.5442401951185,79.5442401951185
627,78.92946192737614,78.92946192737614
628,79.4104672136245,
629,80.9046319614719,
630,82.38120984391814,82.38120984391814
631,82.24148085721731,82.24148085721731
632,82.19194832295969,82.19194832295969
633,82.06632749444661,82.06632749444661
634,82.65539209843902,82.65539209843902
635,81.8789839121958,
636,82.72894422520861,
637,82.69772097102648,82.69772097102648
638,85.51717176013098,85.51717176013098
639,85.64075471149387,85.64075471149387
640,84.5026453073982,84.5026453073982
641,85.20670029622303,85.20670029622303
642,86.10901035729572,
643,86.34014256769218,
644,83.6327345431738,83.6327345431738
645,83.95644992664334,83.95644992664334
646,84.80950464231562,84.80950464231562
647,85.88959546268032,85.88959546268032
648,85.45096126289421,85.45096126289421
649,81.90807045279034,
650,83.528061494304,
651,83.26040229803479,83.26040229803479
652,81.4404720366631,81.4404720366631
653,79.76480180579037,79.76480180579037
654,80.41141291524718,80.41141291524718
655,80.71003873370529,80.71003873370529
656,82.52459040754495,
657,83.14944358805157,
658,80.88237871162829,80.88237871162829
659,78.99433179301192,78.99433179301192
660,79.35312566399953,79.35312566399953
661,77.6116776227263,77.6116776227263
662,79.10724418183041,79.10724418183041
663,81.02628381478891,
664,80.1670849427286,
665,79.41344948441122,79.41344948441122
666,77.04781892957094,77.04781892957094
667,76.01709454763933,76.01709454763933
668,76.71050723623233,76.71050723623233
669,75.6396115931348,75.6396115931348
670,74.00294447682381,
671,74.07842170739319,
672,74.81510557102811,74.81510557102811
673,75.54362206258503,75.54362206258503
674,77.21240896245371,77.21240896245371
675,74.6068477286625,74.6068477286625
676,76.88741915896072,76.88741915896072
677,77.21683636241711,
678,77.7765133114813,
679,76.03295530869578,76.03295530869578
680,75.95180121253907,75.95180121253907
681,74.44503964199427,74.44503964199427
682,73.51813930168969,73.51813930168969
683,72.39833353493242,72.39833353493242
684,72.33767773334559,
685,73.62257171672879,
686,74.03084365621197,74.03084365621197
687,73.9943522969057,73.9943522969057
688,73.79286684844386,73.79286684844386
689,72.80899495660852,72.80899495660852
690,73.43806458637746,73.43806458637746
691,74.07981431655728,
692,73.74381894544189,
693,74.2349387021353,74.2349387021353
694,75.89832737966599,75.89832737966599
695,77.63588177610444,77.63588177610444
696,76.53161225838937,76.53161225838937
697,76.39113539477496,76.39113539477496
698,75.900081442153,
699,74.49251100170193,
700,76.18712663088371,76.18712663088371
701,75.00537075126888,75.00537075126888
702,74.5885410777745,74.5885410777745
703,74.53546770152715,74.53546770152715
704,74.78449134925934,74.78449134925934
705,76.32968090014062,
706,74.32928652438457,
707,74.36998639421506,74.36998639421506
708,76.54032001803877,76.54032001803877
709,74.97784123367192,74.97784123367192
710,76.74663744668439,76.74663744668439
711,79.8478376289856,79.8478376289856
712,81.21767203105489,
713,79.68579837825848,
714,81.46842698239304,81.46842698239304
715,80.9724282673005,80.9724282673005
716,79.3210628522475,79.3210628522475
717,77.9305196947299,77.9305196947299
718,77.89283003814789,77.89283003814789
719,78.92221964108947,
720,78.18420564848807,
721,76.90896167047693,76.90896167047693
722,76.49240269446193,76.49240269446193
723,75.9713578827994,75.9713578827994
724,74.16171697932384,74.16171697932384
725,74.11471540514198,74.11471540514198
726,75.12928568714634,
727,75.57853114801534,
728,77.3568201408393,77.3568201408393
729,76.04664089207046,76.04664089207046
730,74.49691157343425,74.49691157343425
731,73.769383823503,73.769383823503
732,75.32680148326656,75.32680148326656
733,73.58387105468786,
734,72.36819761725565,
735,72.8845894074898,72.8845894074898
736,71.03153949961425,
737,72.08845778265623,72.08845778265623
738,73.71371355284847,73.71371355284847
739,72.69106318419048,72.69106318419048
740,72.75702489088923,
741,72.46397836699357,
742,71.64563325517335,71.64563325517335
743,74.2413481175108,74.2413481175108
744,76.22570039720242,76.22570039720242
745,75.67813768908984,75.67813768908984
746,75.1559932365819,75.1559932365819
747,75.72971399806467,
748,76.55407931071396,
749,73.56819278041141,
750,75.0801637991556,75.0801637991556
751,75.47950291562428,75.47950291562428
752,75.71217069988965,75.71217069988965
753,77.29968504629518,77.29968504629518
754,77.83643170732252,
755,75.98425599417672,
756,74.49903211582412,74.49903211582412
757,75.57192350474712,75.57192350474712
758,74.56398976418264,74.56398976418264
759,74.86905672437767,74.86905672437767
760,74.76622521546147,74.76622521546147
761,74.35790937936645,
762,72.86493191894998,
763,74.30232085374048,74.30232085374048
764,75.52115775048166,75.52115775048166
765,75.50204850971258,75.50204850971258
766,74.79063228047347,74.79063228047347
767,74.0982419506024,74.0982419506024
768,73.38023821638879,
769,72.9178221321868,
770,72.8139030951398,72.8139030951398
771,73.25615011924394,73.25615011924394
772,71.55669406655912,71.55669406655912
773,71.74157353154578,71.74157353154578
774,70.66000576853011,70.66000576853011
775,69.59896703354055,
776,69.7789230972099,
777,69.6853415980996,69.6853415980996
778,69.3019708738845,69.3019708738845
779,69.71061164209212,69.71061164209212
780,69.07533201419899,69.07533201419899
781,67.1712065984518,67.1712065984518
782,67.74096594843716,
783,68.18329370961915,
784,67.85691934861106,67.85691934861106
785,67.86311666682306,67.86311666682306
786,68.32829819730006,
787,69.14823427256346,69.14823427256346
788,68.20694625413047,68.20694625413047
789,68.25272750005307,
790,69.34528334352758,
791,68.806039492765,68.806039492765
792,70.55499375821422,70.55499375821422
793,69.5752160524163,69.5752160524163
794,70.25561578465151,70.25561578465151
795,68.75741614772751,68.75741614772751
796,67.40180930808899,
797,67.0499287963319,
798,64.37901771726202,64.37901771726202
799,65.17171700291642,65.17171700291642
800,64.91986470530509,64.91986470530509
801,62.43666743138006,62.43666743138006
802,60.95219046397726,60.95219046397726
803,59.82847613465167,
804,59.91441201904954,
805,61.87165726318548,61.87165726318548
806,61.5755614114674,61.5755614114674
807,60.130538989166574,60.130538989166574
808,58.356281123797075,58.356281123797075
809,57.73373168151412,57.73373168151412
810,58.86005740844398,
811,58.80156983971353,
812,58.67389110060457,58.67389110060457
813,59.33381168340877,59.33381168340877
814,57.96657339804495,57.96657339804495
815,58.23130115012381,58.23130115012381
816,57.899919111786645,57.899919111786645
817,58.95088480872296,
818,59.50134517985438,
819,59.074461003156905,59.074461003156905
820,58.1283009271473,
821,57.14727790974866,57.14727790974866
822,57.09583695454528,57.09583695454528
823,57.39592781596172,57.39592781596172
824,57.03034367128163,
825,56.951196179099675,
826,57.54088386397485,57.54088386397485
827,57.59783920673789,57.59783920673789
828,57.513861197451,57.513861197451
829,57.01866314732118,57.01866314732118
830,59.26191607425656,59.26191607425656
831,59.46687221451678,
832,59.25452193490132,
833,59.78176852655241,
834,61.36894859599194,61.36894859599194
835,60.67086167575702,60.67086167575702
836,59.30784977165826,59.30784977165826
837,59.4015228388144,59.4015228388144
838,60.779848520529335,
839,58.97033511708371,
840,57.18285739481731,57.18285739481731
841,56.12779257809595,56.12779257809595
842,56.46500128812041,56.46500128812041
843,55.4554134549994,55.4554134549994
844,54.22373894358997,54.22373894358997
845,54.900816314082114,
846,55.59105393422053,
847,56.03237624546823,56.03237624546823
848,57.24721290490773,57.24721290490773
849,56.48244955542175,
850,56.51253136482237,56.51253136482237
851,55.9866653906579,55.9866653906579
852,57.60553731574608,
853,56.16950453890816,
854,54.658756361624896,54.658756361624896
855,54.01173784804429,54.01173784804429
856,52.57318314785508,52.57318314785508
857,51.9841433099991,51.9841433099991
858,52.085328658163945,52.085328658163945
859,51.43015026517387,
860,50.65737443473542,
861,49.62857208310974,49.62857208310974
862,49.546894057810555,49.546894057810555
863,49.8730513558898,49.8730513558898
864,50.592782002584634,50.592782002584634
865,49.90508457481979,49.90508457481979
866,48.858389192435894,
867,49.17154983623859,
868,49.22701416526922,49.22701416526922
869,49.771130920564026,49.771130920564026
870,48.92287413905538,48.92287413905538
871,48.1686161750066,48.1686161750066
872,47.71937197863613,47.71937197863613
873,47.870180329376325,
874,47.68811296287643,
875,47.38739936835194,47.38739936835194
876,48.43259194266582,48.43259194266582
877,49.91903221375633,49.91903221375633
878,50.30465315305237,50.30465315305237
879,49.61198808845277,49.61198808845277
880,49.66414696073194,
881,49.81293864712503,
882,48.596338459901375,48.596338459901375
883,49.852257214742515,49.852257214742515
884,50.26065296492837,
885,49.67410139339454,49.67410139339454
886,48.54596433485329,48.54596433485329
887,48.1810670574716,
888,48.9315595448653,
889,48.97447257077127,48.97447257077127
890,49.51619644531684,49.51619644531684
891,48.74805484402087,48.74805484402087
892,47.85331177348987,47.85331177348987
893,48.32678185817546,48.32678185817546
894,48.978956765394855,
895,48.73231280603827,
896,49.65990569673744,49.65990569673744
897,47.57033361743868,47.57033361743868
898,48.02975806486805,48.02975806486805
899,48.65239834946778,
900,48.62691568092666,48.62691568092666
901,48.875826340319136,
902,49.869385187665785,
903,49.269665047441066,49.269665047441066
904,49.41188758774945,49.41188758774945
905,49.3633183649541,49.3633183649541
906,50.23721544587518,50.23721544587518
907,49.816263239126016,49.816263239126016
908,50.422230557198645,
909,50.329666566826546,
910,50.814706164443834,50.814706164443834
911,50.520558063196106,50.520558063196106
912,50.07976044485971,50.07976044485971
913,50.492858175680176,50.492858175680176
914,50.78529041508024,50.78529041508024
915,51.6005070610453,
916,49.80426769300442,
917,49.8202388735697,
918,48.406880202518444,48.406880202518444
919,49.275378881616234,49.275378881616234
920,49.618595160810564,49.618595160810564
921,49.70165188306706,49.70165188306706
922,51.205993795631244,
923,51.163002986778196,
924,51.07256978865616,51.07256978865616
925,50.72603564533694,50.72603564533694
926,49.27639974773996,49.27639974773996
927,48.781775170044845,48.781775170044845
928,49.15421592683052,49.15421592683052
929,48.00276665384363,
930,48.008546665408076,
931,47.50354983982793,47.50354983982793
932,47.39069388241867,47.39069388241867
933,47.157398199090075,47.157398199090075
934,48.69638514475738,48.69638514475738
935,48.5610607922513,48.5610607922513
936,48.35504718149573,
937,47.763593127241876,
938,47.475704304322605,47.475704304322605
939,47.20017487664162,47.20017487664162
940,47.96338869732496,47.96338869732496
941,48.29059709793473,48.29059709793473
942,47.37983726070394,47.37983726070394
943,48.458014605657354,
944,48.39375181698052,
945,48.103057111884546,48.103057111884546
946,48.59180856015289,48.59180856015289
947,50.23563139307188,50.23563139307188
948,48.9713005850959,48.9713005850959
949,46.757391072127916,46.757391072127916
950,47.57034893918618,
951,48.90985615967446,
952,50.6587178289161,50.6587178289161
953,51.80802853335237,51.80802853335237
954,51.72156922287385,51.72156922287385
955,50.71129121849235,50.71129121849235
956,50.5804126017382,50.5804126017382
957,50.32663540435932,
958,50.24961958530422,
959,50.07118356730954,50.07118356730954
960,51.02503430752927,51.02503430752927
961,50.1141342567759,50.1141342567759
962,49.10384282925618,49.10384282925618
963,48.123985522443,48.123985522443
964,46.433863300081605,
965,46.76208122168202,
966,47.721103643777965,47.721103643777965
967,49.27188413553046,49.27188413553046
968,51.87682032767125,51.87682032767125
969,52.97188257283619,52.97188257283619
970,53.38527119682032,53.38527119682032
971,50.56425748489068,
972,49.71617783077092,
973,49.598743816631846,49.598743816631846
974,50.759152769131134,50.759152769131134
975,51.67378358847703,51.67378358847703
976,51.897383869892046,51.897383869892046
977,53.1373545130883,53.1373545130883
978,54.30831477878705,
979,54.86406369973176,
980,54.57150547575805,54.57150547575805
981,54.06557436621643,54.06557436621643
982,54.525182855001376,54.525182855001376
983,54.52652172104388,54.52652172104388
984,53.98551611295949,53.98551611295949
985,53.55563195151532,
986,54.47972000568549,
987,55.13089792554777,55.13089792554777
988,54.43672702128427,54.43672702128427
989,54.63985714827897,54.63985714827897
990,56.15870369849376,56.15870369849376
991,55.50935410296972,55.50935410296972
992,54.59509480141955,
993,54.74659562584905,
994,55.051806789020205,55.051806789020205
995,55.83764372436214,55.83764372436214
996,57.961148163791876,57.961148163791876
997,57.92967038782264,57.92967038782264
998,58.447689845602746,58.447689845602746
999,59.291846527677464,
1000,60.089363367040846,
1001,60.61353428970487,60.61353428970487
1002,61.004137555211024,61.004137555211024
1003,61.163863369521856,61.163863369521856
1004,61.55936927855855,61.55936927855855
1005,59.86858144773096,59.86858144773096
1006,59.498888596792575,
1007,59.00463372319453,
1008,58.67996935349328,58.67996935349328
1009,60.12443959783439,60.12443959783439
1010,60.66695295086952,60.66695295086952
1011,62.31927583621085,62.31927583621085
1012,61.648545870957115,61.648545870957115
1013,61.08265040170683,
1014,61.364581404117104,
1015,61.16340522018867,61.16340522018867
1016,61.6515646178433,61.6515646178433
1017,63.324154501495045,63.324154501495045
1018,64.23318878636792,64.23318878636792
1019,64.50844197091412,64.50844197091412
1020,61.87548904158754,
1021,62.44881025019963,
1022,62.80350624461476,62.80350624461476
1023,62.51236963652207,
1024,62.57542249508442,62.57542249508442
1025,62.721839798838886,62.721839798838886
1026,61.43049956411887,61.43049956411887
1027,61.586576473477805,
1028,62.58944732215584,
1029,61.124122915481706,61.124122915481706
1030,62.039541110413374,62.039541110413374
1031,62.758363556260754,62.758363556260754
1032,62.17515940726764,62.17515940726764
1033,60.87930968842925,60.87930968842925
1034,60.35157378282553,
1035,61.345769828995344,
1036,62.83043169005664,62.83043169005664
1037,63.010800005840814,63.010800005840814
1038,62.55778734992342,62.55778734992342
1039,63.8659833113072,63.8659833113072
1040,62.248473556953144,62.248473556953144
1041,63.67334542500968,
1042,64.6516129103521,
1043,63.29067003907538,63.29067003907538
1044,64.83773442861131,64.83773442861131
1045,66.62590559483313,66.62590559483313
1046,66.09255136847668,66.09255136847668
1047,64.25436445183969,64.25436445183969
1048,63.65447060256877,
1049,62.87162511753577,
1050,63.95011905515291,63.95011905515291
1051,62.23792485035019,62.23792485035019
1052,60.535698952569625,60.535698952569625
1053,60.52712212209873,60.52712212209873
1054,60.27441544736711,60.27441544736711
1055,60.222422811378316,
1056,59.120237015214286,
1057,61.30783592393997,61.30783592393997
1058,60.96399079561684,60.96399079561684
1059,60.154500261133805,60.154500261133805
1060,60.78661615078218,60.78661615078218
1061,62.29565133739226,62.29565133739226
1062,63.27553859732663,
1063,63.54565616781214,
1064,64.72964938988596,64.72964938988596
1065,64.61793084223474,64.61793084223474
1066,65.03700543968087,65.03700543968087
1067,64.88753008088236,64.88753008088236
1068,65.49753332571741,65.49753332571741
1069,66.46450535500011,
1070,66.6084611379833,
1071,67.59952868480697,67.59952868480697
1072,67.73346993148309,67.73346993148309
1073,69.43344445444659,69.43344445444659
1074,68.21304858309391,68.21304858309391
1075,68.05603364268737,68.05603364268737
1076,70.0047974775638,
1077,73.12311568025625,
1078,74.66381569438319,74.66381569438319
1079,75.78632516593736,75.78632516593736
1080,76.00982400992265,76.00982400992265
1081,77.07605760132824,77.07605760132824
1082,78.4718088595848,78.4718088595848
1083,76.55098625325058,
1084,77.2406546865221,
1085,76.70137010530325,76.70137010530325
1086,76.72999873123184,76.72999873123184
1087,73.69772957432251,73.69772957432251
1088,73.23145639568213,73.23145639568213
1089,71.5421864380052,71.5421864380052
1090,71.91832423145165,
1091,71.40706011126352,
1092,71.0169991454758,71.0169991454758
1093,71.52175290892352,71.52175290892352
1094,71.12102046724337,71.12102046724337
1095,69.50816458591245,69.50816458591245
1096,69.75161435864199,69.75161435864199
1097,69.23290531747945,
1098,67.40339553821015,
1099,67.05571152955999,67.05571152955999
1100,68.09077096767977,68.09077096767977
1101,68.17181950302515,68.17181950302515
1102,69.16105923140978,69.16105923140978
1103,68.57228349094609,68.57228349094609
1104,69.65783556691814,
1105,70.04126465061648,
1106,70.93469747164264,70.93469747164264
1107,70.98362463151842,70.98362463151842
1108,72.59715357559081,72.59715357559081
1109,72.74764025584545,72.74764025584545
1110,73.65187818881459,73.65187818881459
1111,71.03061650199673,
1112,68.417619685725,
1113,69.83409826910274,69.83409826910274
1114,70.56260924326368,70.56260924326368
1115,69.93553813213977,69.93553813213977
1116,68.58826560936774,68.58826560936774
1117,66.57915111355422,66.57915111355422
1118,67.42977266035996,
1119,68.22385890838173,
1120,66.72845356216774,66.72845356216774
1121,66.63504730865583,66.63504730865583
1122,67.18204051211406,67.18204051211406
1123,67.9432894624216,67.9432894624216
1124,68.72860594237869,68.72860594237869
1125,67.89106573889919,
1126,65.23256827645929,
1127,66.3302253790181,66.3302253790181
1128,67.6004676112107,67.6004676112107
1129,67.51337432555805,67.51337432555805
1130,67.70888400059013,67.70888400059013
1131,67.89171661863153,67.89171661863153
1132,70.0329377566847,
1133,70.24898685033412,
1134,70.79956910844373,70.79956910844373
1135,70.55382159406744,70.55382159406744
1136,71.05877582085265,71.05877582085265
1137,72.22983941865037,72.22983941865037
1138,72.6764225327548,72.6764225327548
1139,72.73267182326137,
1140,70.0079223127134,
1141,69.30668701552058,69.30668701552058
1142,68.13670246848486,68.13670246848486
1143,68.33321356681758,68.33321356681758
1144,68.61579811656608,68.61579811656608
1145,68.73536349637968,68.73536349637968
1146,67.1320271260897,
1147,67.97974226590168,
1148,67.68069168075147,67.68069168075147
1149,66.93556605669708,66.93556605669708
1150,68.23629408187911,68.23629408187911
1151,68.18841268581791,68.18841268581791
1152,69.25582325501365,69.25582325501365
1153,71.22481246241296,
1154,70.76201191163933,
1155,71.90762598370326,71.90762598370326
1156,72.35497428194877,72.35497428194877
1157,72.9311789652783,72.9311789652783
1158,72.49948342384904,72.49948342384904
1159,73.04595065087753,73.04595065087753
1160,73.64271655171444,
1161,72.05529156357686,
1162,74.51445053322571,74.51445053322571
1163,74.56137618986467,74.56137618986467
1164,72.55840156747979,72.55840156747979
1165,71.2184075990805,71.2184075990805
1166,70.24855228041902,70.24855228041902
1167,70.77215288757517,
1168,69.27307120900423,
1169,70.16944021064663,70.16944021064663
1170,70.92609259164217,70.92609259164217
1171,69.63988475285305,69.63988475285305
1172,68.87661483741397,68.87661483741397
1173,68.29051618465034,68.29051618465034
1174,69.71168564376761,
1175,69.28807456240932,
1176,69.05165424592451,69.05165424592451
1177,70.4820259787952,70.4820259787952
1178,70.17333964838387,70.17333964838387
1179,71.70259830153563,71.70259830153563
1180,71.60274070492694,71.60274070492694
1181,70.21828037327438,
1182,70.36084669929089,
1183,68.11094391162489,68.11094391162489
1184,66.22366583089516,66.22366583089516
1185,64.99710857349153,64.99710857349153
1186,64.63089842201457,64.63089842201457
1187,63.500342084939845,63.500342084939845
1188,64.02756516923218,
1189,63.29909890132105,
1190,61.17467185413934,61.17467185413934
1191,61.62795551610791,61.62795551610791
1192,62.735319630810885,62.735319630810885
1193,60.87472973787934,60.87472973787934
1194,60.75622660739833,60.75622660739833
1195,60.654159139336016,
1196,59.39850465717377,
1197,59.80579542146272,59.80579542146272
1198,59.99324745288545,59.99324745288545
1199,60.69146394413768,60.69146394413768
1200,58.51160697834025,58.51160697834025
1201,59.44627311877435,59.44627311877435
1202,60.31289155126027,
1203,60.599513700715114,
1204,60.377781483610825,60.377781483610825
1205,58.658014426292894,58.658014426292894
1206,59.5914453031322,59.5914453031322
1207,59.94588978114878,59.94588978114878
1208,59.69392161736271,59.69392161736271
1209,58.95896022078419,
1210,58.53400929807804,
1211,58.43796181742679,58.43796181742679
1212,57.52465200981154,57.52465200981154
1213,57.06378024708568,57.06378024708568
1214,56.689858583653475,56.689858583653475
1215,55.28113111934515,55.28113111934515
1216,55.598791475569975,
1217,56.632719682041724,
1218,56.168274316558076,56.168274316558076
1219,55.41005200263203,55.41005200263203
1220,54.04043683731909,54.04043683731909
1221,53.43492954204091,53.43492954204091
1222,52.80818587086187,52.80818587086187
1223,50.670221680797766,
1224,50.04918286524709,
1225,49.46142344358921,
1226,49.96401048271276,49.96401048271276
1227,49.7772123318926,49.7772123318926
1228,50.710130497501446,50.710130497501446
1229,50.39806274315032,50.39806274315032
1230,49.735639808382906,
1231,51.49644065308906,
1232,51.04695140107475,51.04695140107475
1233,50.401764764333954,50.401764764333954
1234,51.31258039656675,51.31258039656675
1235,52.584139711480994,52.584139711480994
1236,52.484185350103616,52.484185350103616
1237,52.67104202790188,
1238,52.349767297103114,
1239,51.4903647982797,51.4903647982797
1240,49.79799825809591,49.79799825809591
1241,49.80862890809129,49.80862890809129
1242,48.47036225267908,48.47036225267908
1243,48.30058949271957,48.30058949271957
1244,47.933422081414236,
1245,48.886441890654744,
1246,48.2658787778641,48.2658787778641
1247,47.731903246055175,47.731903246055175
1248,46.54824277310909,
1249,47.51734547896186,47.51734547896186
1250,47.208150341193694,47.208150341193694
1251,47.0394253722231,
1252,46.35613142138394,
1253,45.56804135311774,45.56804135311774
1254,44.46546101459255,44.46546101459255
1255,44.43035228696497,44.43035228696497
1256,45.0288491747955,45.0288491747955
1257,45.107910233894735,45.107910233894735
1258,46.31869951225154,
1259,46.14567440372766,
1260,45.330633124306544,45.330633124306544
1261,45.325565294081706,45.325565294081706
1262,44.892175713037346,44.892175713037346
1263,45.176745964297716,45.176745964297716
1264,45.47196491928472,45.47196491928472
1265,44.70898428486594,
1266,44.05426584232408,
1267,44.2448758791724,44.2448758791724
1268,43.89082134218094,43.89082134218094
1269,44.85424229694924,44.85424229694924
1270,45.86323176727685,45.86323176727685
1271,44.848286907392456,44.848286907392456
1272,43.68031390080962,
1273,44.198110409384725,
1274,44.75206583747903,44.75206583747903
1275,44.086677787225106,44.086677787225106
1276,43.97093751322209,43.97093751322209
1277,45.28925423508319,45.28925423508319
1278,44.4564888979241,44.4564888979241
1279,43.87017894355655,
1280,44.84577338854881,
1281,43.75839410504848,43.75839410504848
1282,45.026152640980946,45.026152640980946
1283,43.71849198010517,43.71849198010517
1284,43.00129588249399,43.00129588249399
1285,42.78748701542146,42.78748701542146
1286,43.56033794505119,
1287,43.815957713334136,
1288,44.43027738337871,44.43027738337871
1289,44.658534751450404,44.658534751450404
1290,45.164296328353046,45.164296328353046
1291,43.75525553260598,43.75525553260598
1292,44.732273082847236,44.732273082847236
1293,44.32114637956006,
1294,45.40149692050493,
1295,46.01769642416865,46.01769642416865
1296,45.750103906222584,45.750103906222584
1297,46.53169244994044,46.53169244994044
1298,47.025096412899195,47.025096412899195
1299,46.731976491003124,46.731976491003124
1300,46.77535659195741,
1301,46.4604108291354,
1302,46.57990554143584,46.57990554143584
1303,46.31635275421656,46.31635275421656
1304,46.64012829012407,46.64012829012407
1305,47.00376201302851,47.00376201302851
1306,46.51273240892845,
1307,44.83278170074238,
1308,45.18295504536748,
1309,45.89835454048582,45.89835454048582
1310,45.206096198506636,45.206096198506636
1311,45.76744863954903,45.76744863954903
1312,45.55181496947903,45.55181496947903
1313,45.8704528117889,45.8704528117889
1314,47.06331630853415,
1315,46.11364653398669,
1316,46.91364383876589,46.91364383876589
1317,47.08440048251732,47.08440048251732
1318,48.47090438996775,48.47090438996775
1319,49.09458360153338,49.09458360153338
1320,49.05191870583382,49.05191870583382
1321,48.46213042149225,
1322,49.010286790534074,
1323,50.11392334447482,50.11392334447482
1324,49.74213584332834,49.74213584332834
1325,49.2911966574731,49.2911966574731
1326,49.23347532439795,49.23347532439795
1327,48.802002034808886,48.802002034808886
1328,49.76064852942217,
1329,50.1611895276915,
1330,50.91473272445768,50.91473272445768
1331,49.66944964200683,49.66944964200683
1332,51.25156175309332,51.25156175309332
1333,51.96843372234681,51.96843372234681
1334,51.51772316804924,51.51772316804924
1335,51.23183543581097,
1336,51.534625879650584,
1337,52.040630469328285,52.040630469328285
1338,51.51328845611217,51.51328845611217
1339,50.90355382023032,50.90355382023032
1340,51.08146939691286,51.08146939691286
1341,51.32802942850302,51.32802942850302
1342,51.52755930948945,
1343,52.48312902076098,
1344,52.74107138590944,52.74107138590944
1345,52.18029658575743,52.18029658575743
1346,51.757898912215374,51.757898912215374
1347,50.71619324972051,50.71619324972051
1348,50.630133857068834,50.630133857068834
1349,52.49844159750266,
1350,52.15621216794754,
1351,52.562177451449955,52.562177451449955
1352,52.737182375117655,52.737182375117655
1353,52.516941410288624,52.516941410288624
1354,52.19093992365911,52.19093992365911
1355,50.87639470574575,50.87639470574575
1356,51.29688747639172,
1357,49.84301030267265,
1358,50.549143947779775,50.549143947779775
1359,52.22101762682525,52.22101762682525
1360,51.75413099245127,51.75413099245127
1361,51.393534194727216,51.393534194727216
1362,51.69355371586855,
1363,52.08328620106397,
1364,51.81708841704348,
1365,51.868588491680676,51.868588491680676
1366,53.536075305889376,53.536075305889376
1367,51.81496122809972,51.81496122809972
1368,51.14168596668244,51.14168596668244
1369,49.46062231798166,49.46062231798166
1370,49.254167068498425,
1371,48.34690034395306,
1372,48.71330448623614,48.71330448623614
1373,46.881486055135134,46.881486055135134
1374,49.610024499495836,49.610024499495836
1375,48.78166096329422,48.78166096329422
1376,48.78532992555063,48.78532992555063
1377,48.48468873690781,
1378,47.49530946661058,
1379,48.13077997821249,48.13077997821249
1380,48.95132983926262,48.95132983926262
1381,51.06707172302837,51.06707172302837
1382,51.20930300804603,51.20930300804603
1383,51.386174680757534,51.386174680757534
1384,51.476194347677264,
1385,51.72812090776519,
1386,51.14714460490746,51.14714460490746
1387,51.81806436234974,51.81806436234974
1388,50.654882259841486,50.654882259841486
1389,51.67919817389289,51.67919817389289
1390,51.92370780171506,51.92370780171506
1391,50.995359512153115,
1392,50.97093574075237,
1393,51.869493708303594,51.869493708303594
1394,52.267801352612445,52.267801352612445
1395,51.41208778516192,51.41208778516192
1396,51.03906323630102,51.03906323630102
1397,49.590959964458186,49.590959964458186
1398,51.416553520984706,
1399,50.59410250073787,
1400,48.44671240634536,48.44671240634536
1401,47.31788040744308,47.31788040744308
1402,47.1323992003123,47.1323992003123
1403,47.87928663599411,47.87928663599411
1404,47.5559782980355,47.5559782980355
1405,46.09672598471051,
1406,45.879986348469295,
1407,46.34783394619429,46.34783394619429
1408,45.18092759517193,45.18092759517193
1409,45.081882179847845,45.081882179847845
1410,44.2405825504604,44.2405825504604
1411,44.873926603273304,44.873926603273304
1412,45.38500044775111,
1413,44.92390241358471,
1414,46.751888206787676,46.751888206787676
1415,45.110504894243405,45.110504894243405
1416,43.18360185573945,43.18360185573945
1417,41.888481718588935,41.888481718588935
1418,41.81605831937152,41.81605831937152
1419,41.381008268388285,
1420,42.54981186932894,
1421,43.07597862905016,43.07597862905016
1422,42.01198663916198,42.01198663916198
1423,42.779860644122124,42.779860644122124
1424,42.57149043042446,42.57149043042446
1425,41.94253456075634,41.94253456075634
1426,42.45120808112278,
1427,42.94787614544447,
1428,42.93348060006741,42.93348060006741
1429,42.29732992988377,42.29732992988377
1430,41.934348281761764,41.934348281761764
1431,41.970182657328124,41.970182657328124
1432,41.096520743561776,41.096520743561776
1433,40.89559626359468,
1434,41.93349649389989,
1435,42.93692659665157,42.93692659665157
1436,43.82617312781969,43.82617312781969
1437,43.49635409229817,43.49635409229817
1438,42.91511108598888,42.91511108598888
1439,42.92294208469253,42.92294208469253
1440,42.62336038222154,
1441,41.68704319084986,
1442,41.09734505204648,41.09734505204648
1443,41.9139598997794,41.9139598997794
1444,42.468339608061264,42.468339608061264
1445,42.83608929698572,42.83608929698572
1446,41.99723734138112,41.99723734138112
1447,41.52619444083096,
1448,42.12334697555547,
1449,41.57101502921487,41.57101502921487
1450,41.28896349304535,41.28896349304535
1451,41.94910575820611,41.94910575820611
1452,42.774484094084016,42.774484094084016
1453,42.22949368127543,42.22949368127543
1454,41.71744582061411,
1455,40.277642119449226,
1456,40.68478575803216,40.68478575803216
1457,40.866233670316824,40.866233670316824
1458,41.00993176546906,41.00993176546906
1459,41.42530978273428,41.42530978273428
