Close_ahead30,Close_ahead30_missing90,Close_ahead30_missing90_cubicfit30
33.87749863,33.87749863,33.87749863
33.83750153,34.0,34.0
33.93000031,,34.122501369999966
34.17499924,,34.24500273999996
34.27750015,,34.36750410999995
34.13249969,,34.49000547999994
34.16500092,,34.61250684999993
34.23249817,,34.735008219999926
34.24750137,,34.857509589999914
34.94749832,,34.9800109599999
34.74000168,34.74000168,34.74000168
34.94499969,,34.826650348351656
34.83499908,,34.911307199945064
34.88000107,,34.99596405153847
34.75,,35.08062090313188
34.66999817,,35.16527775472529
34.78499985,,35.249934606318696
34.79999924,,35.334591457912104
34.74750137,,35.41924830950551
35.11500168,,35.50390516109892
35.17250061,35.17250061,35.17250061
34.99750137,,35.310212271332695
35.36500168,,35.37532261407478
34.95999908,,35.44043295681688
35.35499954,,35.505543299558965
35.22999954,,35.57065364230105
35.15999985,,35.63576398504314
35.22000122,,35.700874327785236
35.95000076,,35.765984670527324
36.02999878,,35.83109501326941
35.98249817,35.98249817,35.98249817
35.91500092,,36.00845626282526
35.92499924,,36.04383138066667
36.19250107,,36.10595620516666
36.00500107,,36.168081029666666
35.91500092,,36.23020585416666
35.83499908,,36.292330678666666
35.79249954,,36.35445550316666
35.40750122,,36.416580327666665
35.45000076,,36.47870515216667
35.26250076,35.26250076,35.26250076
35.45750046,,35.521999929166675
35.29999924,,35.526499936666674
35.16999817,,35.53099994416668
35.61000061,,35.53549995166668
35.56750107,,35.53999995916668
35.90999985,,35.54449996666668
36.13249969,,35.548999974166684
35.91999817,,35.55349998166668
35.94749832,,35.55799998916668
35.91249847,35.91249847,35.91249847
36.64500046,,35.680665964999996
36.87749863,,35.67716597999999
36.76499939,,35.67366599499999
36.63249969,,35.670166009999996
37.24000168,,35.66666602499999
38.25249863,,35.66316603999999
38.49750137,,35.659666054999995
38.31499863,,35.65616606999999
38.48749924,,35.65266608499999
39.02500153,39.02500153,39.02500153
38.92499924,,38.80270901016665
38.86750031,,38.990834048666656
37.5625,,39.17895908716665
38.13499832,,39.36708412566666
38.26499939,,39.555209164166655
38.49750137,,39.74333420266666
38.45000076,,39.93145924116666
38.33499908,,40.119584279666654
38.46749878,,40.30770931816666
38.40250015,38.40250015,38.40250015
38.41749954,,39.14950097399999
38.18999863,,39.27400105799999
38.29499817,,39.398501141999986
38.86249924,,39.52300122599999
38.48249817,,39.64750130999999
38.61249924,,39.77200139399999
38.84249878,,39.89650147799999
38.74750137,,40.021001561999995
37.24499893,,40.14550164599999
36.35499954,36.35499954,36.35499954
36.64749908,,36.458999312166675
36.29000092,,36.32549921266668
36.07249832,,36.19199911316667
35.56750107,,36.058499013666676
36.58499908,,35.92499891416668
36.25249863,,35.79149881466668
36.46749878,,35.65799871516668
36.40750122,,35.52449861566668
36.56999969,,35.390998516166675
36.45500183,36.45500183,36.45500183
35.93249893,,35.99970976399999
36.45750046,,35.90233484799999
35.91999817,,35.80495993199999
36.00500107,,35.70758501599999
35.875,,35.61021009999999
36.02249908,,35.51283518399999
35.68249893,,35.41546026799999
36.04499817,,35.31808535199999
36.26499939,,35.22071043599999
36.38249969,36.38249969,36.38249969
36.43500137,,36.41262543583333
36.94250107,,36.41400044333333
37.25999832,,36.415375450833324
37.38999939,,36.416750458333325
37.52000046,,36.41812546583333
37.75500107,,36.41950047333333
37.58499908,,36.420875480833324
37.56750107,,36.422250488333326
38.02249908,,36.42362549583333
38.18500137,38.18500137,38.18500137
38.36500168,,37.95900071033334
37.63999939,,38.04550068733334
37.375,,38.13200066433334
37.18249893,,38.218500641333335
37.51250076,,38.30500061833334
39.28499985,,38.39150059533334
38.89250183,,38.47800057233334
39.09749985,,38.56450054933334
39.70249939,,38.65100052633334
40.02000046,40.02000046,40.02000046
40.26499939,,40.19645926349999
38.83000183,,40.378334301999985
39.36999893,,40.56020934049999
39.96250153,,40.74208437899999
40.40000153,,40.92395941749999
40.23749924,,41.10583445599998
39.46500015,,41.287709494499985
39.375,,41.46958453299999
39.30250168,,41.651459571499984
39.94499969,39.94499969,39.94499969
39.99499893,,40.35133291600001
39.81750107,,40.43933283200001
39.96500015,,40.52733274800001
40.36750031,,40.615332664000015
40.72750092,,40.703332580000016
40.83750153,,40.79133249600001
41.0,,40.87933241200001
41.01250076,,40.96733232800001
40.52000046,,41.05533224400001
40.47750092,40.47750092,40.47750092
40.31499863,,40.39912560966666
39.65750122,,40.42200063266666
40.375,,40.444875655666664
40.21500015,,40.46775067866666
39.91249847,,40.49062570166666
39.56999969,,40.51350072466666
39.97000122,,40.53637574766666
39.66749954,,40.55925077066666
39.68249893,,40.58212579366666
39.01750183,39.01750183,39.01750183
38.34749985,,39.303210323666654
37.97249985,,39.256835430666655
37.63750076,,39.210460537666656
38.28499985,,39.164085644666656
38.55749893,,39.11771075166666
38.31999969,,39.07133585866666
38.52999878,,39.02496096566666
38.45249939,,38.97858607266666
38.61999893,,38.93221117966666
38.36999893,38.36999893,38.36999893
38.84749985,,38.12920779883331
38.82500076,,38.02383269933331
38.95999908,,37.91845759983332
38.97499847,,37.813082500333316
39.13750076,,37.707707400833314
39.0,,37.60233230133332
39.24750137,,37.49695720183331
39.97000122,,37.39158210233332
40.11750031,,37.286207002833315
39.93999863,39.93999863,39.93999863
38.99499893,,39.61653970333333
39.0625,,39.662664543333335
39.04249954,,39.70878938333333
39.27500153,,39.75491422333333
39.10250092,,39.801039063333334
39.35250092,,39.84716390333333
40.76250076,,39.89328874333333
41.68000031,,39.939413583333334
42.25999832,,39.98553842333333
41.72249985,41.72249985,41.72249985
42.02750015,,41.85470797600001
43.125,,42.022333022000005
43.5625,,42.189958068
43.70249939,,42.35758311400001
44.06000137,,42.525208160000005
43.97000122,,42.692833206
43.66749954,,42.860458252
43.49250031,,43.028083298000006
42.83499908,,43.195708344
42.27000046,42.27000046,42.27000046
42.77500153,,42.59233398650001
42.53749847,,42.70883407800001
42.49499893,,42.82533416950001
43.28499985,,42.941834261000004
43.74000168,,43.058334352500005
43.74250031,,43.174834444000005
43.52249908,,43.291334535500006
43.26750183,,43.407834627
42.36999893,,43.5243347185
42.96250153,42.96250153,42.96250153
42.76250076,,43.00033487066666
42.45000076,,43.06233495466667
42.40999985,,43.124335038666665
42.25249863,,43.18633512266666
42.33000183,,43.24833520666667
42.34249878,,43.310335290666664
43.16749954,,43.37233537466666
42.92499924,,43.434335458666666
43.06750107,,43.496335542666664
43.05500031,43.05500031,43.05500031
43.49250031,,43.19425068416664
44.10499954,,43.233500676666644
43.63499832,,43.27275066916664
43.58750153,,43.312000661666644
43.75249863,,43.35125065416664
43.75249863,,43.39050064666664
42.64250183,,43.42975063916664
42.65000153,,43.469000631666646
42.77000046,,43.50825062416664
42.30749893,42.30749893,42.30749893
43.06499863,,42.41474882666666
43.05749893,,42.38199869666666
43.25749969,,42.34924856666666
43.75,,42.31649843666666
43.58750153,,42.28374830666666
43.58250046,,42.25099817666666
43.57249832,,42.21824804666666
43.81999969,,42.18549791666666
44.27249908,,42.15274778666666
44.04750061,44.04750061,44.04750061
44.77500153,,43.682541781666664
44.81499863,,43.73216679666666
44.61500168,,43.781791811666665
44.25,,43.83141682666666
44.25999832,,43.881041841666665
43.55500031,,43.93066685666666
42.77750015,,43.980291871666665
42.87749863,,44.02991688666666
41.99000168,,44.079541901666666
41.74250031,41.74250031,41.74250031
41.85749817,,42.38841737566666
41.94499969,,42.360167444666665
40.125,,42.33191751366667
39.12250137,,42.30366758266667
40.75749969,,42.27541765166667
39.88499832,,42.24716772066667
38.78749847,,42.21891778966667
39.10250092,,42.19066785866667
40.67750168,,42.162417927666674
41.08499908,41.08499908,41.08499908
41.84249878,,40.66229082516666
43.24750137,,40.514165748666656
43.10749817,,40.366040672166655
42.96250153,,40.21791559566665
42.76750183,,40.06979051916665
43.125,,39.92166544266665
43.875,,39.77354036616665
44.74250031,,39.62541528966665
44.59749985,,39.47729021316665
44.52999878,44.52999878,44.52999878
43.75,,43.985623548499994
44.05250168,,44.124998471999994
44.20500183,,44.26437339549999
44.16749954,,44.40374831899999
43.75749969,,44.54312324249999
44.23500061,,44.68249816599999
44.99499893,,44.82187308949999
45.43000031,,44.96124801299999
44.99250031,,45.10062293649999
44.61000061,44.61000061,44.61000061
44.66249847,,45.34708366483333
44.50500107,,45.52333374133333
43.82500076,,45.69958381783333
43.81000137,,45.87583389433333
42.81750107,,46.05208397083333
42.21250153,,46.228334047333334
41.23500061,,46.40458412383333
43.19250107,,46.580834200333335
42.08499908,,46.75708427683333
41.61999893,41.61999893,41.61999893
41.94499969,,41.98616618916668
41.66999817,,41.840666196666675
42.09749985,,41.69516620416667
42.90250015,,41.54966621166667
43.20000076,,41.40416621916666
42.09500122,,41.25866622666666
42.51250076,,41.113166234166655
43.3125,,40.967666241666656
43.11000061,,40.82216624916665
43.53499985,43.53499985,43.53499985
43.68249893,,42.66374937866666
43.95500183,,42.609999340666654
44.56000137,,42.55624930266666
44.45999908,,42.50249926466665
43.20000076,,42.44874922666665
41.43000031,,42.39499918866665
41.31000137,,42.34124915066665
40.73500061,,42.28749911266665
40.91249847,,42.23374907466665
41.05500031,41.05500031,41.05500031
40.58000183,,41.759250455666646
41.31499863,,41.73100052466665
42.27500153,,41.70275059366665
44.14250183,,41.674500662666645
44.22249985,,41.64625073166664
45.95750046,,41.61800080066664
46.29000092,,41.589750869666645
46.51250076,,41.56150093866664
46.84000015,,41.533251007666635
47.50999832,47.50999832,47.50999832
47.14749908,,46.21958198516668
47.03749847,,46.41833190866667
46.61000061,,46.617081832166676
47.04499817,,46.81583175566667
46.74750137,,47.014581679166675
46.57749939,,47.21333160266667
46.90750122,,47.41208152616667
46.79000092,,47.61083144966667
47.09000015,,47.80958137316667
47.03749847,47.03749847,47.03749847
47.14500046,,48.49120635466666
46.97499847,,48.79033126266667
46.875,,49.089456170666665
46.71749878,,49.38858107866666
47.56000137,,49.68770598666666
47.95750046,,49.98683089466667
48.32749939,,50.28595580266666
48.49499893,,50.58508071066666
48.36500168,,50.88420561866667
47.92499924,47.92499924,47.92499924
47.80749893,,47.719082516000014
48.06999969,,47.73983256200001
47.67499924,,47.76058260800001
47.70000076,,47.78133265400001
47.20999908,,47.80208270000001
47.18500137,,47.82283274600001
46.42250061,,47.84358279200001
46.625,,47.86433283800001
46.36500168,,47.885082884000006
46.22999954,46.22999954,46.22999954
45.54249954,,46.620041338500016
46.10749817,,46.579666392000014
46.04000092,,46.53929144550001
46.375,,46.49891649900002
46.27750015,,46.458541552500016
46.79499817,,46.41816660600002
45.97999954,,46.37779165950002
46.34999847,,46.337416713000025
46.99250031,,46.29704176650002
47.64500046,47.64500046,47.64500046
47.58750153,,47.11266708433334
46.97000122,,47.09866714533334
47.75749969,,47.084667206333336
47.83250046,,47.07066726733334
47.72750092,,47.05666732833334
47.86249924,,47.04266738933334
47.59999847,,47.028667450333344
47.97000122,,47.01466751133334
47.86000061,,47.00066757233334
47.90250015,47.90250015,47.90250015
48.25,,48.17904205216668
48.70500183,,48.26266708266668
48.55250168,,48.346292113166676
47.74499893,,48.42991714366667
47.47750092,,48.51354217416667
47.57249832,,48.597167204666675
50.375,,48.68079223516668
51.84749985,,48.76441726566668
51.99750137,,48.848042296166675
52.26750183,52.26750183,52.26750183
51.77750015,,51.81404323350001
51.8125,,52.045168302
52.22000122,,52.27629337050001
51.88249969,,52.507418439
52.21749878,,52.738543507500005
52.4375,,52.969668576
52.56000137,,53.2007936445
53.33000183,,53.431918712999995
54.39500046,,53.6630437815
53.86500168,53.86500168,53.86500168
53.75999832,,54.62437706149995
53.76250076,,54.92250213799995
53.87250137,,55.22062721449995
54.04000092,,55.51875229099995
54.48500061,,55.81687736749995
54.92499924,,56.11500244399995
55.74499893,,56.41312752049995
56.25749969,,56.71125259699995
56.90750122,,57.00937767349995
57.09000015,57.09000015,57.09000015
56.71749878,,57.05987529600005
55.77500153,,57.30100021200004
55.32500076,,57.542125128000045
54.58250046,,57.78325004400005
55.96250153,,58.02437496000004
55.26750183,,58.26549987600004
56.60250092,,58.50662479200003
55.95999908,,58.747749708000036
54.47000122,,58.98887462400004
54.56000137,54.56000137,54.56000137
54.59249878,,55.55391756283332
55.00749969,,55.588667547333316
54.41500092,,55.62341753183331
55.19749832,,55.658167516333314
55.54750061,,55.69291750083331
55.10499954,,55.72766748533331
56.23749924,,55.76241746983331
56.43500137,,55.797167454333305
56.81499863,,55.83191743883331
57.31999969,57.31999969,57.31999969
58.01750183,,56.449833483666644
56.99750137,,56.461333460666644
56.07249832,,56.472833437666644
55.94250107,,56.484333414666644
56.71749878,,56.49583339166664
54.09000015,,56.50733336866664
53.61249924,,56.51883334566664
55.52750015,,56.53033332266664
54.34000015,,56.54183329966664
55.53749847,55.53749847,55.53749847
55.29750061,,56.34345658166666
54.00500107,,56.39233143666666
54.82749939,,56.44120629166666
55.16249847,,56.490081146666654
55.68249893,,56.53895600166666
53.77249908,,56.587830856666656
54.95000076,,56.63670571166666
54.07500076,,56.68558056666666
53.06000137,,56.73445542166666
53.32500076,53.32500076,53.32500076
54.71500015,,53.19691689516664
55.55500031,,52.997166948666646
51.86999893,,52.79741700216664
50.39749908,,52.59766705566665
50.94250107,,52.39791710916664
52.48749924,,52.19816716266665
52.12250137,,51.998417216166644
51.11750031,,51.79866726966665
48.54249954,,51.598917323166646
48.05749893,48.05749893,48.05749893
46.70000076,,48.19266630633325
47.85250092,,47.81866632933327
48.38249969,,47.44466635233326
46.46500015,,47.070666375333275
44.24499893,,46.696666398333264
44.19499969,,46.32266642133328
43.07249832,,45.94866644433327
43.65499878,,45.57466646733329
43.56000137,,45.200666490333276
45.23500061,45.23500061,45.23500061
44.88750076,,44.423000017500044
44.64500046,,44.018500010000025
46.20500183,,43.614000002500035
44.17250061,,43.209499995000016
43.68000031,,42.804999987500025
42.12250137,,42.400499980000035
42.40000153,,41.995999972500016
42.15750122,,41.591499965000025
42.27500153,,41.18699995750001
42.73749924,42.73749924,42.73749924
41.36999893,,42.41733309716666
40.98500061,,42.15133311266666
41.51750183,,41.885333128166664
40.22249985,,41.619333143666665
39.20750046,,41.35333315916667
37.68249893,,41.08733317466667
36.70750046,,40.82133319016667
39.29249954,,40.55533320566667
39.03749847,,40.28933322116667
39.05749893,39.05749893,39.05749893
39.43500137,,38.94570700266661
39.47999954,,38.636831918666616
35.54750061,,38.32795683466662
37.06499863,,38.01908175066663
36.98249817,,37.71020666666661
37.6875,,37.401331582666614
38.32749939,,37.09245649866662
38.45000076,,36.78358141466663
38.07249832,,36.474706330666635
37.5,37.5,37.5
38.26750183,,36.88437480799989
38.73500061,,36.6224998459999
38.96500015,,36.360624883999904
39.20500183,,36.0987499219999
38.32500076,,35.8368749599999
38.47999954,,35.574999997999896
38.17499924,,35.3131250359999
39.43999863,,35.05125007399991
39.07500076,,34.7893751119999
38.66999817,38.66999817,38.66999817
41.3125,,38.196040281999984
41.61000061,,38.17666524399998
41.63000107,,38.157290205999985
42.8125,,38.13791516799998
43.54499817,,38.118540129999985
43.56000137,,38.09916509199998
42.73500061,,38.079790053999986
42.60250092,,38.06041501599998
42.35749817,,38.041039977999986
42.72249985,42.72249985,42.72249985
42.54499817,,42.503207590833355
42.70000076,,42.76433258333334
42.60499954,,43.02545757583336
42.73249817,,43.286582568333344
43.00749969,,43.54770756083333
42.76499939,,43.808832553333346
43.24250031,,44.06995754583333
43.55749893,,44.33108253833335
43.58250046,,44.592207530833335
43.71749878,43.71749878,43.71749878
43.28749847,,44.479457602166704
43.74250031,,44.731832632666695
43.96250153,,44.984207663166686
43.88249969,,45.236582693666705
43.63000107,,45.488957724166696
43.125,,45.741332754666686
43.22750092,,45.993707785166706
44.72499847,,46.246082815666696
45.22750092,,46.49845784616669
45.42750168,45.42750168,45.42750168
45.93249893,,45.44358444316664
46.52999878,,45.57883453466664
47.00500107,,45.71408462616665
46.63249969,,45.84933471766665
47.04000092,,45.98458480916665
48.77249908,,46.11983490066666
47.76250076,,46.25508499216666
47.18500137,,46.390335083666656
46.69749832,,46.52558517516667
47.11750031,47.11750031,47.11750031
47.18000031,,47.290834431499974
47.48749924,,47.46083450799998
47.81000137,,47.63083458449998
48.50500107,,47.80083466099998
48.83750153,,47.970834737499985
48.92250061,,48.14083481399997
49.25,,48.310834890499976
50.02500153,,48.48083496699998
49.875,,48.65083504349998
50.15499878,50.15499878,50.15499878
49.73749924,,50.166790328333335
49.71749878,,50.40316518333333
49.80749893,,50.63954003833334
49.8125,,50.87591489333332
50.78250122,,51.112289748333325
50.96500015,,51.34866460333333
51.13249969,,51.58503945833331
51.86999893,,51.82141431333332
51.79000092,,52.0577891683333
51.31999969,51.31999969,51.31999969
51.07500076,,51.842207585666664
51.15250015,,52.05233255466667
50.16749954,,52.262457523666676
52.63000107,,52.47258249266667
52.28749847,,52.68270746166667
52.9375,,52.89283243066668
52.11999893,,53.102957399666685
50.71500015,,53.31308236866668
50.72499847,,53.52320733766668
50.18000031,50.18000031,50.18000031
49.29499817,,50.56541710149999
46.43000031,,50.56666717799999
47.16500092,,50.56791725449999
47.72999954,,50.56916733099999
47.52000046,,50.57041740749999
47.25,,50.57166748399999
45.77249908,,50.57291756049999
46.65000153,,50.57416763699999
45.69499969,,50.575417713499995
44.91500092,44.91500092,44.91500092
44.74250031,,45.28225098316662
44.55749893,,44.962001044666636
44.34500122,,44.64175110616662
44.57500076,,44.32150116766664
43.76750183,,44.00125122916663
43.32500076,,43.68100129066664
44.90999985,,43.36075135216666
45.63499832,,43.04050141366665
46.30500031,,42.72025147516666
47.53749847,47.53749847,47.53749847
48.14500046,,46.090790554666626
48.70249939,,45.958665462666616
48.54750061,,45.82654037066662
48.53749847,,45.694415278666625
48.18500137,,45.56229018666663
48.47249985,,45.43016509466662
49.61249924,,45.298040002666625
49.46749878,,45.16591491066663
49.86500168,,45.03378981866662
49.69499969,49.69499969,49.69499969
49.64500046,,50.01149901683337
48.89250183,,50.25049895533337
49.95000076,,50.48949889383334
49.93500137,,50.728498832333344
49.47999954,,50.967498770833345
50.38750076,,51.206498709333346
50.68249893,,51.44549864783335
51.10250092,,51.68449858633335
51.05749893,,51.92349852483335
50.00500107,50.00500107,50.00500107
50.31000137,,50.43629283999997
50.80749893,,50.55966796999997
50.4375,,50.68304309999997
50.82500076,,50.80641822999997
51.30250168,,50.92979335999997
51.125,,51.05316848999997
50.83750153,,51.17654361999997
51.41500092,,51.29991874999997
50.64749908,,51.42329387999998
51.80500031,51.80500031,51.80500031
52.20999908,,51.66216736433334
52.16749954,,51.76766739533335
51.75500107,,51.87316742633334
51.93500137,,51.978667457333344
52.41999817,,52.084167488333335
52.19499969,,52.18966751933334
53.25999832,,52.29516755033333
52.10749817,,52.40066758133334
51.00500107,,52.50616761233333
48.33499908,48.33499908,48.33499908
49.25,,49.12983239216666
49.75999832,,49.04633229266666
50.85749817,,48.96283219316666
50.24750137,,48.87933209366666
50.11999893,,48.79583199416666
52.24250031,,48.71233189466666
50.6875,,48.62883179516666
50.43500137,,48.54533169566666
51.625,,48.46183159616666
52.58750153,52.58750153,52.58750153
52.59000015,,51.339542644333335
53.15999985,,51.37866770533334
53.11500168,,51.417792766333335
50.65999985,,51.45691782733334
51.62250137,,51.49604288833335
51.04000092,,51.53516794933334
51.38249969,,51.57429301033335
52.25249863,,51.61341807133335
52.18500137,,51.65254313233335
51.42499924,51.42499924,51.42499924
52.29750061,,52.48200003800001
53.31999969,,52.63650004600001
53.31499863,,52.79100005400001
53.54249954,,52.94550006200001
54.17499924,,53.10000007000001
55.89749908,,53.25450007800001
55.77249908,,53.409000086000006
54.6875,,53.563500094000005
54.97499847,,53.718000102000005
55.17499924,55.17499924,55.17499924
55.69250107,,54.485623743833344
55.24000168,,54.61499862933334
54.43249893,,54.74437351483334
54.68000031,,54.87374840033334
54.41999817,,55.00312328583334
55.25749969,,55.13249817133334
54.97249985,,55.26187305683334
54.70500183,,55.39124794233334
55.99250031,,55.520622827833336
56.14749908,56.14749908,56.14749908
54.74000168,,56.8465407653333
55.20500183,,57.08266575733329
56.75249863,,57.3187907493333
56.76499939,,57.55491574133329
56.09999847,,57.791040733333304
56.75749969,,58.02716572533332
57.52249908,,58.263290717333305
59.05250168,,58.49941570933332
58.96749878,,58.735540701333306
58.83000183,58.83000183,58.83000183
58.59249878,,58.727751474499996
58.81999969,,58.910501604000004
59.10250092,,59.0932517335
60.12749863,,59.276001863000005
59.99000168,,59.4587519925
60.79499817,,59.64150212199999
60.89500046,,59.8242522515
61.64500046,,60.00700238099999
62.26250076,,60.1897525105
60.82249832,60.82249832,60.82249832
60.81499863,,61.17124932533335
62.18999863,,61.40499928733337
63.95500183,,61.63874924933336
64.375,,61.87249921133335
64.28250122,,62.10624917333337
64.30999756,,62.33999913533336
64.85749817,,62.57374909733335
65.03500366,,62.80749905933337
65.55000305,,63.04124902133336
65.48999786,65.48999786,65.48999786
66.11750031,,65.37716381983338
65.66000366,,65.71016362133338
66.44000244,,66.0431634228334
66.77500153,,66.3761632243334
66.57250214,,66.70916302583339
65.79750061,,67.04216282733339
65.50250244,,67.37516262883341
65.44499969,,67.7081624303334
66.59249878,,68.0411622318334
66.07250214,66.07250214,66.07250214
66.95999908,,67.0158348743334
66.8125,,67.27833506533341
66.04000092,,67.5408352563334
64.86250305,,67.80333544733338
65.43499756,,68.0658356383334
66.39499664,,68.32833582933338
67.67749786,,68.5908360203334
66.73000336,,68.85333621133339
67.12000275,,69.11583640233337
67.69249725,67.69249725,67.69249725
67.86499786,,67.62970708116666
68.78749847,,67.73983205066665
69.96499634,,67.84995702016666
70.10250092,,67.96008198966665
69.93499756,,68.07020695916665
70.00499725,,68.18033192866665
69.86000061,,68.29045689816665
71.0,,68.40058186766665
71.06749725,,68.51070683716665
72.47750092,72.47750092,72.47750092
72.44999695,,72.27024943233337
72.87999725,,72.59049937133338
73.41249847,,72.91074931033339
75.08750153,,73.23099924933337
74.35749817,,73.55124918833337
74.94999695,,73.87149912733338
74.59750366,,74.19174906633336
75.79750061,,74.51199900533337
77.40750122,,74.83224894433337
77.58249664,77.58249664,77.58249664
79.23999786,,78.02366460116656
78.16999817,,78.51816457066656
77.83499908,,79.01266454016655
78.80999756,,79.50716450966655
79.68250275,,80.00166447916655
79.14250183,,80.49616444866655
79.42500305,,80.99066441816655
79.80750275,,81.48516438766654
79.57749939,,81.97966435716654
77.23750305,77.23750305,77.23750305
79.42250061,,78.38383470816666
81.08499908,,78.62183481466667
80.96749878,,78.85983492116668
77.37750244,,79.09783502766666
77.16500092,,79.33583513416667
79.71250153,,79.57383524066665
80.36250305,,79.81183534716666
81.30249786,,80.04983545366667
80.00749969,,80.28783556016666
80.38749695,80.38749695,80.38749695
79.90249634,,79.94524905049998
81.80000305,,80.08549906599998
81.21749878,,80.22574908149998
81.23750305,,80.36599909699999
79.75,,80.50624911249999
80.90499878,,80.64649912799999
80.07499695,,80.78674914349999
78.26249695,,80.92699915899998
74.54499817,,81.06724917449998
72.01999664,72.01999664,72.01999664
73.16249847,,73.67870368783326
68.37999725,,73.41782836733327
68.33999634,,73.15695304683328
74.70249939,,72.89607772633326
72.33000183,,72.63520240583327
75.68499756,,72.37432708533328
73.23000336,,72.11345176483329
72.25749969,,71.8525764443333
66.54250336,,71.59170112383327
71.33499908,71.33499908,71.33499908
68.85749817,,69.60195706149995
62.05749893,,69.14933216799994
69.49250031,,68.69670727449994
60.55250168,,68.244082381
63.21500015,,67.7914574875
61.66749954,,67.338832594
61.19499969,,66.8862077005
57.31000137,,66.433582807
56.09249878,,65.98095791349999
61.72000122,61.72000122,61.72000122
61.38000107,,62.69333483233328
64.61000061,,62.17833506133326
61.93500137,,61.66333529033329
63.70249939,,61.14833551933327
63.57249832,,60.63333574833331
60.22750092,,60.11833597733329
61.23249817,,59.60333620633327
60.35250092,,59.088336435333304
65.61750031,,58.57333666433328
64.85749817,64.85749817,64.85749817
66.51750183,,62.40820732283328
66.99749756,,62.08433227733332
68.3125,,61.7604572318333
71.76249695,,61.43658218633328
71.10749817,,61.112707140833265
71.67250061,,60.788832095333305
70.69999695,,60.46495704983329
69.23249817,,60.14108200433327
67.09249878,,59.81720695883331
69.02500153,69.02500153,69.02500153
68.75749969,,69.21858381049992
70.74250031,,69.58383382599993
70.79250336,,69.94908384149994
69.64499664,,70.31433385699995
71.93250275,,70.67958387249996
73.44999695,,71.04483388799997
72.26750183,,71.41008390349998
73.29000092,,71.77533391899999
74.38999939,,72.1405839345
75.15750122,75.15750122,75.15750122
75.93499756,,75.3450019841668
77.53250122,,75.86000213666676
78.75250244,,76.37500228916679
77.85250092,,76.89000244166675
76.91249847,,77.40500259416672
77.38500214,,77.92000274666674
76.92749786,,78.4350028991667
78.73999786,,78.95000305166673
78.28500366,,79.46500320416669
79.80750275,79.80750275,79.80750275
79.21250153,,80.5937108376666
79.72250366,,81.1328358986666
79.18250275,,81.67196095966659
79.52749634,,82.21108602066664
79.5625,,82.75021108166663
79.48500061,,83.28933614266663
80.46250153,,83.82846120366662
80.83499908,,84.36758626466667
81.27999878,,84.90671132566666
80.58000183,80.58000183,80.58000183
82.875,,81.49737726883333
83.36499786,,81.76850229933333
85.99749756,,82.03962732983334
88.20999908,,82.31075236033334
83.97499847,,82.58187739083334
84.69999695,,82.85300242133334
85.74749756,,83.12412745183335
88.01999664,,83.39525248233335
87.89749908,,83.66637751283335
87.93250275,87.93250275,87.93250275
87.43000031,,87.24208577666673
89.71749878,,87.64833577666673
91.63249969,,88.05458577666673
90.01499939,,88.46083577666673
91.20999908,,88.86708577666667
88.40750122,,89.27333577666667
90.44499969,,89.67958577666667
91.19999695,,90.08583577666667
91.02749634,,90.49208577666667
91.02749634,91.02749634,91.02749634
93.46250153,,92.25945562049992
93.17250061,,92.78183034599994
95.34249878,,93.3042050714999
95.75250244,,93.82657979699991
95.91999817,,94.34895452249987
95.47750092,,94.87132924799988
97.05750275,,95.39370397349984
97.72499847,,95.91607869899985
96.52249908,,96.43845342449987
96.32749939,96.32749939,96.32749939
98.35749817,,96.3797476453334
97.0,,96.79949747733338
97.27249908,,97.21924730933335
92.84500122,,97.63899714133339
92.61499786,,98.05874697333337
94.80999756,,98.4784968053334
93.25250244,,98.89824663733339
95.04000092,,99.31799646933337
96.19000244,,99.7377463013334
106.2600021,106.2600021,106.2600021
108.9375,,106.24954411133353
109.6650009,,107.01116939933354
110.0625,,107.77279468733354
113.9024963,,108.53441997533355
111.1125031,,109.29604526333355
112.7275009,,110.05767055133356
109.375,,110.81929583933356
113.0100021,,111.58092112733357
115.0100021,,112.34254641533357
114.9075012,114.9075012,114.9075012
114.6074982,,116.05066855883331
115.5625,,116.97966864933335
115.7074966,,117.90866873983327
118.2750015,,118.83766883033331
124.3700027,,119.76666892083335
125.8574982,,120.6956690113334
124.8249969,,121.62466910183343
126.5224991,,122.55366919233336
125.0100021,,123.4826692828334
124.8075027,124.8075027,124.8075027
129.0399933,,125.52612733000046
134.1799927,,126.45350236000036
131.3999939,,127.38087739000036
120.8799973,,128.30825242000037
120.9599991,,129.23562745000038
112.8199997,,130.1630024800004
117.3199997,,131.0903775100004
113.4899979,,132.0177525400004
112.0,,132.9451275700004
115.3600006,115.3600006,115.3600006
115.5400009,,118.60720950333321
112.1299973,,118.6298344733332
110.3399963,,118.65245944333319
106.8399963,,118.67508441333318
110.0800018,,118.69770938333318
111.8099976,,118.72033435333317
107.1200027,,118.74295932333317
108.2200012,,118.76558429333315
112.2799988,,118.78820926333314
114.9599991,114.9599991,114.9599991
114.0899963,,112.95970715333328
115.8099976,,112.46733197333327
116.7900009,,111.97495679333332
113.0199966,,111.48258161333331
116.5,,110.9902064333333
113.1600037,,110.49783125333329
115.0800018,,110.00545607333333
114.9700012,,109.51308089333332
116.9700012,,109.02070571333331
124.4000015,124.4000015,124.4000015
121.0999985,,123.21200089500019
121.1900024,,123.66400094000022
120.7099991,,124.1160009850002
119.0199966,,124.56800103000018
115.9800034,,125.02000107500021
117.5100021,,125.47200112000019
116.8700027,,125.92400116500016
115.75,,126.3760012100002
115.0400009,,126.82800125500017
115.0500031,115.0500031,115.0500031
116.5999985,,118.18617010000001
111.1999969,,118.19067030000001
115.3199997,,118.19517050000002
108.8600006,,118.19967070000001
108.7699966,,118.20417090000002
110.4400024,,118.20867110000002
114.9499969,,118.21317130000001
119.0299988,,118.21767150000002
118.6900024,,118.22217170000002
116.3199997,116.3199997,116.3199997
115.9700012,,114.14600044333326
119.4899979,,113.74200035333325
119.2099991,,113.3380002633333
119.2600021,,112.93400017333329
120.3000031,,112.53000008333328
119.3899994,,112.12599999333327
118.0299988,,111.72199990333326
118.6399994,,111.31799981333324
117.3399963,,110.91399972333329
113.8499985,113.8499985,113.8499985
115.1699982,,114.41333123666664
116.0299988,,114.35333100666665
116.5899963,,114.29333077666664
119.0500031,,114.23333054666665
122.7200012,,114.17333031666665
123.0800018,,114.11333008666665
122.9400024,,114.05332985666666
122.25,,113.99332962666665
123.75,,113.93332939666666
124.3799973,124.3799973,124.3799973
121.7799988,,122.61633051333342
123.2399979,,123.0193303933334
122.4100037,,123.42233027333339
121.7799988,,123.82533015333337
127.8799973,,124.22833003333335
127.8099976,,124.63132991333339
128.6999969,,125.03432979333337
126.6600037,,125.43732967333335
128.2299957,,125.84032955333333
131.8800049,131.8800049,131.8800049
130.9600067,,133.28650375333348
131.9700012,,134.18800407333356
136.6900024,,135.08950439333353
134.8699951,,135.9910047133335
133.7200012,,136.89250503333346
132.6900024,,137.79400535333343
