Date,Close,Close_ahead30,Close_ahead30_missing98.5
2017-03-31,65.86000061035156,68.43000030517578,68.43000030517578
2017-04-03,65.55000305175781,69.41000366210938,
2017-04-04,65.7300033569336,67.4800033569336,
2017-04-05,65.55999755859375,67.70999908447266,
2017-04-06,65.7300033569336,67.69000244140625,
2017-04-07,65.68000030517578,68.44999694824219,
2017-04-10,65.52999877929688,68.68000030517578,
2017-04-11,65.4800033569336,68.7699966430664,
2017-04-12,65.2300033569336,69.62000274658203,
2017-04-13,64.94999694824219,69.95999908447266,
2017-04-17,65.4800033569336,70.41000366210938,
2017-04-18,65.38999938964844,69.83999633789062,
2017-04-19,65.04000091552734,70.0999984741211,
2017-04-20,65.5,71.76000213623047,
2017-04-21,66.4000015258789,72.27999877929688,
2017-04-24,67.52999877929688,72.5199966430664,
2017-04-25,67.91999816894531,72.38999938964844,
2017-04-26,67.83000183105469,71.94999694824219,
2017-04-27,68.2699966430664,70.31999969482422,
2017-04-28,68.45999908447266,69.77999877929688,
2017-05-01,69.41000366210938,70.6500015258789,
2017-05-02,69.30000305175781,70.2699966430664,
2017-05-03,69.08000183105469,69.9000015258789,
2017-05-04,68.80999755859375,70.0,
2017-05-05,69.0,70.87000274658203,
2017-05-08,68.94000244140625,69.91000366210938,
2017-05-09,69.04000091552734,70.2699966430664,
2017-05-10,69.30999755859375,70.26000213623047,
2017-05-11,68.45999908447266,71.20999908447266,
2017-05-12,68.37999725341797,70.52999877929688,
2017-05-15,68.43000030517578,69.20999908447266,
2017-05-16,69.41000366210938,69.80000305175781,
2017-05-17,67.4800033569336,68.48999786376953,
2017-05-18,67.70999908447266,68.93000030517578,
2017-05-19,67.69000244140625,68.16999816894531,
2017-05-22,68.44999694824219,69.08000183105469,
2017-05-23,68.68000030517578,68.56999969482422,
2017-05-24,68.7699966430664,69.45999908447266,
2017-05-25,69.62000274658203,69.9800033569336,
2017-05-26,69.95999908447266,69.98999786376953,
2017-05-30,70.41000366210938,71.1500015258789,
2017-05-31,69.83999633789062,71.7699966430664,
2017-06-01,70.0999984741211,72.77999877929688,
2017-06-02,71.76000213623047,73.3499984741211,
2017-06-05,72.27999877929688,73.30000305175781,
2017-06-06,72.5199966430664,73.86000061035156,
2017-06-07,72.38999938964844,74.22000122070312,
2017-06-08,71.94999694824219,73.79000091552734,
2017-06-09,70.31999969482422,73.5999984741211,
2017-06-12,69.77999877929688,74.19000244140625,
2017-06-13,70.6500015258789,74.05000305175781,
2017-06-14,70.2699966430664,73.16000366210938,
2017-06-15,69.9000015258789,73.04000091552734,
2017-06-16,70.0,72.69999694824219,
2017-06-19,70.87000274658203,72.58000183105469,
2017-06-20,69.91000366210938,72.26000213623047,
2017-06-21,70.2699966430664,72.1500015258789,
2017-06-22,70.26000213623047,72.68000030517578,
2017-06-23,71.20999908447266,72.4000015258789,
2017-06-26,70.52999877929688,72.79000091552734,
2017-06-27,69.20999908447266,72.47000122070312,
2017-06-28,69.80000305175781,71.41000366210938,
2017-06-29,68.48999786376953,72.5,
2017-06-30,68.93000030517578,73.58999633789062,
2017-07-03,68.16999816894531,73.22000122070312,
2017-07-05,69.08000183105469,73.6500015258789,73.6500015258789
2017-07-06,68.56999969482422,72.4000015258789,
2017-07-07,69.45999908447266,72.48999786376953,
2017-07-10,69.9800033569336,72.1500015258789,
2017-07-11,69.98999786376953,73.16000366210938,
2017-07-12,71.1500015258789,72.72000122070312,
2017-07-13,71.7699966430664,72.69000244140625,
2017-07-14,72.77999877929688,72.81999969482422,
2017-07-17,73.3499984741211,72.83000183105469,
2017-07-18,73.30000305175781,73.05000305175781,
2017-07-19,73.86000061035156,74.01000213623047,
2017-07-20,74.22000122070312,74.7699966430664,
2017-07-21,73.79000091552734,73.94000244140625,
2017-07-24,73.5999984741211,73.61000061035156,
2017-07-25,74.19000244140625,73.4000015258789,
2017-07-26,74.05000305175781,74.33999633789062,
2017-07-27,73.16000366210938,73.9800033569336,
2017-07-28,73.04000091552734,74.76000213623047,
2017-07-31,72.69999694824219,74.68000030517578,
2017-08-01,72.58000183105469,75.20999908447266,
2017-08-02,72.26000213623047,74.7699966430664,
2017-08-03,72.1500015258789,75.30999755859375,
2017-08-04,72.68000030517578,75.16000366210938,
2017-08-07,72.4000015258789,75.44000244140625,
2017-08-08,72.79000091552734,74.94000244140625,
2017-08-09,72.47000122070312,74.20999908447266,
2017-08-10,71.41000366210938,74.41000366210938,
2017-08-11,72.5,73.26000213623047,
2017-08-14,73.58999633789062,73.26000213623047,
2017-08-15,73.22000122070312,73.8499984741211,
2017-08-16,73.6500015258789,73.87000274658203,
2017-08-17,72.4000015258789,74.48999786376953,
2017-08-18,72.48999786376953,74.61000061035156,
2017-08-21,72.1500015258789,74.26000213623047,
2017-08-22,73.16000366210938,74.69000244140625,
2017-08-23,72.72000122070312,75.97000122070312,
2017-08-24,72.69000244140625,76.0,
2017-08-25,72.81999969482422,76.29000091552734,
2017-08-28,72.83000183105469,76.29000091552734,
2017-08-29,73.05000305175781,76.41999816894531,
2017-08-30,74.01000213623047,77.12000274658203,
2017-08-31,74.7699966430664,77.48999786376953,
2017-09-01,73.94000244140625,77.6500015258789,
2017-09-05,73.61000061035156,77.58999633789062,
2017-09-06,73.4000015258789,77.61000061035156,
2017-09-07,74.33999633789062,77.91000366210938,
2017-09-08,73.9800033569336,78.80999755859375,
2017-09-11,74.76000213623047,78.83000183105469,
2017-09-12,74.68000030517578,78.86000061035156,
2017-09-13,75.20999908447266,78.62999725341797,
2017-09-14,74.7699966430664,78.76000213623047,
2017-09-15,75.30999755859375,83.80999755859375,
2017-09-18,75.16000366210938,83.88999938964844,
2017-09-19,75.44000244140625,83.18000030517578,
2017-09-20,74.94000244140625,83.18000030517578,
2017-09-21,74.20999908447266,84.05000305175781,
2017-09-22,74.41000366210938,84.13999938964844,
2017-09-25,73.26000213623047,84.47000122070312,
2017-09-26,73.26000213623047,84.2699966430664,
2017-09-27,73.8499984741211,84.55999755859375,
2017-09-28,73.87000274658203,84.08999633789062,
2017-09-29,74.48999786376953,83.87000274658203,
2017-10-02,74.61000061035156,83.93000030517578,
2017-10-03,74.26000213623047,84.05000305175781,
2017-10-04,74.69000244140625,82.9800033569336,
2017-10-05,75.97000122070312,83.19999694824219,83.19999694824219
2017-10-06,76.0,82.4000015258789,
2017-10-09,76.29000091552734,82.52999877929688,
2017-10-10,76.29000091552734,83.72000122070312,
2017-10-11,76.41999816894531,83.11000061035156,
2017-10-12,77.12000274658203,83.26000213623047,
2017-10-13,77.48999786376953,83.87000274658203,
2017-10-16,77.6500015258789,84.87999725341797,
2017-10-17,77.58999633789062,83.33999633789062,
2017-10-18,77.61000061035156,84.16999816894531,
2017-10-19,77.91000366210938,84.26000213623047,
2017-10-20,78.80999755859375,81.08000183105469,
2017-10-23,78.83000183105469,81.58999633789062,
2017-10-24,78.86000061035156,82.77999877929688,
2017-10-25,78.62999725341797,82.48999786376953,
2017-10-26,78.76000213623047,84.16000366210938,
2017-10-27,83.80999755859375,85.2300033569336,
2017-10-30,83.88999938964844,85.58000183105469,
2017-10-31,83.18000030517578,85.3499984741211,
2017-11-01,83.18000030517578,84.69000244140625,
2017-11-02,84.05000305175781,86.8499984741211,
2017-11-03,84.13999938964844,86.37999725341797,
2017-11-06,84.47000122070312,85.83000183105469,
2017-11-07,84.2699966430664,85.5199966430664,
2017-11-08,84.55999755859375,85.5,
2017-11-09,84.08999633789062,85.51000213623047,
2017-11-10,83.87000274658203,85.4000015258789,
2017-11-13,83.93000030517578,85.70999908447266,
2017-11-14,84.05000305175781,85.72000122070312,
2017-11-15,82.9800033569336,85.54000091552734,
2017-11-16,83.19999694824219,85.94999694824219,
2017-11-17,82.4000015258789,86.3499984741211,
2017-11-20,82.52999877929688,87.11000061035156,
2017-11-21,83.72000122070312,88.19000244140625,
2017-11-22,83.11000061035156,88.27999877929688,
2017-11-24,83.26000213623047,88.22000122070312,
2017-11-27,83.87000274658203,87.81999969482422,
2017-11-28,84.87999725341797,88.08000183105469,
2017-11-29,83.33999633789062,89.5999984741211,
2017-11-30,84.16999816894531,88.3499984741211,
2017-12-01,84.26000213623047,90.13999938964844,
2017-12-04,81.08000183105469,90.0999984741211,
2017-12-05,81.58999633789062,90.0,
2017-12-06,82.77999877929688,91.61000061035156,
2017-12-07,82.48999786376953,91.9000015258789,
2017-12-08,84.16000366210938,91.81999969482422,
2017-12-11,85.2300033569336,92.33000183105469,
2017-12-12,85.58000183105469,94.05999755859375,
2017-12-13,85.3499984741211,93.91999816894531,
2017-12-14,84.69000244140625,92.73999786376953,
2017-12-15,86.8499984741211,95.01000213623047,
2017-12-18,86.37999725341797,94.26000213623047,
2017-12-19,85.83000183105469,91.77999877929688,
2017-12-20,85.5199966430664,88.0,
2017-12-21,85.5,91.33000183105469,
2017-12-22,85.51000213623047,89.61000061035156,
2017-12-26,85.4000015258789,85.01000213623047,
2017-12-27,85.70999908447266,88.18000030517578,
2017-12-28,85.72000122070312,89.12999725341797,
2017-12-29,85.54000091552734,89.83000183105469,
2018-01-02,85.94999694824219,90.80999755859375,
2018-01-03,86.3499984741211,92.66000366210938,
2018-01-04,87.11000061035156,92.0,
2018-01-05,88.19000244140625,92.72000122070312,
2018-01-08,88.27999877929688,91.48999786376953,
2018-01-09,88.22000122070312,91.7300033569336,91.7300033569336
2018-01-10,87.81999969482422,94.05999755859375,
2018-01-11,88.08000183105469,95.41999816894531,
2018-01-12,89.5999984741211,94.19999694824219,
2018-01-16,88.3499984741211,93.7699966430664,
2018-01-17,90.13999938964844,92.8499984741211,
2018-01-18,90.0999984741211,93.05000305175781,
2018-01-19,90.0,93.63999938964844,
2018-01-22,91.61000061035156,93.31999969482422,
2018-01-23,91.9000015258789,93.86000061035156,
2018-01-24,91.81999969482422,94.43000030517578,
2018-01-25,92.33000183105469,96.54000091552734,
2018-01-26,94.05999755859375,96.7699966430664,
2018-01-29,93.91999816894531,94.41000366210938,
2018-01-30,92.73999786376953,93.8499984741211,
2018-01-31,95.01000213623047,94.18000030517578,
2018-02-01,94.26000213623047,94.5999984741211,
2018-02-02,91.77999877929688,92.88999938964844,
2018-02-05,88.0,93.12999725341797,
2018-02-06,91.33000183105469,92.4800033569336,
2018-02-07,89.61000061035156,89.79000091552734,
2018-02-08,85.01000213623047,87.18000030517578,
2018-02-09,88.18000030517578,93.77999877929688,
2018-02-12,89.12999725341797,89.47000122070312,
2018-02-13,89.83000183105469,89.38999938964844,
2018-02-14,90.80999755859375,91.2699966430664,
2018-02-15,92.66000366210938,88.5199966430664,
2018-02-16,92.0,89.70999908447266,
2018-02-20,92.72000122070312,92.33000183105469,
2018-02-21,91.48999786376953,92.37999725341797,
2018-02-22,91.7300033569336,90.2300033569336,
2018-02-23,94.05999755859375,90.7699966430664,
2018-02-26,95.41999816894531,92.87999725341797,
2018-02-27,94.19999694824219,91.86000061035156,
2018-02-28,93.7699966430664,93.58000183105469,
2018-03-01,92.8499984741211,93.08000183105469,
2018-03-02,93.05000305175781,94.16999816894531,
2018-03-05,93.63999938964844,96.06999969482422,
2018-03-06,93.31999969482422,96.44000244140625,
2018-03-07,93.86000061035156,96.11000061035156,
2018-03-08,94.43000030517578,95.0,
2018-03-09,96.54000091552734,95.3499984741211,
2018-03-12,96.7699966430664,93.12000274658203,
2018-03-13,94.41000366210938,92.30999755859375,
2018-03-14,93.8499984741211,94.26000213623047,
2018-03-15,94.18000030517578,95.81999969482422,
2018-03-16,94.5999984741211,93.5199966430664,
2018-03-19,92.88999938964844,95.0,
2018-03-20,93.12999725341797,93.51000213623047,
2018-03-21,92.4800033569336,94.06999969482422,
2018-03-22,89.79000091552734,95.16000366210938,
2018-03-23,87.18000030517578,96.22000122070312,
2018-03-26,93.77999877929688,95.80999755859375,
2018-03-27,89.47000122070312,96.94000244140625,
2018-03-28,89.38999938964844,97.91000366210938,
2018-03-29,91.2699966430664,97.69999694824219,
2018-04-02,88.5199966430664,98.02999877929688,
2018-04-03,89.70999908447266,97.31999969482422,
2018-04-04,92.33000183105469,97.1500015258789,
2018-04-05,92.37999725341797,96.18000030517578,
2018-04-06,90.2300033569336,96.36000061035156,
2018-04-09,90.7699966430664,97.5999984741211,
2018-04-10,92.87999725341797,97.5,
2018-04-11,91.86000061035156,98.66000366210938,
2018-04-12,93.58000183105469,98.30999755859375,
2018-04-13,93.08000183105469,98.36000061035156,98.36000061035156
2018-04-16,94.16999816894531,98.01000213623047,
2018-04-17,96.06999969482422,98.94999694824219,
2018-04-18,96.44000244140625,98.83999633789062,
2018-04-19,96.11000061035156,100.79000091552734,
2018-04-20,95.0,101.66999816894531,
2018-04-23,95.3499984741211,102.19000244140625,
2018-04-24,93.12000274658203,102.48999786376953,
2018-04-25,92.30999755859375,100.87999725341797,
2018-04-26,94.26000213623047,101.62999725341797,
2018-04-27,95.81999969482422,101.05000305175781,
2018-04-30,93.5199966430664,101.30999755859375,
2018-05-01,95.0,100.8499984741211,
2018-05-02,93.51000213623047,101.41999816894531,
2018-05-03,94.06999969482422,100.12999725341797,
2018-05-04,95.16000366210938,100.86000061035156,
2018-05-07,96.22000122070312,100.86000061035156,
2018-05-08,95.80999755859375,101.87000274658203,
2018-05-09,96.94000244140625,101.13999938964844,
2018-05-10,97.91000366210938,100.41000366210938,
2018-05-11,97.69999694824219,98.38999938964844,
2018-05-14,98.02999877929688,99.08000183105469,
2018-05-15,97.31999969482422,97.54000091552734,
2018-05-16,97.1500015258789,98.62999725341797,
2018-05-17,96.18000030517578,98.61000061035156,
2018-05-18,96.36000061035156,100.01000213623047,
2018-05-21,97.5999984741211,99.05000305175781,
2018-05-22,97.5,99.76000213623047,
2018-05-23,98.66000366210938,101.16000366210938,
2018-05-24,98.30999755859375,101.8499984741211,
2018-05-25,98.36000061035156,102.12000274658203,
2018-05-29,98.01000213623047,101.9800033569336,
2018-05-30,98.94999694824219,104.19000244140625,
2018-05-31,98.83999633789062,105.43000030517578,
2018-06-01,100.79000091552734,104.91000366210938,
2018-06-04,101.66999816894531,105.94999694824219,
2018-06-05,102.19000244140625,105.12000274658203,
2018-06-06,102.48999786376953,104.4000015258789,
2018-06-07,100.87999725341797,106.2699966430664,
2018-06-08,101.62999725341797,107.97000122070312,
2018-06-11,101.05000305175781,107.66000366210938,
2018-06-12,101.30999755859375,110.83000183105469,
2018-06-13,100.8499984741211,109.62000274658203,
2018-06-14,101.41999816894531,107.68000030517578,
2018-06-15,100.12999725341797,105.37000274658203,
2018-06-18,100.86000061035156,106.08000183105469,
2018-06-19,100.86000061035156,106.27999877929688,
2018-06-20,101.87000274658203,107.56999969482422,
2018-06-21,101.13999938964844,108.04000091552734,
2018-06-22,100.41000366210938,108.12999725341797,
2018-06-25,98.38999938964844,108.87999725341797,
2018-06-26,99.08000183105469,109.48999786376953,
2018-06-27,97.54000091552734,109.66999816894531,
2018-06-28,98.62999725341797,109.0,
2018-06-29,98.61000061035156,108.20999908447266,
2018-07-02,100.01000213623047,109.55999755859375,
2018-07-03,99.05000305175781,107.66000366210938,
2018-07-05,99.76000213623047,107.63999938964844,
2018-07-06,101.16000366210938,107.58000183105469,
2018-07-09,101.8499984741211,106.87000274658203,
2018-07-10,102.12000274658203,105.9800033569336,
2018-07-11,101.9800033569336,107.05999755859375,
2018-07-12,104.19000244140625,107.55999755859375,
2018-07-13,105.43000030517578,108.4000015258789,
2018-07-16,104.91000366210938,109.5999984741211,
2018-07-17,105.94999694824219,110.26000213623047,110.26000213623047
2018-07-18,105.12000274658203,112.0199966430664,
2018-07-19,104.4000015258789,111.94999694824219,
2018-07-20,106.2699966430664,112.33000183105469,
2018-07-23,107.97000122070312,111.70999908447266,
2018-07-24,107.66000366210938,108.48999786376953,
2018-07-25,110.83000183105469,108.73999786376953,
2018-07-26,109.62000274658203,108.20999908447266,
2018-07-27,107.68000030517578,109.37999725341797,
2018-07-30,105.37000274658203,111.23999786376953,
2018-07-31,106.08000183105469,111.70999908447266,
2018-08-01,106.27999877929688,112.91000366210938,
2018-08-02,107.56999969482422,113.37000274658203,
2018-08-03,108.04000091552734,112.13999938964844,
2018-08-06,108.12999725341797,113.20999908447266,
2018-08-07,108.87999725341797,111.69999694824219,
2018-08-08,109.48999786376953,113.56999969482422,
2018-08-09,109.66999816894531,114.26000213623047,
2018-08-10,109.0,114.66999816894531,
2018-08-13,108.20999908447266,114.44999694824219,
2018-08-14,109.55999755859375,113.9800033569336,
2018-08-15,107.66000366210938,114.41000366210938,
2018-08-16,107.63999938964844,114.37000274658203,
2018-08-17,107.58000183105469,115.61000061035156,
2018-08-20,106.87000274658203,115.1500015258789,
2018-08-21,105.9800033569336,115.16999816894531,
2018-08-22,107.05999755859375,112.79000091552734,
2018-08-23,107.55999755859375,112.12999725341797,
2018-08-24,108.4000015258789,110.8499984741211,
2018-08-27,109.5999984741211,112.26000213623047,
2018-08-28,110.26000213623047,106.16000366210938,
2018-08-29,112.0199966430664,105.91000366210938,
2018-08-30,111.94999694824219,109.56999969482422,
2018-08-31,112.33000183105469,107.5999984741211,
2018-09-04,111.70999908447266,111.0,
2018-09-05,108.48999786376953,110.70999908447266,
2018-09-06,108.73999786376953,108.5,
2018-09-07,108.20999908447266,108.66000366210938,
2018-09-10,109.37999725341797,109.62999725341797,
2018-09-11,111.23999786376953,108.0999984741211,
2018-09-12,111.70999908447266,102.31999969482422,
2018-09-13,112.91000366210938,108.30000305175781,
2018-09-14,113.37000274658203,106.95999908447266,
2018-09-17,112.13999938964844,103.8499984741211,
2018-09-18,113.20999908447266,103.7300033569336,
2018-09-19,111.69999694824219,106.80999755859375,
2018-09-20,113.56999969482422,105.91999816894531,
2018-09-21,114.26000213623047,106.16000366210938,
2018-09-24,114.66999816894531,107.51000213623047,
2018-09-25,114.44999694824219,107.72000122070312,
2018-09-26,113.9800033569336,111.95999908447266,
2018-09-27,114.41000366210938,111.75,
2018-09-28,114.37000274658203,109.56999969482422,
2018-10-01,115.61000061035156,106.87000274658203,
2018-10-02,115.1500015258789,106.94000244140625,
2018-10-03,115.16999816894531,104.97000122070312,
2018-10-04,112.79000091552734,107.27999877929688,
2018-10-05,112.12999725341797,108.29000091552734,
2018-10-08,110.8499984741211,104.62000274658203,
2018-10-09,112.26000213623047,101.70999908447266,
2018-10-10,106.16000366210938,103.11000061035156,
2018-10-11,105.91000366210938,103.06999969482422,
2018-10-12,109.56999969482422,106.47000122070312,
2018-10-15,107.5999984741211,107.13999938964844,
2018-10-16,111.0,111.12000274658203,
2018-10-17,110.70999908447266,110.19000244140625,110.19000244140625
2018-10-18,108.5,110.88999938964844,
2018-10-19,108.66000366210938,112.08999633789062,
2018-10-22,109.62999725341797,108.5199966430664,
2018-10-23,108.0999984741211,109.19000244140625,
2018-10-24,102.31999969482422,104.81999969482422,
2018-10-25,108.30000305175781,107.58999633789062,
2018-10-26,106.95999908447266,108.58999633789062,
2018-10-29,103.8499984741211,109.08000183105469,
2018-10-30,103.7300033569336,109.44999694824219,
2018-10-31,106.80999755859375,106.02999877929688,
2018-11-01,105.91999816894531,102.88999938964844,
2018-11-02,106.16000366210938,103.97000122070312,
2018-11-05,107.51000213623047,103.69000244140625,
2018-11-06,107.72000122070312,101.51000213623047,
2018-11-07,111.95999908447266,98.2300033569336,
2018-11-08,111.75,94.12999725341797,
2018-11-09,109.56999969482422,100.55999755859375,
2018-11-12,106.87000274658203,101.18000030517578,
2018-11-13,106.94000244140625,100.38999938964844,
2018-11-14,104.97000122070312,101.56999969482422,
2018-11-15,107.27999877929688,101.12000274658203,
2018-11-16,108.29000091552734,97.4000015258789,
2018-11-19,104.62000274658203,101.93000030517578,
2018-11-20,101.70999908447266,102.05999755859375,
2018-11-21,103.11000061035156,102.80000305175781,
2018-11-23,103.06999969482422,104.2699966430664,
2018-11-26,106.47000122070312,103.5999984741211,
2018-11-27,107.13999938964844,102.80000305175781,
2018-11-28,111.12000274658203,102.05000305175781,
2018-11-29,110.19000244140625,105.01000213623047,
2018-11-30,110.88999938964844,105.37999725341797,
2018-12-03,112.08999633789062,106.12000274658203,
2018-12-04,108.5199966430664,107.70999908447266,
2018-12-06,109.19000244140625,105.68000030517578,
2018-12-07,104.81999969482422,106.70999908447266,
2018-12-10,107.58999633789062,106.19999694824219,
2018-12-11,108.58999633789062,107.16999816894531,
2018-12-12,109.08000183105469,105.08000183105469,
2018-12-13,109.44999694824219,102.94000244140625,
2018-12-14,106.02999877929688,106.37999725341797,
2018-12-17,102.88999938964844,104.43000030517578,
2018-12-18,103.97000122070312,102.77999877929688,
2018-12-19,103.69000244140625,105.73999786376953,
2018-12-20,101.51000213623047,107.22000122070312,
2018-12-21,98.2300033569336,106.02999877929688,
2018-12-24,94.12999725341797,105.2699966430664,
2018-12-26,100.55999755859375,105.66999816894531,
2018-12-27,101.18000030517578,105.25,
2018-12-28,100.38999938964844,106.88999938964844,
2018-12-31,101.56999969482422,106.80999755859375,
2019-01-02,101.12000274658203,106.9000015258789,
2019-01-03,97.4000015258789,108.22000122070312,
2019-01-04,101.93000030517578,108.16999816894531,
2019-01-07,102.05999755859375,107.1500015258789,
2019-01-08,102.80000305175781,109.41000366210938,
2019-01-09,104.2699966430664,110.97000122070312,
2019-01-10,103.5999984741211,111.58999633789062,
2019-01-11,102.80000305175781,112.36000061035156,
2019-01-14,102.05000305175781,112.16999816894531,
2019-01-15,105.01000213623047,112.02999877929688,
2019-01-16,105.37999725341797,112.52999877929688,
2019-01-17,106.12000274658203,112.26000213623047,
2019-01-18,107.70999908447266,111.69999694824219,
2019-01-22,105.68000030517578,111.75,
2019-01-23,106.70999908447266,110.38999938964844,110.38999938964844
2019-01-24,106.19999694824219,110.51000213623047,
2019-01-25,107.16999816894531,112.83000183105469,
2019-01-28,105.08000183105469,113.62000274658203,
2019-01-29,102.94000244140625,114.5,
2019-01-30,106.37999725341797,114.58999633789062,
2019-01-31,104.43000030517578,115.91000366210938,
2019-02-01,102.77999877929688,117.56999969482422,
2019-02-04,105.73999786376953,117.6500015258789,
2019-02-05,107.22000122070312,117.5199966430664,
2019-02-06,106.02999877929688,120.22000122070312,
2019-02-07,105.2699966430664,117.05000305175781,
2019-02-08,105.66999816894531,117.66000366210938,
2019-02-11,105.25,117.91000366210938,
2019-02-12,106.88999938964844,116.7699966430664,
2019-02-13,106.80999755859375,116.93000030517578,
2019-02-14,106.9000015258789,117.94000244140625,
2019-02-15,108.22000122070312,119.0199966430664,
2019-02-19,108.16999816894531,119.19000244140625,
2019-02-20,107.1500015258789,119.97000122070312,
2019-02-21,109.41000366210938,119.36000061035156,
2019-02-22,110.97000122070312,119.88999938964844,
2019-02-25,111.58999633789062,119.93000030517578,
2019-02-26,112.36000061035156,119.27999877929688,
2019-02-27,112.16999816894531,120.19000244140625,
2019-02-28,112.02999877929688,120.33000183105469,
2019-03-01,112.52999877929688,120.94999694824219,
2019-03-04,112.26000213623047,121.05000305175781,
2019-03-05,111.69999694824219,120.7699966430664,
2019-03-06,111.75,121.7699966430664,
2019-03-07,110.38999938964844,123.37000274658203,
2019-03-08,110.51000213623047,123.76000213623047,
2019-03-11,112.83000183105469,125.44000244140625,
2019-03-12,113.62000274658203,125.01000213623047,
2019-03-13,114.5,129.14999389648438,
2019-03-14,114.58999633789062,129.88999938964844,
2019-03-15,115.91000366210938,129.77000427246094,
2019-03-18,117.56999969482422,130.60000610351562,
2019-03-19,117.6500015258789,127.87999725341797,
2019-03-20,117.5199966430664,126.20999908447266,
2019-03-21,120.22000122070312,128.89999389648438,
2019-03-22,117.05000305175781,128.14999389648438,
2019-03-25,117.66000366210938,125.5199966430664,
2019-03-26,117.91000366210938,125.51000213623047,
2019-03-27,116.7699966430664,125.5,
2019-03-28,116.93000030517578,127.12999725341797,
2019-03-29,117.94000244140625,123.3499984741211,
2019-04-01,119.0199966430664,124.7300033569336,
2019-04-02,119.19000244140625,126.0199966430664,
2019-04-03,119.97000122070312,128.92999267578125,
2019-04-04,119.36000061035156,128.07000732421875,
2019-04-05,119.88999938964844,126.22000122070312,
2019-04-08,119.93000030517578,126.9000015258789,
2019-04-09,119.27999877929688,127.66999816894531,
2019-04-10,120.19000244140625,126.18000030517578,
2019-04-11,120.33000183105469,126.23999786376953,
2019-04-12,120.94999694824219,126.16000366210938,
2019-04-15,121.05000305175781,124.94000244140625,
2019-04-16,120.7699966430664,125.7300033569336,
2019-04-17,121.7699966430664,123.68000030517578,
2019-04-18,123.37000274658203,119.83999633789062,
2019-04-22,123.76000213623047,123.16000366210938,
2019-04-23,125.44000244140625,125.83000183105469,
2019-04-24,125.01000213623047,127.81999969482422,
2019-04-25,129.14999389648438,131.39999389648438,
2019-04-26,129.88999938964844,132.60000610351562,132.60000610351562
2019-04-29,129.77000427246094,132.10000610351562,
2019-04-30,130.60000610351562,131.49000549316406,
2019-05-01,127.87999725341797,132.32000732421875,
2019-05-02,126.20999908447266,132.4499969482422,
2019-05-03,128.89999389648438,132.85000610351562,
2019-05-06,128.14999389648438,135.16000366210938,
2019-05-07,125.5199966430664,135.69000244140625,
2019-05-08,125.51000213623047,136.9499969482422,
2019-05-09,125.5,136.97000122070312,
2019-05-10,127.12999725341797,137.77999877929688,
2019-05-13,123.3499984741211,133.42999267578125,
2019-05-14,124.7300033569336,133.92999267578125,
2019-05-15,126.0199966430664,134.14999389648438,
2019-05-16,128.92999267578125,133.9600067138672,
2019-05-17,128.07000732421875,135.67999267578125,
2019-05-20,126.22000122070312,136.5800018310547,
2019-05-21,126.9000015258789,137.4600067138672,
2019-05-22,127.66999816894531,137.05999755859375,
2019-05-23,126.18000030517578,136.9600067138672,
2019-05-24,126.23999786376953,136.4600067138672,
2019-05-28,126.16000366210938,137.85000610351562,
2019-05-29,124.94000244140625,138.39999389648438,
2019-05-30,125.7300033569336,138.89999389648438,
2019-05-31,123.68000030517578,138.89999389648438,
2019-06-03,119.83999633789062,137.0800018310547,
2019-06-04,123.16000366210938,136.27000427246094,
2019-06-05,125.83000183105469,136.4199981689453,
2019-06-06,127.81999969482422,136.6199951171875,
2019-06-07,131.39999389648438,138.42999267578125,
2019-06-10,132.60000610351562,139.2899932861328,
2019-06-11,132.10000610351562,140.72000122070312,
2019-06-12,131.49000549316406,140.19000244140625,
2019-06-13,132.32000732421875,141.33999633789062,
2019-06-14,132.4499969482422,141.02999877929688,
2019-06-17,132.85000610351562,140.35000610351562,
2019-06-18,135.16000366210938,136.27000427246094,
2019-06-19,135.69000244140625,138.05999755859375,
2019-06-20,136.9499969482422,136.89999389648438,
2019-06-21,136.97000122070312,132.2100067138672,
2019-06-24,137.77999877929688,134.69000244140625,
2019-06-25,133.42999267578125,135.27999877929688,
2019-06-26,133.92999267578125,138.88999938964844,
2019-06-27,134.14999389648438,137.7100067138672,
2019-06-28,133.9600067138672,135.7899932861328,
2019-07-01,135.67999267578125,138.60000610351562,
2019-07-02,136.5800018310547,133.97999572753906,
2019-07-03,137.4600067138672,133.67999267578125,
2019-07-05,137.05999755859375,136.1300048828125,
2019-07-08,136.9600067138672,138.41000366210938,
2019-07-09,136.4600067138672,137.25999450683594,
2019-07-10,137.85000610351562,138.7899932861328,
2019-07-11,138.39999389648438,137.77999877929688,
2019-07-12,138.89999389648438,133.38999938964844,
2019-07-15,138.89999389648438,135.4499969482422,
2019-07-16,137.0800018310547,135.74000549316406,
2019-07-17,136.27000427246094,135.55999755859375,
2019-07-18,136.4199981689453,138.1199951171875,
2019-07-19,136.6199951171875,137.86000061035156,
2019-07-22,138.42999267578125,136.0399932861328,
2019-07-23,139.2899932861328,137.6300048828125,
2019-07-24,140.72000122070312,140.0500030517578,
2019-07-25,140.19000244140625,139.10000610351562,
2019-07-26,141.33999633789062,137.52000427246094,
2019-07-29,141.02999877929688,136.0800018310547,
2019-07-30,140.35000610351562,136.1199951171875,136.1199951171875
2019-07-31,136.27000427246094,137.52000427246094,
2019-08-01,138.05999755859375,137.32000732421875,
2019-08-02,136.89999389648438,136.3300018310547,
2019-08-05,132.2100067138672,137.38999938964844,
2019-08-06,134.69000244140625,138.52000427246094,
2019-08-07,135.27999877929688,141.07000732421875,
2019-08-08,138.88999938964844,139.44000244140625,
2019-08-09,137.7100067138672,139.13999938964844,
2019-08-12,135.7899932861328,137.3800048828125,
2019-08-13,138.60000610351562,139.36000061035156,
2019-08-14,133.97999572753906,139.5399932861328,
2019-08-15,133.67999267578125,137.72999572753906,
2019-08-16,136.1300048828125,139.02999877929688,
2019-08-19,138.41000366210938,137.07000732421875,
2019-08-20,137.25999450683594,134.64999389648438,
2019-08-21,138.7899932861328,136.27999877929688,
2019-08-22,137.77999877929688,138.1199951171875,
2019-08-23,133.38999938964844,137.1199951171875,
2019-08-26,135.4499969482422,135.6699981689453,
2019-08-27,135.74000549316406,138.24000549316406,
2019-08-28,135.55999755859375,139.10000610351562,
2019-08-29,138.1199951171875,139.67999267578125,
2019-08-30,137.86000061035156,139.5500030517578,
2019-09-03,136.0399932861328,141.57000732421875,
2019-09-04,137.6300048828125,140.41000366210938,
2019-09-05,140.0500030517578,139.69000244140625,
2019-09-06,139.10000610351562,137.41000366210938,
2019-09-09,137.52000427246094,138.42999267578125,
2019-09-10,136.0800018310547,136.3699951171875,
2019-09-11,136.1199951171875,137.24000549316406,
2019-09-12,137.52000427246094,139.94000244140625,
2019-09-13,137.32000732421875,140.72999572753906,
2019-09-16,136.3300018310547,144.19000244140625,
2019-09-17,137.38999938964844,142.8300018310547,
2019-09-18,138.52000427246094,144.61000061035156,
2019-09-19,141.07000732421875,143.3699951171875,
2019-09-20,139.44000244140625,143.72000122070312,
2019-09-23,139.13999938964844,144.5500030517578,
2019-09-24,137.3800048828125,144.4600067138672,
2019-09-25,139.36000061035156,144.05999755859375,
2019-09-26,139.5399932861328,144.25999450683594,
2019-09-27,137.72999572753906,145.9600067138672,
2019-09-30,139.02999877929688,146.11000061035156,
2019-10-01,137.07000732421875,147.07000732421875,
2019-10-02,134.64999389648438,147.30999755859375,
2019-10-03,136.27999877929688,148.05999755859375,
2019-10-04,138.1199951171875,149.97000122070312,
2019-10-07,137.1199951171875,150.33999633789062,
2019-10-08,135.6699981689453,150.38999938964844,
2019-10-09,138.24000549316406,149.6199951171875,
2019-10-10,139.10000610351562,149.47999572753906,
2019-10-11,139.67999267578125,149.58999633789062,
2019-10-14,139.5500030517578,151.22999572753906,
2019-10-15,141.57000732421875,152.02999877929688,
2019-10-16,140.41000366210938,152.32000732421875,
2019-10-17,139.69000244140625,151.3800048828125,
2019-10-18,137.41000366210938,149.5500030517578,
2019-10-21,138.42999267578125,149.30999755859375,
2019-10-22,136.3699951171875,149.85000610351562,
2019-10-23,137.24000549316406,149.92999267578125,
2019-10-24,139.94000244140625,151.75,
2019-10-25,140.72999572753906,151.36000061035156,
2019-10-28,144.19000244140625,151.1300048828125,
2019-10-29,142.8300018310547,151.6999969482422,
2019-10-30,144.61000061035156,153.24000549316406,153.24000549316406
2019-10-31,143.3699951171875,154.52999877929688,
2019-11-01,143.72000122070312,155.52999877929688,
2019-11-04,144.5500030517578,154.69000244140625,
2019-11-05,144.4600067138672,154.3699951171875,
2019-11-06,144.05999755859375,155.7100067138672,
2019-11-07,144.25999450683594,157.41000366210938,
2019-11-08,145.9600067138672,157.41000366210938,
2019-11-11,146.11000061035156,157.3800048828125,
2019-11-12,147.07000732421875,158.6699981689453,
2019-11-13,147.30999755859375,158.9600067138672,
2019-11-14,148.05999755859375,157.58999633789062,
2019-11-15,149.97000122070312,157.6999969482422,
2019-11-18,150.33999633789062,160.6199951171875,
2019-11-19,150.38999938964844,158.6199951171875,
2019-11-20,149.6199951171875,159.02999877929688,
2019-11-21,149.47999572753906,157.5800018310547,
2019-11-22,149.58999633789062,160.08999633789062,
2019-11-25,151.22999572753906,162.08999633789062,
2019-11-26,152.02999877929688,161.33999633789062,
2019-11-27,152.32000732421875,163.27999877929688,
2019-11-29,151.3800048828125,162.1300048828125,
2019-12-02,149.5500030517578,163.17999267578125,
2019-12-03,149.30999755859375,166.1699981689453,
2019-12-04,149.85000610351562,167.10000610351562,
2019-12-05,149.92999267578125,166.5,
2019-12-06,151.75,165.6999969482422,
2019-12-09,151.36000061035156,166.72000122070312,
2019-12-10,151.1300048828125,165.0399932861328,
2019-12-11,151.6999969482422,162.27999877929688,
2019-12-12,153.24000549316406,165.4600067138672,
2019-12-13,154.52999877929688,168.0399932861328,
2019-12-16,155.52999877929688,172.77999877929688,
2019-12-17,154.69000244140625,170.22999572753906,
2019-12-18,154.3699951171875,174.3800048828125,
2019-12-19,155.7100067138672,180.1199951171875,
2019-12-20,157.41000366210938,179.89999389648438,
2019-12-23,157.41000366210938,183.6300048828125,
2019-12-24,157.3800048828125,183.88999938964844,
2019-12-26,158.6699981689453,188.6999969482422,
2019-12-27,158.9600067138672,184.44000244140625,
2019-12-30,157.58999633789062,184.7100067138672,
2019-12-31,157.6999969482422,183.7100067138672,
2020-01-02,160.6199951171875,185.35000610351562,
2020-01-03,158.6199951171875,187.22999572753906,
2020-01-06,159.02999877929688,187.27999877929688,
2020-01-07,157.5800018310547,184.4199981689453,
2020-01-08,160.08999633789062,178.58999633789062,
2020-01-09,162.08999633789062,170.88999938964844,
2020-01-10,161.33999633789062,168.07000732421875,
2020-01-13,163.27999877929688,170.1699981689453,
2020-01-14,162.1300048828125,158.17999267578125,
2020-01-15,163.17999267578125,162.00999450683594,
2020-01-16,166.1699981689453,172.7899932861328,
2020-01-17,167.10000610351562,164.50999450683594,
2020-01-21,166.5,170.5500030517578,
2020-01-22,165.6999969482422,166.27000427246094,
2020-01-23,166.72000122070312,161.57000732421875,
2020-01-24,165.0399932861328,150.6199951171875,
2020-01-27,162.27999877929688,160.9199981689453,
2020-01-28,165.4600067138672,153.6300048828125,
2020-01-29,168.0399932861328,139.05999755859375,
2020-01-30,172.77999877929688,158.8300018310547,
2020-01-31,170.22999572753906,135.4199981689453,
2020-02-03,174.3800048828125,146.57000732421875,
2020-02-04,180.1199951171875,140.39999389648438,140.39999389648438
2020-02-05,179.89999389648438,142.7100067138672,
2020-02-06,183.6300048828125,137.35000610351562,
2020-02-07,183.88999938964844,135.97999572753906,
2020-02-10,188.6999969482422,148.33999633789062,
2020-02-11,184.44000244140625,146.9199981689453,
2020-02-12,184.7100067138672,156.11000061035156,
2020-02-13,183.7100067138672,149.6999969482422,
2020-02-14,185.35000610351562,160.22999572753906,
2020-02-18,187.22999572753906,157.7100067138672,
2020-02-19,187.27999877929688,152.11000061035156,
2020-02-20,184.4199981689453,155.25999450683594,
2020-02-21,178.58999633789062,153.8300018310547,
2020-02-24,170.88999938964844,165.27000427246094,
2020-02-25,168.07000732421875,163.49000549316406,
2020-02-26,170.1699981689453,165.1300048828125,
2020-02-27,158.17999267578125,165.13999938964844,
2020-02-28,162.00999450683594,165.50999450683594,
2020-03-02,172.7899932861328,173.6999969482422,
2020-03-03,164.50999450683594,171.8800048828125,
2020-03-04,170.5500030517578,177.0399932861328,
2020-03-05,166.27000427246094,178.60000610351562,
2020-03-06,161.57000732421875,175.05999755859375,
2020-03-09,150.6199951171875,167.82000732421875,
2020-03-10,160.9199981689453,173.52000427246094,
2020-03-11,153.6300048828125,171.4199981689453,
2020-03-12,139.05999755859375,174.5500030517578,
2020-03-13,158.8300018310547,174.0500030517578,
2020-03-16,135.4199981689453,169.80999755859375,
2020-03-17,146.57000732421875,177.42999267578125,
2020-03-18,140.39999389648438,179.2100067138672,
2020-03-19,142.7100067138672,174.57000732421875,
2020-03-20,137.35000610351562,178.83999633789062,
2020-03-23,135.97999572753906,180.75999450683594,
2020-03-24,148.33999633789062,182.5399932861328,
2020-03-25,146.9199981689453,183.60000610351562,
2020-03-26,156.11000061035156,184.67999267578125,
2020-03-27,149.6999969482422,186.74000549316406,
2020-03-30,160.22999572753906,182.50999450683594,
2020-03-31,157.7100067138672,179.75,
2020-04-01,152.11000061035156,180.52999877929688,
2020-04-02,155.25999450683594,183.16000366210938,
2020-04-03,153.8300018310547,184.91000366210938,
2020-04-06,165.27000427246094,183.6300048828125,
2020-04-07,163.49000549316406,185.66000366210938,
2020-04-08,165.1300048828125,183.42999267578125,
2020-04-09,165.13999938964844,183.50999450683594,
2020-04-13,165.50999450683594,181.57000732421875,
2020-04-14,173.6999969482422,181.80999755859375,
2020-04-15,171.8800048828125,181.39999389648438,
2020-04-16,177.0399932861328,183.25,
2020-04-17,178.60000610351562,182.8300018310547,
2020-04-20,175.05999755859375,184.91000366210938,
2020-04-21,167.82000732421875,185.36000061035156,
2020-04-22,173.52000427246094,182.9199981689453,
2020-04-23,171.4199981689453,187.1999969482422,
2020-04-24,174.5500030517578,188.36000061035156,
2020-04-27,174.0500030517578,189.8000030517578,
2020-04-28,169.80999755859375,196.83999633789062,
2020-04-29,177.42999267578125,186.27000427246094,
2020-04-30,179.2100067138672,187.74000549316406,
2020-05-01,174.57000732421875,188.94000244140625,
2020-05-04,178.83999633789062,193.57000732421875,
2020-05-05,180.75999450683594,194.24000549316406,
2020-05-06,182.5399932861328,196.32000732421875,
2020-05-07,183.60000610351562,195.14999389648438,195.14999389648438
2020-05-08,184.67999267578125,200.57000732421875,
2020-05-11,186.74000549316406,201.91000366210938,
2020-05-12,182.50999450683594,197.83999633789062,
2020-05-13,179.75,200.33999633789062,
2020-05-14,180.52999877929688,196.3300018310547,
2020-05-15,183.16000366210938,198.44000244140625,
2020-05-18,184.91000366210938,203.50999450683594,
2020-05-19,183.6300048828125,204.6999969482422,
2020-05-20,185.66000366210938,206.25999450683594,
2020-05-21,183.42999267578125,210.6999969482422,
2020-05-22,183.50999450683594,208.25,
2020-05-26,181.57000732421875,212.8300018310547,
2020-05-27,181.80999755859375,214.32000732421875,
2020-05-28,181.39999389648438,213.6699981689453,
2020-05-29,183.25,207.07000732421875,
2020-06-01,182.8300018310547,208.35000610351562,
2020-06-02,184.91000366210938,208.0399932861328,
2020-06-03,185.36000061035156,203.9199981689453,
2020-06-04,182.9199981689453,202.8800048828125,
2020-06-05,187.1999969482422,211.60000610351562,
2020-06-08,188.36000061035156,208.75,
2020-06-09,189.8000030517578,211.75,
2020-06-10,196.83999633789062,202.5399932861328,
2020-06-11,186.27000427246094,201.3000030517578,
2020-06-12,187.74000549316406,203.85000610351562,
2020-06-15,188.94000244140625,202.02000427246094,
2020-06-16,193.57000732421875,204.05999755859375,
2020-06-17,194.24000549316406,203.89999389648438,
2020-06-18,196.32000732421875,205.00999450683594,
2020-06-19,195.14999389648438,216.5399932861328,
2020-06-22,200.57000732421875,213.2899932861328,
2020-06-23,201.91000366210938,212.94000244140625,
2020-06-24,197.83999633789062,216.35000610351562,
2020-06-25,200.33999633789062,212.47999572753906,
2020-06-26,196.3300018310547,208.25,
2020-06-29,198.44000244140625,203.3800048828125,
2020-06-30,203.50999450683594,209.19000244140625,
2020-07-01,204.6999969482422,208.6999969482422,
2020-07-02,206.25999450683594,208.89999389648438,
2020-07-06,210.6999969482422,210.27999877929688,
2020-07-07,208.25,211.49000549316406,
2020-07-08,212.8300018310547,209.6999969482422,
2020-07-09,214.32000732421875,214.5800018310547,
2020-07-10,213.6699981689453,213.02000427246094,
2020-07-13,207.07000732421875,213.69000244140625,
2020-07-14,208.35000610351562,216.47000122070312,
2020-07-15,208.0399932861328,221.14999389648438,
2020-07-16,203.9199981689453,226.5800018310547,
2020-07-17,202.8800048828125,228.91000366210938,
2020-07-20,211.60000610351562,225.52999877929688,
2020-07-21,208.75,227.27000427246094,
2020-07-22,211.75,231.64999389648438,
2020-07-23,202.5399932861328,217.3000030517578,
2020-07-24,201.3000030517578,214.25,
2020-07-27,203.85000610351562,202.66000366210938,
2020-07-28,202.02000427246094,211.2899932861328,
2020-07-29,204.05999755859375,205.3699951171875,
2020-07-30,203.89999389648438,204.02999877929688,
2020-07-31,205.00999450683594,205.41000366210938,
2020-08-03,216.5399932861328,208.77999877929688,
2020-08-04,213.2899932861328,205.0500030517578,
2020-08-05,212.94000244140625,202.91000366210938,
2020-08-06,216.35000610351562,200.38999938964844,
2020-08-07,212.47999572753906,202.5399932861328,
2020-08-10,208.25,207.4199981689453,207.4199981689453
2020-08-11,203.3800048828125,200.58999633789062,
2020-08-12,209.19000244140625,203.19000244140625,
2020-08-13,208.6999969482422,207.82000732421875,
2020-08-14,208.89999389648438,209.44000244140625,
2020-08-17,210.27999877929688,207.25999450683594,
2020-08-18,211.49000549316406,210.3300018310547,
2020-08-19,209.6999969482422,212.4600067138672,
2020-08-20,214.5800018310547,206.19000244140625,
2020-08-21,213.02000427246094,210.3800048828125,
2020-08-24,213.69000244140625,205.91000366210938,
2020-08-25,216.47000122070312,209.8300018310547,
2020-08-26,221.14999389648438,210.5800018310547,
2020-08-27,226.5800018310547,215.80999755859375,
2020-08-28,228.91000366210938,221.39999389648438,
2020-08-31,225.52999877929688,222.86000061035156,
2020-09-01,227.27000427246094,220.86000061035156,
2020-09-02,231.64999389648438,219.66000366210938,
2020-09-03,217.3000030517578,219.66000366210938,
2020-09-04,214.25,214.22000122070312,
2020-09-08,202.66000366210938,214.64999389648438,
2020-09-09,211.2899932861328,214.8000030517578,
2020-09-10,205.3699951171875,214.88999938964844,
2020-09-11,204.02999877929688,216.22999572753906,
2020-09-14,205.41000366210938,210.0800018310547,
2020-09-15,208.77999877929688,213.25,
2020-09-16,205.0500030517578,202.67999267578125,
2020-09-17,202.91000366210938,204.72000122070312,
2020-09-18,200.38999938964844,202.47000122070312,
2020-09-21,202.5399932861328,202.3300018310547,
2020-09-22,207.4199981689453,206.42999267578125,
2020-09-23,200.58999633789062,216.38999938964844,
2020-09-24,203.19000244140625,223.2899932861328,
2020-09-25,207.82000732421875,223.72000122070312,
2020-09-28,209.44000244140625,218.38999938964844,
2020-09-29,207.25999450683594,211.00999450683594,
2020-09-30,210.3300018310547,216.5500030517578,
2020-10-01,212.4600067138672,215.44000244140625,
2020-10-02,206.19000244140625,216.50999450683594,
2020-10-05,210.3800048828125,217.22999572753906,
2020-10-06,205.91000366210938,214.4600067138672,
2020-10-07,209.8300018310547,211.0800018310547,
2020-10-08,210.5800018310547,212.4199981689453,
2020-10-09,215.80999755859375,210.38999938964844,
2020-10-12,221.39999389648438,210.11000061035156,
2020-10-13,222.86000061035156,213.86000061035156,
2020-10-14,220.86000061035156,213.8699951171875,
2020-10-15,219.66000366210938,215.22999572753906,
2020-10-16,219.66000366210938,214.07000732421875,
2020-10-19,214.22000122070312,216.2100067138672,
2020-10-20,214.64999389648438,215.3699951171875,
2020-10-21,214.8000030517578,214.24000549316406,
2020-10-22,214.88999938964844,214.36000061035156,
2020-10-23,216.22999572753906,214.2899932861328,
2020-10-26,210.0800018310547,216.00999450683594,
2020-10-27,213.25,211.8000030517578,
2020-10-28,202.67999267578125,210.52000427246094,
2020-10-29,204.72000122070312,213.25999450683594,
2020-10-30,202.47000122070312,214.1999969482422,
2020-11-02,202.3300018310547,214.1300048828125,
2020-11-03,206.42999267578125,219.27999877929688,
2020-11-04,216.38999938964844,219.4199981689453,
2020-11-05,223.2899932861328,218.58999633789062,
2020-11-06,223.72000122070312,222.58999633789062,
2020-11-09,218.38999938964844,223.94000244140625,
2020-11-10,211.00999450683594,221.02000427246094,221.02000427246094
2020-11-11,216.5500030517578,222.75,
2020-11-12,215.44000244140625,224.9600067138672,
2020-11-13,216.50999450683594,224.14999389648438,
2020-11-16,217.22999572753906,221.67999267578125,
2020-11-17,214.4600067138672,222.4199981689453,
2020-11-18,211.0800018310547,217.69000244140625,
2020-11-19,212.4199981689453,217.89999389648438,
2020-11-20,210.38999938964844,212.25,
2020-11-23,210.11000061035156,218.2899932861328,
2020-11-24,213.86000061035156,219.6199951171875,
2020-11-25,213.8699951171875,217.49000549316406,
2020-11-27,215.22999572753906,214.92999267578125,
2020-11-30,214.07000732421875,216.33999633789062,
2020-12-01,216.2100067138672,213.02000427246094,
2020-12-02,215.3699951171875,212.64999389648438,
2020-12-03,214.24000549316406,216.44000244140625,
2020-12-04,214.36000061035156,224.33999633789062,
2020-12-07,214.2899932861328,224.97000122070312,
2020-12-08,216.00999450683594,225.9499969482422,
2020-12-09,211.8000030517578,229.52999877929688,
2020-12-10,210.52000427246094,232.3300018310547,
2020-12-11,213.25999450683594,232.89999389648438,
2020-12-14,214.1999969482422,238.92999267578125,
2020-12-15,214.1300048828125,231.9600067138672,
2020-12-16,219.27999877929688,239.64999389648438,
2020-12-17,219.4199981689453,239.50999450683594,
2020-12-18,218.58999633789062,243.0,
2020-12-21,222.58999633789062,242.00999450683594,
2020-12-22,223.94000244140625,242.1999969482422,
2020-12-23,221.02000427246094,242.47000122070312,
2020-12-24,222.75,243.77000427246094,
2020-12-28,224.9600067138672,242.82000732421875,
2020-12-29,224.14999389648438,244.49000549316406,
2020-12-30,221.67999267578125,244.99000549316406,
2020-12-31,222.4199981689453,243.6999969482422,
2021-01-04,217.69000244140625,244.1999969482422,
2021-01-05,217.89999389648438,243.7899932861328,
2021-01-06,212.25,240.97000122070312,
2021-01-07,218.2899932861328,234.50999450683594,
2021-01-08,219.6199951171875,233.27000427246094,
2021-01-11,217.49000549316406,234.5500030517578,
2021-01-12,214.92999267578125,228.99000549316406,
2021-01-13,216.33999633789062,232.3800048828125,
2021-01-14,213.02000427246094,236.94000244140625,
2021-01-15,212.64999389648438,233.8699951171875,
2021-01-19,216.44000244140625,227.55999755859375,
2021-01-20,224.33999633789062,226.72999572753906,
2021-01-21,224.97000122070312,231.60000610351562,
2021-01-22,225.9499969482422,227.38999938964844,
2021-01-25,229.52999877929688,233.77999877929688,
2021-01-26,232.3300018310547,232.4199981689453,
2021-01-27,232.89999389648438,237.1300048828125,
2021-01-28,238.92999267578125,235.75,
2021-01-29,231.9600067138672,234.80999755859375,
2021-02-01,239.64999389648438,237.7100067138672,
2021-02-02,239.50999450683594,237.0399932861328,
2021-02-03,243.0,230.72000122070312,
2021-02-04,242.00999450683594,230.35000610351562,
2021-02-05,242.1999969482422,235.99000549316406,
2021-02-08,242.47000122070312,237.5800018310547,
2021-02-09,243.77000427246094,235.4600067138672,
2021-02-10,242.82000732421875,232.33999633789062,
2021-02-11,244.49000549316406,236.47999572753906,
2021-02-12,244.99000549316406,235.24000549316406,
2021-02-16,243.6999969482422,231.85000610351562,231.85000610351562
2021-02-17,244.1999969482422,235.77000427246094,
2021-02-18,243.7899932861328,242.35000610351562,
2021-02-19,240.97000122070312,249.07000732421875,
2021-02-22,234.50999450683594,247.86000061035156,
2021-02-23,233.27000427246094,249.89999389648438,
2021-02-24,234.5500030517578,253.25,
2021-02-25,228.99000549316406,255.85000610351562,
2021-02-26,232.3800048828125,255.91000366210938,
2021-03-01,236.94000244140625,258.489990234375,
2021-03-02,233.8699951171875,255.58999633789062,
2021-03-03,227.55999755859375,259.5,
2021-03-04,226.72999572753906,260.739990234375,
2021-03-05,231.60000610351562,258.739990234375,
2021-03-08,227.38999938964844,258.260009765625,
2021-03-09,233.77999877929688,260.5799865722656,
2021-03-10,232.4199981689453,257.1700134277344,
2021-03-11,237.1300048828125,261.1499938964844,
2021-03-12,235.75,261.54998779296875,
2021-03-15,234.80999755859375,261.9700012207031,
2021-03-16,237.7100067138672,254.55999755859375,
2021-03-17,237.0399932861328,252.50999450683594,
2021-03-18,230.72000122070312,252.17999267578125,
2021-03-19,230.35000610351562,251.86000061035156,
2021-03-22,235.99000549316406,247.7899932861328,
2021-03-23,237.5800018310547,246.47000122070312,
2021-03-24,235.4600067138672,249.72999572753906,
2021-03-25,232.33999633789062,252.4600067138672,
2021-03-26,236.47999572753906,247.17999267578125,
2021-03-29,235.24000549316406,246.22999572753906,
2021-03-30,231.85000610351562,239.0,
2021-03-31,235.77000427246094,243.02999877929688,
2021-04-01,242.35000610351562,248.14999389648438,
2021-04-05,249.07000732421875,245.17999267578125,
2021-04-06,247.86000061035156,243.0800018310547,
2021-04-07,249.89999389648438,243.1199951171875,
2021-04-08,253.25,246.47999572753906,
2021-04-09,255.85000610351562,245.1699981689453,
2021-04-12,255.91000366210938,250.77999877929688,
2021-04-13,258.489990234375,251.72000122070312,
2021-04-14,255.58999633789062,251.49000549316406,
2021-04-15,259.5,249.30999755859375,
2021-04-16,260.739990234375,249.67999267578125,
2021-04-19,258.739990234375,247.39999389648438,
2021-04-20,258.260009765625,247.3000030517578,
2021-04-21,260.5799865722656,245.7100067138672,
2021-04-22,257.1700134277344,250.7899932861328,
2021-04-23,261.1499938964844,253.80999755859375,
2021-04-26,261.54998779296875,252.57000732421875,
2021-04-27,261.9700012207031,253.58999633789062,
2021-04-28,254.55999755859375,257.239990234375,
2021-04-29,252.50999450683594,257.8900146484375,
2021-04-30,252.17999267578125,259.8900146484375,
2021-05-03,251.86000061035156,258.3599853515625,
2021-05-04,247.7899932861328,257.3800048828125,
2021-05-05,246.47000122070312,260.8999938964844,
2021-05-06,249.72999572753906,259.42999267578125,
2021-05-07,252.4600067138672,262.6300048828125,
2021-05-10,247.17999267578125,265.510009765625,
2021-05-11,246.22999572753906,265.2699890136719,
2021-05-12,239.0,266.69000244140625,
2021-05-13,243.02999877929688,265.0199890136719,
2021-05-14,248.14999389648438,268.7200012207031,
2021-05-17,245.17999267578125,271.3999938964844,
2021-05-18,243.0800018310547,270.8999938964844,
2021-05-19,243.1199951171875,271.6000061035156,271.6000061035156
2021-05-20,246.47999572753906,277.6499938964844,
2021-05-21,245.1699981689453,277.6600036621094,
2021-05-24,250.77999877929688,279.92999267578125,
2021-05-25,251.72000122070312,277.4200134277344,
2021-05-26,251.49000549316406,277.94000244140625,
2021-05-27,249.30999755859375,277.32000732421875,
2021-05-28,249.67999267578125,280.9800109863281,
2021-06-01,247.39999389648438,282.510009765625,
