,Close,Close_ahead30
0,26.337499618530273,24.530000686645508
1,25.677499771118164,24.065000534057617
2,25.174999237060547,24.010000228881836
3,24.112499237060547,24.219999313354492
4,24.239999771118164,23.672500610351562
5,24.63249969482422,24.024999618530273
6,24.989999771118164,24.190000534057617
7,24.34749984741211,24.227500915527344
8,24.8799991607666,24.172500610351562
9,24.282499313354492,25.13249969482422
10,24.165000915527344,25.1875
11,24.197500228881836,25.375
12,24.075000762939453,25.752500534057617
13,25.354999542236328,25.467500686645508
14,24.860000610351562,25.25749969482422
15,24.997499465942383,25.280000686645508
16,23.354999542236328,25.292499542236328
17,23.522499084472656,25.565000534057617
18,24.334999084472656,25.6299991607666
19,24.107500076293945,26.145000457763672
20,23.6200008392334,26.49250030517578
21,24.087499618530273,26.450000762939453
22,24.149999618530273,26.479999542236328
23,23.5049991607666,26.477500915527344
24,23.752500534057617,26.68000030517578
25,23.747499465942383,26.532499313354492
26,23.5674991607666,26.417499542236328
27,23.424999237060547,26.297500610351562
28,23.497499465942383,26.920000076293945
29,24.15999984741211,27.389999389648438
30,24.530000686645508,27.247499465942383
31,24.065000534057617,27.497499465942383
32,24.010000228881836,27.780000686645508
33,24.219999313354492,27.452499389648438
34,23.672500610351562,27.739999771118164
35,24.024999618530273,27.135000228881836
36,24.190000534057617,27.165000915527344
37,24.227500915527344,27.2549991607666
38,24.172500610351562,27.610000610351562
39,25.13249969482422,28.010000228881836
40,25.1875,28.024999618530273
41,25.375,27.462499618530273
42,25.752500534057617,26.8700008392334
43,25.467500686645508,26.727500915527344
44,25.25749969482422,26.782499313354492
45,25.280000686645508,26.49250030517578
46,25.292499542236328,26.420000076293945
47,25.565000534057617,26.270000457763672
48,25.6299991607666,26.087499618530273
49,26.145000457763672,24.454999923706055
50,26.49250030517578,23.707500457763672
51,26.450000762939453,23.434999465942383
52,26.479999542236328,23.40999984741211
53,26.477500915527344,23.795000076293945
54,26.68000030517578,23.547500610351562
55,26.532499313354492,23.309999465942383
56,26.417499542236328,23.18000030517578
57,26.297500610351562,23.197500228881836
58,26.920000076293945,23.354999542236328
59,27.389999389648438,23.127500534057617
60,27.247499465942383,22.584999084472656
61,27.497499465942383,22.6299991607666
62,27.780000686645508,23.469999313354492
63,27.452499389648438,23.372499465942383
64,27.739999771118164,23.639999389648438
65,27.135000228881836,23.549999237060547
66,27.165000915527344,23.80500030517578
67,27.2549991607666,24.107500076293945
68,27.610000610351562,24.475000381469727
69,28.010000228881836,24.905000686645508
70,28.024999618530273,25.102500915527344
71,27.462499618530273,25.087499618530273
72,26.8700008392334,24.96500015258789
73,26.727500915527344,24.614999771118164
74,26.782499313354492,24.43000030517578
75,26.49250030517578,24.479999542236328
76,26.420000076293945,24.657499313354492
77,26.270000457763672,24.75749969482422
78,26.087499618530273,24.735000610351562
79,24.454999923706055,24.912500381469727
80,23.707500457763672,24.707500457763672
81,23.434999465942383,24.334999084472656
82,23.40999984741211,24.364999771118164
83,23.795000076293945,24.28499984741211
84,23.547500610351562,24.387500762939453
85,23.309999465942383,23.832500457763672
86,23.18000030517578,23.774999618530273
87,23.197500228881836,23.977500915527344
88,23.354999542236328,23.887500762939453
89,23.127500534057617,24.024999618530273
90,22.584999084472656,23.350000381469727
91,22.6299991607666,23.010000228881836
92,23.469999313354492,23.397499084472656
93,23.372499465942383,23.600000381469727
94,23.639999389648438,23.899999618530273
95,23.549999237060547,23.97249984741211
96,23.80500030517578,23.747499465942383
97,24.107500076293945,23.88249969482422
98,24.475000381469727,23.985000610351562
99,24.905000686645508,24.170000076293945
100,25.102500915527344,24.2450008392334
101,25.087499618530273,24.354999542236328
102,24.96500015258789,24.217500686645508
103,24.614999771118164,24.697500228881836
104,24.43000030517578,24.69499969482422
105,24.479999542236328,24.957500457763672
106,24.657499313354492,24.967500686645508
107,24.75749969482422,24.989999771118164
108,24.735000610351562,24.857500076293945
109,24.912500381469727,24.665000915527344
110,24.707500457763672,24.334999084472656
111,24.334999084472656,24.167499542236328
112,24.364999771118164,25.737499237060547
113,24.28499984741211,26.084999084472656
114,24.387500762939453,26.052499771118164
115,23.832500457763672,26.512500762939453
116,23.774999618530273,26.1200008392334
117,23.977500915527344,26.447500228881836
118,23.887500762939453,26.467500686645508
119,24.024999618530273,26.8700008392334
120,23.350000381469727,27.092500686645508
121,23.010000228881836,27.202499389648438
122,23.397499084472656,27.0
123,23.600000381469727,26.982500076293945
124,23.899999618530273,27.045000076293945
125,23.97249984741211,27.3700008392334
126,23.747499465942383,27.344999313354492
127,23.88249969482422,27.30500030517578
128,23.985000610351562,27.270000457763672
129,24.170000076293945,27.34000015258789
130,24.2450008392334,27.127500534057617
131,24.354999542236328,27.212499618530273
132,24.217500686645508,27.00749969482422
133,24.697500228881836,26.892499923706055
134,24.69499969482422,26.735000610351562
135,24.957500457763672,26.704999923706055
136,24.967500686645508,26.5
137,24.989999771118164,26.524999618530273
138,24.857500076293945,26.6825008392334
139,24.665000915527344,26.9325008392334
140,24.334999084472656,26.924999237060547
141,24.167499542236328,27.09000015258789
142,25.737499237060547,26.3799991607666
143,26.084999084472656,25.782499313354492
144,26.052499771118164,26.360000610351562
145,26.512500762939453,26.987499237060547
146,26.1200008392334,27.9424991607666
147,26.447500228881836,28.892499923706055
148,26.467500686645508,28.729999542236328
149,26.8700008392334,28.395000457763672
150,27.092500686645508,28.392499923706055
151,27.202499389648438,28.387500762939453
152,27.0,28.655000686645508
153,26.982500076293945,28.177499771118164
154,27.045000076293945,28.219999313354492
155,27.3700008392334,28.272499084472656
156,27.344999313354492,28.487499237060547
157,27.30500030517578,28.045000076293945
158,27.270000457763672,28.262500762939453
159,27.34000015258789,28.1299991607666
160,27.127500534057617,28.25
161,27.212499618530273,28.262500762939453
162,27.00749969482422,28.47249984741211
163,26.892499923706055,28.514999389648438
164,26.735000610351562,29.012500762939453
165,26.704999923706055,29.075000762939453
166,26.5,29.334999084472656
167,26.524999618530273,29.2450008392334
168,26.6825008392334,29.407499313354492
169,26.9325008392334,29.387500762939453
170,26.924999237060547,29.36750030517578
171,27.09000015258789,29.280000686645508
172,26.3799991607666,29.264999389648438
173,25.782499313354492,29.149999618530273
174,26.360000610351562,29.412500381469727
175,26.987499237060547,29.5625
176,27.9424991607666,28.897499084472656
177,28.892499923706055,28.6200008392334
178,28.729999542236328,28.43000030517578
179,28.395000457763672,28.385000228881836
180,28.392499923706055,27.872499465942383
181,28.387500762939453,27.897499084472656
182,28.655000686645508,27.457500457763672
183,28.177499771118164,27.209999084472656
184,28.219999313354492,27.602500915527344
185,28.272499084472656,27.764999389648438
186,28.487499237060547,27.719999313354492
187,28.045000076293945,26.947500228881836
188,28.262500762939453,27.107500076293945
189,28.1299991607666,26.427499771118164
190,28.25,26.77750015258789
191,28.262500762939453,27.497499465942383
192,28.47249984741211,27.487499237060547
193,28.514999389648438,27.514999389648438
194,29.012500762939453,27.9325008392334
195,29.075000762939453,27.950000762939453
196,29.334999084472656,27.8075008392334
197,29.2450008392334,27.947500228881836
198,29.407499313354492,27.892499923706055
199,29.387500762939453,27.864999771118164
200,29.36750030517578,27.6299991607666
201,29.280000686645508,27.372499465942383
202,29.264999389648438,27.475000381469727
203,29.149999618530273,27.27750015258789
204,29.412500381469727,27.487499237060547
205,29.5625,27.75749969482422
206,28.897499084472656,28.030000686645508
207,28.6200008392334,28.487499237060547
208,28.43000030517578,28.325000762939453
209,28.385000228881836,28.797500610351562
210,27.872499465942383,28.797500610351562
211,27.897499084472656,28.954999923706055
212,27.457500457763672,28.99250030517578
213,27.209999084472656,29.15999984741211
214,27.602500915527344,29.237499237060547
215,27.764999389648438,29.264999389648438
216,27.719999313354492,29.072500228881836
217,26.947500228881836,29.1299991607666
218,27.107500076293945,29.315000534057617
219,26.427499771118164,29.190000534057617
220,26.77750015258789,29.1825008392334
221,27.497499465942383,28.954999923706055
222,27.487499237060547,29.037500381469727
223,27.514999389648438,29.0049991607666
224,27.9325008392334,29.15250015258789
225,27.950000762939453,29.477500915527344
226,27.8075008392334,29.747499465942383
227,27.947500228881836,29.77750015258789
228,27.892499923706055,29.9375
229,27.864999771118164,29.8125
230,27.6299991607666,29.760000228881836
231,27.372499465942383,30.0
232,27.475000381469727,29.997499465942383
233,27.27750015258789,29.94499969482422
234,27.487499237060547,30.0
235,27.75749969482422,30.020000457763672
236,28.030000686645508,29.99250030517578
237,28.487499237060547,30.469999313354492
238,28.325000762939453,30.485000610351562
239,28.797500610351562,30.487499237060547
240,28.797500610351562,30.407499313354492
241,28.954999923706055,30.337499618530273
242,28.99250030517578,32.1875
243,29.15999984741211,32.13249969482422
244,29.237499237060547,32.27000045776367
245,29.264999389648438,32.5724983215332
246,29.072500228881836,32.88249969482422
247,29.1299991607666,33.0099983215332
248,29.315000534057617,33.10499954223633
249,29.190000534057617,33.029998779296875
250,29.1825008392334,33.3224983215332
251,28.954999923706055,33.755001068115234
252,29.037500381469727,33.877498626708984
253,29.0049991607666,33.837501525878906
254,29.15250015258789,33.93000030517578
255,29.477500915527344,34.17499923706055
256,29.747499465942383,34.27750015258789
257,29.77750015258789,34.13249969482422
258,29.9375,34.165000915527344
259,29.8125,34.23249816894531
260,29.760000228881836,34.247501373291016
261,30.0,34.9474983215332
262,29.997499465942383,34.7400016784668
263,29.94499969482422,34.94499969482422
264,30.0,34.834999084472656
265,30.020000457763672,34.880001068115234
266,29.99250030517578,34.75
267,30.469999313354492,34.66999816894531
268,30.485000610351562,34.78499984741211
269,30.487499237060547,34.79999923706055
270,30.407499313354492,34.747501373291016
271,30.337499618530273,35.1150016784668
272,32.1875,35.17250061035156
273,32.13249969482422,34.997501373291016
274,32.27000045776367,35.3650016784668
275,32.5724983215332,34.959999084472656
276,32.88249969482422,35.35499954223633
277,33.0099983215332,35.22999954223633
278,33.10499954223633,35.15999984741211
279,33.029998779296875,35.220001220703125
280,33.3224983215332,35.95000076293945
281,33.755001068115234,36.029998779296875
282,33.877498626708984,35.98249816894531
283,33.837501525878906,35.915000915527344
284,33.93000030517578,35.92499923706055
285,34.17499923706055,36.192501068115234
286,34.27750015258789,36.005001068115234
287,34.13249969482422,35.915000915527344
288,34.165000915527344,35.834999084472656
289,34.23249816894531,35.79249954223633
290,34.247501373291016,35.407501220703125
291,34.9474983215332,35.45000076293945
292,34.7400016784668,35.26250076293945
293,34.94499969482422,35.45750045776367
294,34.834999084472656,35.29999923706055
295,34.880001068115234,35.16999816894531
296,34.75,35.61000061035156
297,34.66999816894531,35.567501068115234
298,34.78499984741211,35.90999984741211
299,34.79999923706055,36.13249969482422
300,34.747501373291016,35.91999816894531
301,35.1150016784668,35.9474983215332
302,35.17250061035156,35.912498474121094
303,34.997501373291016,36.64500045776367
304,35.3650016784668,36.877498626708984
305,34.959999084472656,36.76499938964844
306,35.35499954223633,36.63249969482422
307,35.22999954223633,37.2400016784668
308,35.15999984741211,38.252498626708984
309,35.220001220703125,38.497501373291016
310,35.95000076293945,38.314998626708984
311,36.029998779296875,38.48749923706055
312,35.98249816894531,39.025001525878906
313,35.915000915527344,38.92499923706055
314,35.92499923706055,38.86750030517578
315,36.192501068115234,37.5625
316,36.005001068115234,38.1349983215332
317,35.915000915527344,38.26499938964844
318,35.834999084472656,38.497501373291016
319,35.79249954223633,38.45000076293945
320,35.407501220703125,38.334999084472656
321,35.45000076293945,38.467498779296875
322,35.26250076293945,38.40250015258789
323,35.45750045776367,38.41749954223633
324,35.29999923706055,38.189998626708984
325,35.16999816894531,38.29499816894531
326,35.61000061035156,38.86249923706055
327,35.567501068115234,38.48249816894531
328,35.90999984741211,38.61249923706055
329,36.13249969482422,38.842498779296875
330,35.91999816894531,38.747501373291016
331,35.9474983215332,37.244998931884766
332,35.912498474121094,36.35499954223633
333,36.64500045776367,36.647499084472656
334,36.877498626708984,36.290000915527344
335,36.76499938964844,36.0724983215332
336,36.63249969482422,35.567501068115234
337,37.2400016784668,36.584999084472656
338,38.252498626708984,36.252498626708984
339,38.497501373291016,36.467498779296875
340,38.314998626708984,36.407501220703125
341,38.48749923706055,36.56999969482422
342,39.025001525878906,36.45500183105469
343,38.92499923706055,35.932498931884766
344,38.86750030517578,36.45750045776367
345,37.5625,35.91999816894531
346,38.1349983215332,36.005001068115234
347,38.26499938964844,35.875
348,38.497501373291016,36.022499084472656
349,38.45000076293945,35.682498931884766
350,38.334999084472656,36.04499816894531
351,38.467498779296875,36.26499938964844
352,38.40250015258789,36.38249969482422
353,38.41749954223633,36.435001373291016
354,38.189998626708984,36.942501068115234
355,38.29499816894531,37.2599983215332
356,38.86249923706055,37.38999938964844
357,38.48249816894531,37.52000045776367
358,38.61249923706055,37.755001068115234
359,38.842498779296875,37.584999084472656
360,38.747501373291016,37.567501068115234
361,37.244998931884766,38.022499084472656
362,36.35499954223633,38.185001373291016
363,36.647499084472656,38.3650016784668
364,36.290000915527344,37.63999938964844
365,36.0724983215332,37.375
366,35.567501068115234,37.182498931884766
367,36.584999084472656,37.51250076293945
368,36.252498626708984,39.28499984741211
369,36.467498779296875,38.89250183105469
370,36.407501220703125,39.09749984741211
371,36.56999969482422,39.70249938964844
372,36.45500183105469,40.02000045776367
373,35.932498931884766,40.26499938964844
374,36.45750045776367,38.83000183105469
375,35.91999816894531,39.369998931884766
376,36.005001068115234,39.962501525878906
377,35.875,40.400001525878906
378,36.022499084472656,40.23749923706055
379,35.682498931884766,39.46500015258789
380,36.04499816894531,39.375
381,36.26499938964844,39.3025016784668
382,36.38249969482422,39.94499969482422
383,36.435001373291016,39.994998931884766
384,36.942501068115234,39.817501068115234
385,37.2599983215332,39.96500015258789
386,37.38999938964844,40.36750030517578
387,37.52000045776367,40.727500915527344
388,37.755001068115234,40.837501525878906
389,37.584999084472656,41.0
390,37.567501068115234,41.01250076293945
391,38.022499084472656,40.52000045776367
392,38.185001373291016,40.477500915527344
393,38.3650016784668,40.314998626708984
394,37.63999938964844,39.657501220703125
395,37.375,40.375
396,37.182498931884766,40.21500015258789
397,37.51250076293945,39.912498474121094
398,39.28499984741211,39.56999969482422
399,38.89250183105469,39.970001220703125
400,39.09749984741211,39.66749954223633
401,39.70249938964844,39.682498931884766
402,40.02000045776367,39.01750183105469
403,40.26499938964844,38.34749984741211
404,38.83000183105469,37.97249984741211
405,39.369998931884766,37.63750076293945
406,39.962501525878906,38.28499984741211
407,40.400001525878906,38.557498931884766
408,40.23749923706055,38.31999969482422
409,39.46500015258789,38.529998779296875
410,39.375,38.45249938964844
411,39.3025016784668,38.619998931884766
412,39.94499969482422,38.369998931884766
413,39.994998931884766,38.84749984741211
414,39.817501068115234,38.82500076293945
415,39.96500015258789,38.959999084472656
416,40.36750030517578,38.974998474121094
417,40.727500915527344,39.13750076293945
418,40.837501525878906,39.0
419,41.0,39.247501373291016
420,41.01250076293945,39.970001220703125
421,40.52000045776367,40.11750030517578
422,40.477500915527344,39.939998626708984
423,40.314998626708984,38.994998931884766
424,39.657501220703125,39.0625
425,40.375,39.04249954223633
426,40.21500015258789,39.275001525878906
427,39.912498474121094,39.102500915527344
428,39.56999969482422,39.352500915527344
429,39.970001220703125,40.76250076293945
430,39.66749954223633,41.68000030517578
431,39.682498931884766,42.2599983215332
432,39.01750183105469,41.72249984741211
433,38.34749984741211,42.02750015258789
434,37.97249984741211,43.125
435,37.63750076293945,43.5625
436,38.28499984741211,43.70249938964844
437,38.557498931884766,44.060001373291016
438,38.31999969482422,43.970001220703125
439,38.529998779296875,43.66749954223633
440,38.45249938964844,43.49250030517578
441,38.619998931884766,42.834999084472656
442,38.369998931884766,42.27000045776367
443,38.84749984741211,42.775001525878906
444,38.82500076293945,42.537498474121094
445,38.959999084472656,42.494998931884766
446,38.974998474121094,43.28499984741211
447,39.13750076293945,43.7400016784668
448,39.0,43.74250030517578
449,39.247501373291016,43.522499084472656
450,39.970001220703125,43.26750183105469
451,40.11750030517578,42.369998931884766
452,39.939998626708984,42.962501525878906
453,38.994998931884766,42.76250076293945
454,39.0625,42.45000076293945
455,39.04249954223633,42.40999984741211
456,39.275001525878906,42.252498626708984
457,39.102500915527344,42.33000183105469
458,39.352500915527344,42.342498779296875
459,40.76250076293945,43.16749954223633
460,41.68000030517578,42.92499923706055
461,42.2599983215332,43.067501068115234
462,41.72249984741211,43.05500030517578
463,42.02750015258789,43.49250030517578
464,43.125,44.10499954223633
465,43.5625,43.6349983215332
466,43.70249938964844,43.587501525878906
467,44.060001373291016,43.752498626708984
468,43.970001220703125,43.752498626708984
469,43.66749954223633,42.64250183105469
470,43.49250030517578,42.650001525878906
471,42.834999084472656,42.77000045776367
472,42.27000045776367,42.307498931884766
473,42.775001525878906,43.064998626708984
474,42.537498474121094,43.057498931884766
475,42.494998931884766,43.25749969482422
476,43.28499984741211,43.75
477,43.7400016784668,43.587501525878906
478,43.74250030517578,43.58250045776367
479,43.522499084472656,43.5724983215332
480,43.26750183105469,43.81999969482422
481,42.369998931884766,44.272499084472656
482,42.962501525878906,44.04750061035156
483,42.76250076293945,44.775001525878906
484,42.45000076293945,44.814998626708984
485,42.40999984741211,44.6150016784668
486,42.252498626708984,44.25
487,42.33000183105469,44.2599983215332
488,42.342498779296875,43.55500030517578
489,43.16749954223633,42.77750015258789
490,42.92499923706055,42.877498626708984
491,43.067501068115234,41.9900016784668
492,43.05500030517578,41.74250030517578
493,43.49250030517578,41.85749816894531
494,44.10499954223633,41.94499969482422
495,43.6349983215332,40.125
496,43.587501525878906,39.122501373291016
497,43.752498626708984,40.75749969482422
498,43.752498626708984,39.8849983215332
499,42.64250183105469,38.787498474121094
500,42.650001525878906,39.102500915527344
501,42.77000045776367,40.6775016784668
502,42.307498931884766,41.084999084472656
503,43.064998626708984,41.842498779296875
504,43.057498931884766,43.247501373291016
505,43.25749969482422,43.10749816894531
506,43.75,42.962501525878906
507,43.587501525878906,42.76750183105469
508,43.58250045776367,43.125
509,43.5724983215332,43.875
510,43.81999969482422,44.74250030517578
511,44.272499084472656,44.59749984741211
512,44.04750061035156,44.529998779296875
513,44.775001525878906,43.75
514,44.814998626708984,44.0525016784668
515,44.6150016784668,44.20500183105469
516,44.25,44.16749954223633
517,44.2599983215332,43.75749969482422
518,43.55500030517578,44.23500061035156
519,42.77750015258789,44.994998931884766
520,42.877498626708984,45.43000030517578
521,41.9900016784668,44.99250030517578
522,41.74250030517578,44.61000061035156
523,41.85749816894531,44.662498474121094
524,41.94499969482422,44.505001068115234
525,40.125,43.82500076293945
526,39.122501373291016,43.810001373291016
527,40.75749969482422,42.817501068115234
528,39.8849983215332,42.212501525878906
529,38.787498474121094,41.23500061035156
530,39.102500915527344,43.192501068115234
531,40.6775016784668,42.084999084472656
532,41.084999084472656,41.619998931884766
533,41.842498779296875,41.94499969482422
534,43.247501373291016,41.66999816894531
535,43.10749816894531,42.09749984741211
536,42.962501525878906,42.90250015258789
537,42.76750183105469,43.20000076293945
538,43.125,42.095001220703125
539,43.875,42.51250076293945
540,44.74250030517578,43.3125
541,44.59749984741211,43.11000061035156
542,44.529998779296875,43.53499984741211
543,43.75,43.682498931884766
544,44.0525016784668,43.95500183105469
545,44.20500183105469,44.560001373291016
546,44.16749954223633,44.459999084472656
547,43.75749969482422,43.20000076293945
548,44.23500061035156,41.43000030517578
549,44.994998931884766,41.310001373291016
550,45.43000030517578,40.73500061035156
551,44.99250030517578,40.912498474121094
552,44.61000061035156,41.05500030517578
553,44.662498474121094,40.58000183105469
554,44.505001068115234,41.314998626708984
555,43.82500076293945,42.275001525878906
556,43.810001373291016,44.14250183105469
557,42.817501068115234,44.22249984741211
558,42.212501525878906,45.95750045776367
559,41.23500061035156,46.290000915527344
560,43.192501068115234,46.51250076293945
561,42.084999084472656,46.84000015258789
562,41.619998931884766,47.5099983215332
563,41.94499969482422,47.147499084472656
564,41.66999816894531,47.037498474121094
565,42.09749984741211,46.61000061035156
566,42.90250015258789,47.04499816894531
567,43.20000076293945,46.747501373291016
568,42.095001220703125,46.57749938964844
569,42.51250076293945,46.907501220703125
570,43.3125,46.790000915527344
571,43.11000061035156,47.09000015258789
572,43.53499984741211,47.037498474121094
573,43.682498931884766,47.14500045776367
574,43.95500183105469,46.974998474121094
575,44.560001373291016,46.875
576,44.459999084472656,46.717498779296875
577,43.20000076293945,47.560001373291016
578,41.43000030517578,47.95750045776367
579,41.310001373291016,48.32749938964844
580,40.73500061035156,48.494998931884766
581,40.912498474121094,48.3650016784668
582,41.05500030517578,47.92499923706055
583,40.58000183105469,47.807498931884766
584,41.314998626708984,48.06999969482422
585,42.275001525878906,47.67499923706055
586,44.14250183105469,47.70000076293945
587,44.22249984741211,47.209999084472656
588,45.95750045776367,47.185001373291016
589,46.290000915527344,46.42250061035156
590,46.51250076293945,46.625
591,46.84000015258789,46.3650016784668
592,47.5099983215332,46.22999954223633
593,47.147499084472656,45.54249954223633
594,47.037498474121094,46.10749816894531
595,46.61000061035156,46.040000915527344
596,47.04499816894531,46.375
597,46.747501373291016,46.27750015258789
598,46.57749938964844,46.79499816894531
599,46.907501220703125,45.97999954223633
600,46.790000915527344,46.349998474121094
601,47.09000015258789,46.99250030517578
602,47.037498474121094,47.64500045776367
603,47.14500045776367,47.587501525878906
604,46.974998474121094,46.970001220703125
605,46.875,47.75749969482422
606,46.717498779296875,47.83250045776367
607,47.560001373291016,47.727500915527344
608,47.95750045776367,47.86249923706055
609,48.32749938964844,47.599998474121094
610,48.494998931884766,47.970001220703125
611,48.3650016784668,47.86000061035156
612,47.92499923706055,47.90250015258789
613,47.807498931884766,48.25
614,48.06999969482422,48.70500183105469
615,47.67499923706055,48.5525016784668
616,47.70000076293945,47.744998931884766
617,47.209999084472656,47.477500915527344
618,47.185001373291016,47.5724983215332
619,46.42250061035156,50.375
620,46.625,51.84749984741211
621,46.3650016784668,51.997501373291016
622,46.22999954223633,52.26750183105469
623,45.54249954223633,51.77750015258789
624,46.10749816894531,51.8125
625,46.040000915527344,52.220001220703125
626,46.375,51.88249969482422
627,46.27750015258789,52.217498779296875
628,46.79499816894531,52.4375
629,45.97999954223633,52.560001373291016
630,46.349998474121094,53.33000183105469
631,46.99250030517578,54.39500045776367
632,47.64500045776367,53.8650016784668
633,47.587501525878906,53.7599983215332
634,46.970001220703125,53.76250076293945
635,47.75749969482422,53.872501373291016
636,47.83250045776367,54.040000915527344
637,47.727500915527344,54.48500061035156
638,47.86249923706055,54.92499923706055
639,47.599998474121094,55.744998931884766
640,47.970001220703125,56.25749969482422
641,47.86000061035156,56.907501220703125
642,47.90250015258789,57.09000015258789
643,48.25,56.717498779296875
644,48.70500183105469,55.775001525878906
645,48.5525016784668,55.32500076293945
646,47.744998931884766,54.58250045776367
647,47.477500915527344,55.962501525878906
648,47.5724983215332,55.26750183105469
649,50.375,56.602500915527344
650,51.84749984741211,55.959999084472656
651,51.997501373291016,54.470001220703125
652,52.26750183105469,54.560001373291016
653,51.77750015258789,54.592498779296875
654,51.8125,55.00749969482422
655,52.220001220703125,54.415000915527344
656,51.88249969482422,55.1974983215332
657,52.217498779296875,55.54750061035156
658,52.4375,55.10499954223633
659,52.560001373291016,56.23749923706055
660,53.33000183105469,56.435001373291016
661,54.39500045776367,56.814998626708984
662,53.8650016784668,57.31999969482422
663,53.7599983215332,58.01750183105469
664,53.76250076293945,56.997501373291016
665,53.872501373291016,56.0724983215332
666,54.040000915527344,55.942501068115234
667,54.48500061035156,56.717498779296875
668,54.92499923706055,54.09000015258789
669,55.744998931884766,53.61249923706055
670,56.25749969482422,55.52750015258789
671,56.907501220703125,54.34000015258789
672,57.09000015258789,55.537498474121094
673,56.717498779296875,55.29750061035156
674,55.775001525878906,54.005001068115234
675,55.32500076293945,54.82749938964844
676,54.58250045776367,55.162498474121094
677,55.962501525878906,55.682498931884766
678,55.26750183105469,53.772499084472656
679,56.602500915527344,54.95000076293945
680,55.959999084472656,54.07500076293945
681,54.470001220703125,53.060001373291016
682,54.560001373291016,53.32500076293945
683,54.592498779296875,54.71500015258789
684,55.00749969482422,55.55500030517578
685,54.415000915527344,51.869998931884766
686,55.1974983215332,50.397499084472656
687,55.54750061035156,50.942501068115234
688,55.10499954223633,52.48749923706055
689,56.23749923706055,52.122501373291016
690,56.435001373291016,51.11750030517578
691,56.814998626708984,48.54249954223633
692,57.31999969482422,48.057498931884766
693,58.01750183105469,46.70000076293945
694,56.997501373291016,47.852500915527344
695,56.0724983215332,48.38249969482422
696,55.942501068115234,46.46500015258789
697,56.717498779296875,44.244998931884766
698,54.09000015258789,44.19499969482422
699,53.61249923706055,43.0724983215332
700,55.52750015258789,43.654998779296875
701,54.34000015258789,43.560001373291016
702,55.537498474121094,45.23500061035156
703,55.29750061035156,44.88750076293945
704,54.005001068115234,44.64500045776367
705,54.82749938964844,46.20500183105469
706,55.162498474121094,44.17250061035156
707,55.682498931884766,43.68000030517578
708,53.772499084472656,42.122501373291016
709,54.95000076293945,42.400001525878906
710,54.07500076293945,42.157501220703125
711,53.060001373291016,42.275001525878906
712,53.32500076293945,42.73749923706055
713,54.71500015258789,41.369998931884766
714,55.55500030517578,40.98500061035156
715,51.869998931884766,41.51750183105469
716,50.397499084472656,40.22249984741211
717,50.942501068115234,39.20750045776367
718,52.48749923706055,37.682498931884766
719,52.122501373291016,36.70750045776367
720,51.11750030517578,39.29249954223633
721,48.54249954223633,39.037498474121094
722,48.057498931884766,39.057498931884766
723,46.70000076293945,39.435001373291016
724,47.852500915527344,39.47999954223633
725,48.38249969482422,35.54750061035156
726,46.46500015258789,37.064998626708984
727,44.244998931884766,36.98249816894531
728,44.19499969482422,37.6875
729,43.0724983215332,38.32749938964844
730,43.654998779296875,38.45000076293945
731,43.560001373291016,38.0724983215332
732,45.23500061035156,37.5
733,44.88750076293945,38.26750183105469
734,44.64500045776367,38.73500061035156
735,46.20500183105469,38.96500015258789
736,44.17250061035156,39.20500183105469
737,43.68000030517578,38.32500076293945
738,42.122501373291016,38.47999954223633
739,42.400001525878906,38.17499923706055
740,42.157501220703125,39.439998626708984
741,42.275001525878906,39.07500076293945
742,42.73749923706055,38.66999816894531
743,41.369998931884766,41.3125
744,40.98500061035156,41.61000061035156
745,41.51750183105469,41.630001068115234
746,40.22249984741211,42.8125
747,39.20750045776367,43.54499816894531
748,37.682498931884766,43.560001373291016
749,36.70750045776367,42.73500061035156
750,39.29249954223633,42.602500915527344
751,39.037498474121094,42.35749816894531
752,39.057498931884766,42.72249984741211
753,39.435001373291016,42.54499816894531
754,39.47999954223633,42.70000076293945
755,35.54750061035156,42.60499954223633
756,37.064998626708984,42.73249816894531
757,36.98249816894531,43.00749969482422
758,37.6875,42.76499938964844
759,38.32749938964844,43.24250030517578
760,38.45000076293945,43.557498931884766
761,38.0724983215332,43.58250045776367
762,37.5,43.717498779296875
763,38.26750183105469,43.287498474121094
764,38.73500061035156,43.74250030517578
765,38.96500015258789,43.962501525878906
766,39.20500183105469,43.88249969482422
767,38.32500076293945,43.630001068115234
768,38.47999954223633,43.125
769,38.17499923706055,43.227500915527344
770,39.439998626708984,44.724998474121094
771,39.07500076293945,45.227500915527344
772,38.66999816894531,45.4275016784668
773,41.3125,45.932498931884766
774,41.61000061035156,46.529998779296875
775,41.630001068115234,47.005001068115234
776,42.8125,46.63249969482422
777,43.54499816894531,47.040000915527344
778,43.560001373291016,48.772499084472656
779,42.73500061035156,47.76250076293945
780,42.602500915527344,47.185001373291016
781,42.35749816894531,46.6974983215332
782,42.72249984741211,47.11750030517578
783,42.54499816894531,47.18000030517578
784,42.70000076293945,47.48749923706055
785,42.60499954223633,47.810001373291016
786,42.73249816894531,48.505001068115234
787,43.00749969482422,48.837501525878906
788,42.76499938964844,48.92250061035156
789,43.24250030517578,49.25
790,43.557498931884766,50.025001525878906
791,43.58250045776367,49.875
792,43.717498779296875,50.154998779296875
793,43.287498474121094,49.73749923706055
794,43.74250030517578,49.717498779296875
795,43.962501525878906,49.807498931884766
796,43.88249969482422,49.8125
797,43.630001068115234,50.782501220703125
798,43.125,50.96500015258789
799,43.227500915527344,51.13249969482422
800,44.724998474121094,51.869998931884766
801,45.227500915527344,51.790000915527344
802,45.4275016784668,51.31999969482422
803,45.932498931884766,51.07500076293945
804,46.529998779296875,51.15250015258789
805,47.005001068115234,50.16749954223633
806,46.63249969482422,52.630001068115234
807,47.040000915527344,52.287498474121094
808,48.772499084472656,52.9375
809,47.76250076293945,52.119998931884766
810,47.185001373291016,50.71500015258789
811,46.6974983215332,50.724998474121094
812,47.11750030517578,50.18000030517578
813,47.18000030517578,49.29499816894531
814,47.48749923706055,46.43000030517578
815,47.810001373291016,47.165000915527344
816,48.505001068115234,47.72999954223633
817,48.837501525878906,47.52000045776367
818,48.92250061035156,47.25
819,49.25,45.772499084472656
820,50.025001525878906,46.650001525878906
821,49.875,45.69499969482422
822,50.154998779296875,44.915000915527344
823,49.73749923706055,44.74250030517578
824,49.717498779296875,44.557498931884766
825,49.807498931884766,44.345001220703125
826,49.8125,44.57500076293945
827,50.782501220703125,43.76750183105469
828,50.96500015258789,43.32500076293945
829,51.13249969482422,44.90999984741211
830,51.869998931884766,45.6349983215332
831,51.790000915527344,46.30500030517578
832,51.31999969482422,47.537498474121094
833,51.07500076293945,48.14500045776367
834,51.15250015258789,48.70249938964844
835,50.16749954223633,48.54750061035156
836,52.630001068115234,48.537498474121094
837,52.287498474121094,48.185001373291016
838,52.9375,48.47249984741211
839,52.119998931884766,49.61249923706055
840,50.71500015258789,49.467498779296875
841,50.724998474121094,49.8650016784668
842,50.18000030517578,49.69499969482422
843,49.29499816894531,49.64500045776367
844,46.43000030517578,48.89250183105469
845,47.165000915527344,49.95000076293945
846,47.72999954223633,49.935001373291016
847,47.52000045776367,49.47999954223633
848,47.25,50.38750076293945
849,45.772499084472656,50.682498931884766
850,46.650001525878906,51.102500915527344
851,45.69499969482422,51.057498931884766
852,44.915000915527344,50.005001068115234
853,44.74250030517578,50.310001373291016
854,44.557498931884766,50.807498931884766
855,44.345001220703125,50.4375
856,44.57500076293945,50.82500076293945
857,43.76750183105469,51.3025016784668
858,43.32500076293945,51.125
859,44.90999984741211,50.837501525878906
860,45.6349983215332,51.415000915527344
861,46.30500030517578,50.647499084472656
862,47.537498474121094,51.80500030517578
863,48.14500045776367,52.209999084472656
864,48.70249938964844,52.16749954223633
865,48.54750061035156,51.755001068115234
866,48.537498474121094,51.935001373291016
867,48.185001373291016,52.41999816894531
868,48.47249984741211,52.19499969482422
869,49.61249923706055,53.2599983215332
870,49.467498779296875,52.10749816894531
871,49.8650016784668,51.005001068115234
872,49.69499969482422,48.334999084472656
873,49.64500045776367,49.25
874,48.89250183105469,49.7599983215332
875,49.95000076293945,50.85749816894531
876,49.935001373291016,50.247501373291016
877,49.47999954223633,50.119998931884766
878,50.38750076293945,52.24250030517578
879,50.682498931884766,50.6875
880,51.102500915527344,50.435001373291016
881,51.057498931884766,51.625
882,50.005001068115234,52.587501525878906
883,50.310001373291016,52.59000015258789
884,50.807498931884766,53.15999984741211
885,50.4375,53.1150016784668
886,50.82500076293945,50.65999984741211
887,51.3025016784668,51.622501373291016
888,51.125,51.040000915527344
889,50.837501525878906,51.38249969482422
890,51.415000915527344,52.252498626708984
891,50.647499084472656,52.185001373291016
892,51.80500030517578,51.42499923706055
893,52.209999084472656,52.29750061035156
894,52.16749954223633,53.31999969482422
895,51.755001068115234,53.314998626708984
896,51.935001373291016,53.54249954223633
897,52.41999816894531,54.17499923706055
898,52.19499969482422,55.897499084472656
899,53.2599983215332,55.772499084472656
900,52.10749816894531,54.6875
901,51.005001068115234,54.974998474121094
902,48.334999084472656,55.17499923706055
903,49.25,55.692501068115234
904,49.7599983215332,55.2400016784668
905,50.85749816894531,54.432498931884766
906,50.247501373291016,54.68000030517578
907,50.119998931884766,54.41999816894531
908,52.24250030517578,55.25749969482422
909,50.6875,54.97249984741211
910,50.435001373291016,54.70500183105469
911,51.625,55.99250030517578
912,52.587501525878906,56.147499084472656
913,52.59000015258789,54.7400016784668
914,53.15999984741211,55.20500183105469
915,53.1150016784668,56.752498626708984
916,50.65999984741211,56.76499938964844
917,51.622501373291016,56.099998474121094
918,51.040000915527344,56.75749969482422
919,51.38249969482422,57.522499084472656
920,52.252498626708984,59.0525016784668
921,52.185001373291016,58.967498779296875
922,51.42499923706055,58.83000183105469
923,52.29750061035156,58.592498779296875
924,53.31999969482422,58.81999969482422
925,53.314998626708984,59.102500915527344
926,53.54249954223633,60.127498626708984
927,54.17499923706055,59.9900016784668
928,55.897499084472656,60.79499816894531
929,55.772499084472656,60.89500045776367
930,54.6875,61.64500045776367
931,54.974998474121094,62.26250076293945
932,55.17499923706055,60.8224983215332
933,55.692501068115234,60.814998626708984
934,55.2400016784668,62.189998626708984
935,54.432498931884766,63.95500183105469
936,54.68000030517578,64.375
937,54.41999816894531,64.28250122070312
938,55.25749969482422,64.30999755859375
939,54.97249984741211,64.85749816894531
940,54.70500183105469,65.03500366210938
941,55.99250030517578,65.55000305175781
942,56.147499084472656,65.48999786376953
943,54.7400016784668,66.11750030517578
944,55.20500183105469,65.66000366210938
945,56.752498626708984,66.44000244140625
946,56.76499938964844,66.7750015258789
947,56.099998474121094,66.57250213623047
948,56.75749969482422,65.79750061035156
949,57.522499084472656,65.50250244140625
950,59.0525016784668,65.44499969482422
951,58.967498779296875,66.59249877929688
952,58.83000183105469,66.07250213623047
953,58.592498779296875,66.95999908447266
954,58.81999969482422,66.8125
955,59.102500915527344,66.04000091552734
956,60.127498626708984,64.86250305175781
957,59.9900016784668,65.43499755859375
958,60.79499816894531,66.3949966430664
959,60.89500045776367,67.67749786376953
960,61.64500045776367,66.7300033569336
961,62.26250076293945,67.12000274658203
962,60.8224983215332,67.69249725341797
963,60.814998626708984,67.86499786376953
964,62.189998626708984,68.7874984741211
965,63.95500183105469,69.96499633789062
966,64.375,70.10250091552734
967,64.28250122070312,69.93499755859375
968,64.30999755859375,70.00499725341797
969,64.85749816894531,69.86000061035156
970,65.03500366210938,71.0
971,65.55000305175781,71.06749725341797
972,65.48999786376953,72.47750091552734
973,66.11750030517578,72.44999694824219
974,65.66000366210938,72.87999725341797
975,66.44000244140625,73.4124984741211
976,66.7750015258789,75.0875015258789
977,66.57250213623047,74.35749816894531
978,65.79750061035156,74.94999694824219
979,65.50250244140625,74.59750366210938
980,65.44499969482422,75.79750061035156
981,66.59249877929688,77.40750122070312
982,66.07250213623047,77.5824966430664
983,66.95999908447266,79.23999786376953
984,66.8125,78.16999816894531
985,66.04000091552734,77.83499908447266
986,64.86250305175781,78.80999755859375
987,65.43499755859375,79.68250274658203
988,66.3949966430664,79.14250183105469
989,67.67749786376953,79.42500305175781
990,66.7300033569336,79.80750274658203
991,67.12000274658203,79.57749938964844
992,67.69249725341797,77.23750305175781
993,67.86499786376953,79.42250061035156
994,68.7874984741211,81.08499908447266
995,69.96499633789062,80.96749877929688
996,70.10250091552734,77.37750244140625
997,69.93499755859375,77.16500091552734
998,70.00499725341797,79.7125015258789
999,69.86000061035156,80.36250305175781
1000,71.0,81.30249786376953
1001,71.06749725341797,80.00749969482422
1002,72.47750091552734,80.38749694824219
1003,72.44999694824219,79.90249633789062
1004,72.87999725341797,81.80000305175781
1005,73.4124984741211,81.21749877929688
1006,75.0875015258789,81.23750305175781
1007,74.35749816894531,79.75
1008,74.94999694824219,80.90499877929688
1009,74.59750366210938,80.07499694824219
1010,75.79750061035156,78.26249694824219
1011,77.40750122070312,74.54499816894531
1012,77.5824966430664,72.0199966430664
1013,79.23999786376953,73.1624984741211
1014,78.16999816894531,68.37999725341797
1015,77.83499908447266,68.33999633789062
1016,78.80999755859375,74.70249938964844
1017,79.68250274658203,72.33000183105469
1018,79.14250183105469,75.68499755859375
1019,79.42500305175781,73.2300033569336
1020,79.80750274658203,72.25749969482422
1021,79.57749938964844,66.5425033569336
1022,77.23750305175781,71.33499908447266
1023,79.42250061035156,68.85749816894531
1024,81.08499908447266,62.057498931884766
1025,80.96749877929688,69.49250030517578
1026,77.37750244140625,60.5525016784668
1027,77.16500091552734,63.21500015258789
1028,79.7125015258789,61.66749954223633
1029,80.36250305175781,61.19499969482422
1030,81.30249786376953,57.310001373291016
1031,80.00749969482422,56.092498779296875
1032,80.38749694824219,61.720001220703125
1033,79.90249633789062,61.380001068115234
1034,81.80000305175781,64.61000061035156
1035,81.21749877929688,61.935001373291016
1036,81.23750305175781,63.70249938964844
1037,79.75,63.5724983215332
1038,80.90499877929688,60.227500915527344
1039,80.07499694824219,61.23249816894531
1040,78.26249694824219,60.352500915527344
1041,74.54499816894531,65.61750030517578
1042,72.0199966430664,64.85749816894531
1043,73.1624984741211,66.51750183105469
1044,68.37999725341797,66.99749755859375
1045,68.33999633789062,68.3125
1046,74.70249938964844,71.76249694824219
1047,72.33000183105469,71.10749816894531
1048,75.68499755859375,71.67250061035156
1049,73.2300033569336,70.69999694824219
1050,72.25749969482422,69.23249816894531
1051,66.5425033569336,67.09249877929688
1052,71.33499908447266,69.0250015258789
1053,68.85749816894531,68.75749969482422
1054,62.057498931884766,70.74250030517578
1055,69.49250030517578,70.7925033569336
1056,60.5525016784668,69.6449966430664
1057,63.21500015258789,71.93250274658203
1058,61.66749954223633,73.44999694824219
1059,61.19499969482422,72.26750183105469
1060,57.310001373291016,73.29000091552734
1061,56.092498779296875,74.38999938964844
1062,61.720001220703125,75.15750122070312
1063,61.380001068115234,75.93499755859375
1064,64.61000061035156,77.53250122070312
1065,61.935001373291016,78.75250244140625
1066,63.70249938964844,77.85250091552734
1067,63.5724983215332,76.9124984741211
1068,60.227500915527344,77.38500213623047
1069,61.23249816894531,76.92749786376953
1070,60.352500915527344,78.73999786376953
1071,65.61750030517578,78.28500366210938
1072,64.85749816894531,79.80750274658203
1073,66.51750183105469,79.2125015258789
1074,66.99749755859375,79.72250366210938
1075,68.3125,79.18250274658203
1076,71.76249694824219,79.52749633789062
1077,71.10749816894531,79.5625
1078,71.67250061035156,79.48500061035156
1079,70.69999694824219,80.4625015258789
1080,69.23249816894531,80.83499908447266
1081,67.09249877929688,81.27999877929688
1082,69.0250015258789,80.58000183105469
1083,68.75749969482422,82.875
1084,70.74250030517578,83.36499786376953
1085,70.7925033569336,85.99749755859375
1086,69.6449966430664,88.20999908447266
1087,71.93250274658203,83.9749984741211
1088,73.44999694824219,84.69999694824219
1089,72.26750183105469,85.74749755859375
1090,73.29000091552734,88.0199966430664
1091,74.38999938964844,87.89749908447266
1092,75.15750122070312,87.93250274658203
1093,75.93499755859375,87.43000030517578
1094,77.53250122070312,89.71749877929688
1095,78.75250244140625,91.63249969482422
1096,77.85250091552734,90.01499938964844
1097,76.9124984741211,91.20999908447266
1098,77.38500213623047,88.40750122070312
1099,76.92749786376953,90.44499969482422
1100,78.73999786376953,91.19999694824219
1101,78.28500366210938,91.02749633789062
1102,79.80750274658203,91.02749633789062
1103,79.2125015258789,93.4625015258789
1104,79.72250366210938,93.17250061035156
1105,79.18250274658203,95.34249877929688
1106,79.52749633789062,95.75250244140625
1107,79.5625,95.91999816894531
1108,79.48500061035156,95.47750091552734
1109,80.4625015258789,97.05750274658203
1110,80.83499908447266,97.7249984741211
1111,81.27999877929688,96.52249908447266
1112,80.58000183105469,96.32749938964844
1113,82.875,98.35749816894531
1114,83.36499786376953,97.0
1115,85.99749755859375,97.27249908447266
1116,88.20999908447266,92.84500122070312
1117,83.9749984741211,92.61499786376953
1118,84.69999694824219,94.80999755859375
1119,85.74749755859375,93.25250244140625
1120,88.0199966430664,95.04000091552734
1121,87.89749908447266,96.19000244140625
1122,87.93250274658203,106.26000213623047
1123,87.43000030517578,108.9375
1124,89.71749877929688,109.66500091552734
1125,91.63249969482422,110.0625
1126,90.01499938964844,113.90249633789062
1127,91.20999908447266,111.11250305175781
1128,88.40750122070312,112.72750091552734
1129,90.44499969482422,109.375
1130,91.19999694824219,113.01000213623047
1131,91.02749633789062,115.01000213623047
1132,91.02749633789062,114.90750122070312
1133,93.4625015258789,114.60749816894531
1134,93.17250061035156,115.5625
1135,95.34249877929688,115.7074966430664
1136,95.75250244140625,118.2750015258789
1137,95.91999816894531,124.37000274658203
1138,95.47750091552734,125.85749816894531
1139,97.05750274658203,124.82499694824219
1140,97.7249984741211,126.52249908447266
1141,96.52249908447266,125.01000213623047
1142,96.32749938964844,124.80750274658203
1143,98.35749816894531,129.0399932861328
1144,97.0,134.17999267578125
1145,97.27249908447266,131.39999389648438
1146,92.84500122070312,120.87999725341797
1147,92.61499786376953,120.95999908447266
1148,94.80999755859375,112.81999969482422
1149,93.25250244140625,117.31999969482422
1150,95.04000091552734,113.48999786376953
1151,96.19000244140625,112.0
1152,106.26000213623047,115.36000061035156
1153,108.9375,115.54000091552734
1154,109.66500091552734,112.12999725341797
1155,110.0625,110.33999633789062
1156,113.90249633789062,106.83999633789062
1157,111.11250305175781,110.08000183105469
1158,112.72750091552734,111.80999755859375
1159,109.375,107.12000274658203
1160,113.01000213623047,108.22000122070312
1161,115.01000213623047,112.27999877929688
1162,114.90750122070312,114.95999908447266
1163,114.60749816894531,114.08999633789062
1164,115.5625,115.80999755859375
1165,115.7074966430664,116.79000091552734
1166,118.2750015258789,113.0199966430664
1167,124.37000274658203,116.5
1168,125.85749816894531,113.16000366210938
1169,124.82499694824219,115.08000183105469
1170,126.52249908447266,114.97000122070312
1171,125.01000213623047,116.97000122070312
1172,124.80750274658203,124.4000015258789
1173,129.0399932861328,121.0999984741211
1174,134.17999267578125,121.19000244140625
1175,131.39999389648438,120.70999908447266
1176,120.87999725341797,119.0199966430664
1177,120.95999908447266,115.9800033569336
1178,112.81999969482422,117.51000213623047
1179,117.31999969482422,116.87000274658203
1180,113.48999786376953,115.75
1181,112.0,115.04000091552734
1182,115.36000061035156,115.05000305175781
1183,115.54000091552734,116.5999984741211
1184,112.12999725341797,111.19999694824219
1185,110.33999633789062,115.31999969482422
1186,106.83999633789062,108.86000061035156
1187,110.08000183105469,108.7699966430664
1188,111.80999755859375,110.44000244140625
1189,107.12000274658203,114.94999694824219
1190,108.22000122070312,119.02999877929688
1191,112.27999877929688,118.69000244140625
1192,114.95999908447266,116.31999969482422
