,noisy_sin_ahead6,noisy_sin
0,0.307878998,0
1,0.363578025,0.091712558
2,0.41350059,0.163984436
3,0.45918228,0.165154604
4,0.498170121,0.214123043
5,0.55500333,0.282331026
6,0.634663091,0.307878998
7,0.644960802,0.363578025
8,0.716219326,0.41350059
9,0.760805919,0.45918228
10,0.810474353,0.498170121
11,0.808776302,0.55500333
12,0.845058145,0.634663091
13,0.921673765,0.644960802
14,0.91588697,0.716219326
15,0.879855028,0.760805919
16,0.848999953,0.810474353
17,0.878895466,0.808776302
18,0.972918116,0.845058145
19,1.025081371,0.921673765
20,1.09207676,0.91588697
21,1.107349378,0.879855028
22,1.160890497,0.848999953
23,1.159652548,0.878895466
24,1.183653038,0.972918116
25,1.1775638,1.025081371
26,1.160137689,1.09207676
27,1.161588339,1.107349378
28,1.141465306,1.160890497
29,1.17479543,1.159652548
30,1.170769045,1.183653038
31,1.170739639,1.1775638
32,1.145182755,1.160137689
33,1.167221607,1.161588339
34,1.124618588,1.141465306
35,1.123375914,1.17479543
36,1.088226201,1.170769045
37,1.032472748,1.170739639
38,0.988733994,1.145182755
39,0.933094014,1.167221607
40,0.894059851,1.124618588
41,0.849198962,1.123375914
42,0.82297254,1.088226201
43,0.802986569,1.032472748
44,0.759073697,0.988733994
45,0.717473369,0.933094014
46,0.684351554,0.894059851
47,0.623960319,0.849198962
48,0.601504173,0.82297254
49,0.582181536,0.802986569
50,0.541889141,0.759073697
51,0.569431654,0.717473369
52,0.549957145,0.684351554
53,0.49761172,0.623960319
54,0.436957947,0.601504173
55,0.380025733,0.582181536
56,0.314417017,0.541889141
57,0.299806478,0.569431654
58,0.227969446,0.549957145
59,0.175605997,0.49761172
60,0.109466715,0.436957947
61,0.093098961,0.380025733
62,7.21E-07,0.314417017
63,-0.059360813,0.299806478
64,-0.110423187,0.227969446
65,-0.146779144,0.175605997
66,-0.177706216,0.109466715
67,-0.228735514,0.093098961
68,-0.240786386,7.21E-07
69,-0.272646833,-0.059360813
70,-0.235604502,-0.110423187
71,-0.321644206,-0.146779144
72,-0.339334919,-0.177706216
73,-0.40751249,-0.228735514
74,-0.466137336,-0.240786386
75,-0.435645357,-0.272646833
76,-0.410712816,-0.235604502
77,-0.496594304,-0.321644206
78,-0.529168349,-0.339334919
79,-0.554645679,-0.40751249
80,-0.642632463,-0.466137336
81,-0.663049506,-0.435645357
82,-0.667271255,-0.410712816
83,-0.674632913,-0.496594304
84,-0.748896468,-0.529168349
85,-0.723493413,-0.554645679
86,-0.72267628,-0.642632463
87,-0.728980106,-0.663049506
88,-0.754476761,-0.667271255
89,-0.731532713,-0.674632913
90,-0.699624966,-0.748896468
91,-0.709116223,-0.723493413
92,-0.698214525,-0.72267628
93,-0.661745934,-0.728980106
94,-0.710023702,-0.754476761
95,-0.69096628,-0.731532713
96,-0.733014094,-0.699624966
97,-0.741891046,-0.709116223
98,-0.704856533,-0.698214525
99,-0.684860984,-0.661745934
100,-0.67073471,-0.710023702
101,-0.651263884,-0.69096628
102,-0.593924423,-0.733014094
103,-0.539084401,-0.741891046
104,-0.529221291,-0.704856533
105,-0.483739738,-0.684860984
106,-0.460522137,-0.67073471
107,-0.345616866,-0.651263884
108,-0.327759082,-0.593924423
109,-0.295157015,-0.539084401
110,-0.262414461,-0.529221291
111,-0.231335865,-0.483739738
112,-0.181026152,-0.460522137
113,-0.125646636,-0.345616866
114,-0.12873511,-0.327759082
115,-0.098359404,-0.295157015
116,-0.090828401,-0.262414461
117,-0.002713769,-0.231335865
118,0.124254742,-0.181026152
119,0.21751695,-0.125646636
120,0.278361395,-0.12873511
121,0.360359267,-0.098359404
122,0.415371498,-0.090828401
123,0.516787724,-0.002713769
124,0.586798002,0.124254742
125,0.628131415,0.21751695
126,0.640611217,0.278361395
127,0.667656574,0.360359267
128,0.723698436,0.415371498
129,0.730473539,0.516787724
130,0.767591575,0.586798002
131,0.852420593,0.628131415
132,0.894831353,0.640611217
133,0.997101894,0.667656574
134,1.080958129,0.723698436
135,1.108801853,0.730473539
136,1.101323657,0.767591575
137,1.133120041,0.852420593
138,1.149448407,0.894831353
139,1.19070062,0.997101894
140,1.268653687,1.080958129
141,1.258684462,1.108801853
142,1.269542682,1.101323657
143,1.300753976,1.133120041
144,1.354822086,1.149448407
145,1.386980728,1.19070062
146,1.413732679,1.268653687
147,1.46722045,1.258684462
148,1.491588215,1.269542682
149,1.490590788,1.300753976
150,1.496330734,1.354822086
151,1.475619063,1.386980728
152,1.49170141,1.413732679
153,1.517692847,1.46722045
154,1.41827347,1.491588215
155,1.447943187,1.490590788
156,1.43521174,1.496330734
157,1.436272248,1.475619063
158,1.441256769,1.49170141
159,1.351199355,1.517692847
160,1.293285237,1.41827347
161,1.260158143,1.447943187
162,1.210469495,1.43521174
163,1.19204073,1.436272248
164,1.146812732,1.441256769
165,1.06209992,1.351199355
166,1.048285933,1.293285237
167,1.047925531,1.260158143
168,1.029024762,1.210469495
169,0.968439566,1.19204073
170,0.920457182,1.146812732
171,0.896376772,1.06209992
172,0.872654108,1.048285933
173,0.860330367,1.047925531
174,0.806080239,1.029024762
175,0.715495703,0.968439566
176,0.647249215,0.920457182
177,0.616216625,0.896376772
178,0.591090282,0.872654108
179,0.611825361,0.860330367
180,0.566062894,0.806080239
181,0.523983249,0.715495703
182,0.468493644,0.647249215
183,0.405782843,0.616216625
184,0.380352784,0.591090282
185,0.341687245,0.611825361
186,0.285759133,0.566062894
187,0.20292421,0.523983249
188,0.150629238,0.468493644
189,0.090616859,0.405782843
190,0.082995451,0.380352784
191,0.066635497,0.341687245
192,-0.010417682,0.285759133
193,-0.017706574,0.20292421
194,-0.07824894,0.150629238
195,-0.115332478,0.090616859
196,-0.117430484,0.082995451
197,-0.187778345,0.066635497
198,-0.219324324,-0.010417682
199,-0.289578408,-0.017706574
200,-0.383408258,-0.07824894
201,-0.38355576,-0.115332478
202,-0.411743178,-0.117430484
203,-0.464520044,-0.187778345
204,-0.539110656,-0.219324324
205,-0.574360806,-0.289578408
206,-0.55270754,-0.383408258
207,-0.558199369,-0.38355576
208,-0.585636063,-0.411743178
209,-0.62006087,-0.464520044
210,-0.627682965,-0.539110656
211,-0.684663753,-0.574360806
212,-0.648529526,-0.55270754
213,-0.636284441,-0.558199369
214,-0.599880712,-0.585636063
215,-0.616070681,-0.62006087
216,-0.585312707,-0.627682965
217,-0.557300454,-0.684663753
218,-0.596426219,-0.648529526
219,-0.580387895,-0.636284441
220,-0.556723216,-0.599880712
221,-0.55856847,-0.616070681
222,-0.551339205,-0.585312707
223,-0.51685341,-0.557300454
224,-0.494980715,-0.596426219
225,-0.501220375,-0.580387895
226,-0.455309261,-0.556723216
227,-0.418738249,-0.55856847
228,-0.379514669,-0.551339205
229,-0.343194736,-0.51685341
230,-0.293982009,-0.494980715
231,-0.266072284,-0.501220375
232,-0.25459745,-0.455309261
233,-0.237787407,-0.418738249
234,-0.161632921,-0.379514669
235,-0.18202475,-0.343194736
236,-0.121003851,-0.293982009
237,-0.121003446,-0.266072284
238,-0.125212048,-0.25459745
239,-0.109649089,-0.237787407
240,-0.069832913,-0.161632921
241,0.001607501,-0.18202475
242,-0.002540163,-0.121003851
243,0.099423243,-0.121003446
244,0.18568187,-0.125212048
245,0.231478882,-0.109649089
246,0.272375189,-0.069832913
247,0.292399323,0.001607501
248,0.360529267,-0.002540163
249,0.412052674,0.099423243
250,0.505219016,0.18568187
251,0.532044299,0.231478882
252,0.596850043,0.272375189
253,0.642523836,0.292399323
254,0.661855949,0.360529267
255,0.76630459,0.412052674
256,0.818733822,0.505219016
257,0.880567984,0.532044299
258,0.888095243,0.596850043
259,0.904984986,0.642523836
260,0.945580786,0.661855949
261,0.963548517,0.76630459
262,1.016937487,0.818733822
263,1.063346711,0.880567984
264,1.069565375,0.888095243
265,1.104341321,0.904984986
266,1.131115735,0.945580786
267,1.150474247,0.963548517
268,1.13676132,1.016937487
269,1.130603263,1.063346711
270,1.154912248,1.069565375
271,1.202046122,1.104341321
272,1.184596407,1.131115735
273,1.233272058,1.150474247
274,1.247068442,1.13676132
275,1.212866908,1.130603263
276,1.226108327,1.154912248
277,1.254477755,1.202046122
278,1.260873172,1.184596407
279,1.329171626,1.233272058
280,1.331976474,1.247068442
281,1.350614861,1.212866908
282,1.33918169,1.226108327
283,1.355706016,1.254477755
284,1.264055705,1.260873172
285,1.218272809,1.329171626
286,1.185659245,1.331976474
287,1.178019669,1.350614861
288,1.158311036,1.33918169
289,1.16459818,1.355706016
290,1.146015348,1.264055705
291,1.120773369,1.218272809
292,1.082596085,1.185659245
293,1.052295396,1.178019669
294,1.041137351,1.158311036
295,1.026028022,1.16459818
296,1.013282364,1.146015348
297,0.964024465,1.120773369
298,0.899179847,1.082596085
299,0.840129129,1.052295396
300,0.805700509,1.041137351
301,0.809832116,1.026028022
302,0.770084296,1.013282364
303,0.737278199,0.964024465
304,0.636651439,0.899179847
305,0.671482459,0.840129129
306,0.587343352,0.805700509
307,0.594491826,0.809832116
308,0.527097057,0.770084296
309,0.507125246,0.737278199
310,0.482792663,0.636651439
311,0.435155725,0.671482459
312,0.380641445,0.587343352
313,0.302336658,0.594491826
314,0.252434118,0.527097057
315,0.239441719,0.507125246
316,0.20443957,0.482792663
317,0.131041029,0.435155725
318,0.122694972,0.380641445
319,0.041511285,0.302336658
320,0.00591745,0.252434118
321,-0.062788914,0.239441719
322,-0.126598037,0.20443957
323,-0.13044198,0.131041029
324,-0.180942691,0.122694972
325,-0.262642508,0.041511285
326,-0.311877601,0.00591745
327,-0.318569825,-0.062788914
328,-0.369814113,-0.126598037
329,-0.358033181,-0.13044198
330,-0.350566043,-0.180942691
331,-0.370184378,-0.262642508
332,-0.353040185,-0.311877601
333,-0.311972774,-0.318569825
334,-0.389096059,-0.369814113
335,-0.365395092,-0.358033181
336,-0.356416089,-0.350566043
337,-0.374202497,-0.370184378
338,-0.358565578,-0.353040185
339,-0.348818154,-0.311972774
340,-0.36706225,-0.389096059
341,-0.318108891,-0.365395092
342,-0.308909304,-0.356416089
343,-0.264380921,-0.374202497
344,-0.262334704,-0.358565578
345,-0.301409085,-0.348818154
346,-0.279142042,-0.36706225
347,-0.269543359,-0.318108891
348,-0.289763462,-0.308909304
349,-0.321214992,-0.264380921
350,-0.27809108,-0.262334704
351,-0.212326342,-0.301409085
352,-0.140458376,-0.279142042
353,-0.093608855,-0.269543359
354,-0.06141675,-0.289763462
355,-0.021539505,-0.321214992
356,0.015596646,-0.27809108
357,0.077938749,-0.212326342
358,0.101528327,-0.140458376
359,0.102545633,-0.093608855
360,0.137641089,-0.06141675
361,0.187096631,-0.021539505
362,0.223566014,0.015596646
363,0.269931194,0.077938749
364,0.38544057,0.101528327
365,0.46054231,0.102545633
366,0.465200035,0.137641089
367,0.534426109,0.187096631
368,0.515443855,0.223566014
369,0.584449876,0.269931194
370,0.64926283,0.38544057
371,0.700060444,0.46054231
372,0.719647409,0.465200035
373,0.738668864,0.534426109
374,0.801200037,0.515443855
375,0.831174374,0.584449876
376,0.90613911,0.64926283
377,0.934704417,0.700060444
378,0.970692268,0.719647409
379,1.041007335,0.738668864
380,1.085482059,0.801200037
381,1.124716724,0.831174374
382,1.176415979,0.90613911
383,1.230121635,0.934704417
384,1.268022577,0.970692268
385,1.31412703,1.041007335
386,1.347901546,1.085482059
387,1.396503412,1.124716724
388,1.439431711,1.176415979
389,1.487265595,1.230121635
390,1.542543082,1.268022577
391,1.538279786,1.31412703
392,1.521661311,1.347901546
393,1.537073452,1.396503412
394,1.553241494,1.439431711
395,1.586987825,1.487265595
396,1.565680853,1.542543082
397,1.586268625,1.538279786
398,1.612059757,1.521661311
399,1.5705234,1.537073452
400,1.591396107,1.553241494
401,1.639965203,1.586987825
402,1.646138996,1.565680853
403,1.617967564,1.586268625
404,1.597156348,1.612059757
405,1.589585069,1.5705234
406,1.565531219,1.591396107
407,1.454941695,1.639965203
408,1.488190754,1.646138996
409,1.458561216,1.617967564
410,1.435589346,1.597156348
411,1.444889258,1.589585069
412,1.430307081,1.565531219
413,1.390821121,1.454941695
414,1.361577526,1.488190754
415,1.34993694,1.458561216
416,1.336760198,1.435589346
417,1.298372784,1.444889258
418,1.289031446,1.430307081
419,1.277611666,1.390821121
420,1.224612788,1.361577526
421,1.153781594,1.34993694
422,1.123246905,1.336760198
423,1.099200664,1.298372784
424,1.041304298,1.289031446
425,0.982984703,1.277611666
426,0.954064083,1.224612788
427,0.91230431,1.153781594
428,0.907373214,1.123246905
429,0.875290175,1.099200664
430,0.901179819,1.041304298
431,0.868458909,0.982984703
432,0.79071483,0.954064083
433,0.734629791,0.91230431
434,0.6816492,0.907373214
435,0.579016024,0.875290175
436,0.550405668,0.901179819
437,0.502761343,0.868458909
438,0.452886983,0.79071483
439,0.386911383,0.734629791
440,0.304250065,0.6816492
441,0.250210373,0.579016024
442,0.176417042,0.550405668
443,0.131391996,0.502761343
444,0.05873334,0.452886983
445,-0.028676125,0.386911383
446,-0.067420805,0.304250065
447,-0.101630308,0.250210373
448,-0.123357945,0.176417042
449,-0.158718476,0.131391996
450,-0.148189527,0.05873334
451,-0.201719437,-0.028676125
452,-0.198651916,-0.067420805
453,-0.259496124,-0.101630308
454,-0.308569564,-0.123357945
455,-0.346969508,-0.158718476
456,-0.378119623,-0.148189527
457,-0.351391551,-0.201719437
458,-0.390611747,-0.198651916
459,-0.446912637,-0.259496124
460,-0.437403683,-0.308569564
461,-0.449888477,-0.346969508
462,-0.507995501,-0.378119623
463,-0.503965613,-0.351391551
464,-0.478772189,-0.390611747
465,-0.49270009,-0.446912637
466,-0.443148759,-0.437403683
467,-0.391571349,-0.449888477
468,-0.407609469,-0.507995501
469,-0.372398677,-0.503965613
470,-0.427574541,-0.478772189
471,-0.409237084,-0.49270009
472,-0.41759157,-0.443148759
473,-0.369504583,-0.391571349
474,-0.376844784,-0.407609469
475,-0.322299282,-0.372398677
476,-0.32292322,-0.427574541
477,-0.309660893,-0.409237084
478,-0.30457101,-0.41759157
479,-0.266887225,-0.369504583
480,-0.277218164,-0.376844784
481,-0.222395011,-0.322299282
482,-0.207187569,-0.32292322
483,-0.098937346,-0.309660893
484,-0.06709789,-0.30457101
485,-0.049987372,-0.266887225
486,0.007499297,-0.277218164
487,0.02511749,-0.222395011
488,0.088556672,-0.207187569
489,0.1203876,-0.098937346
490,0.182502157,-0.06709789
491,0.231913169,-0.049987372
492,0.29736203,0.007499297
493,0.324872089,0.02511749
494,0.353591848,0.088556672
495,0.448404544,0.1203876
496,0.541634015,0.182502157
497,0.620502506,0.231913169
498,0.652497747,0.29736203
499,0.742241364,0.324872089
500,0.781425164,0.353591848
501,0.825912326,0.448404544
502,0.90761977,0.541634015
503,0.952013176,0.620502506
504,0.997889642,0.652497747
505,1.033983999,0.742241364
506,1.058302823,0.781425164
507,1.080278045,0.825912326
508,1.112013529,0.90761977
509,1.158254874,0.952013176
510,1.188753974,0.997889642
511,1.190293683,1.033983999
512,1.222463042,1.058302823
513,1.250516551,1.080278045
514,1.286000756,1.112013529
515,1.331548532,1.158254874
516,1.370160046,1.188753974
517,1.371562126,1.190293683
518,1.370807849,1.222463042
519,1.378393799,1.250516551
520,1.375612074,1.286000756
521,1.344306642,1.331548532
522,1.345747382,1.370160046
523,1.314640614,1.371562126
524,1.286367717,1.370807849
525,1.256375562,1.378393799
526,1.229778274,1.375612074
527,1.198216383,1.344306642
528,1.171092866,1.345747382
529,1.161863733,1.314640614
530,1.183826193,1.286367717
531,1.135541458,1.256375562
532,1.160217955,1.229778274
533,1.165675954,1.198216383
534,1.168990454,1.171092866
535,1.14524759,1.161863733
536,1.133121879,1.183826193
537,1.130311831,1.135541458
538,1.127269718,1.160217955
539,1.091710511,1.165675954
540,1.087774194,1.168990454
541,1.09636629,1.14524759
542,1.095681354,1.133121879
543,1.084720956,1.130311831
544,1.030904386,1.127269718
545,0.994448695,1.091710511
546,0.960797329,1.087774194
547,0.906480654,1.09636629
548,0.872049252,1.095681354
549,0.834698993,1.084720956
550,0.789241512,1.030904386
551,0.739511148,0.994448695
552,0.692342716,0.960797329
553,0.646421143,0.906480654
554,0.587160568,0.872049252
555,0.525416511,0.834698993
556,0.474817997,0.789241512
557,0.390159933,0.739511148
558,0.282199941,0.692342716
559,0.225479847,0.646421143
560,0.138527498,0.587160568
561,0.140145488,0.525416511
562,0.113076866,0.474817997
563,0.102766823,0.390159933
564,0.076739659,0.282199941
565,0.018246128,0.225479847
566,-0.013807269,0.138527498
567,-0.044464018,0.140145488
568,-0.133683438,0.113076866
569,-0.154092912,0.102766823
570,-0.226042764,0.076739659
571,-0.305577543,0.018246128
572,-0.323591582,-0.013807269
573,-0.381325192,-0.044464018
574,-0.449660822,-0.133683438
575,-0.448988087,-0.154092912
576,-0.539149454,-0.226042764
577,-0.596265697,-0.305577543
578,-0.592081884,-0.323591582
579,-0.537402359,-0.381325192
580,-0.562366839,-0.449660822
581,-0.558584302,-0.448988087
582,-0.612479334,-0.539149454
583,-0.567836866,-0.596265697
584,-0.604418919,-0.592081884
585,-0.708408369,-0.537402359
586,-0.718316582,-0.562366839
587,-0.724761867,-0.558584302
588,-0.757799057,-0.612479334
589,-0.755716703,-0.567836866
590,-0.718071529,-0.604418919
591,-0.761357808,-0.708408369
592,-0.744189857,-0.718316582
593,-0.771059057,-0.724761867
594,-0.718012248,-0.757799057
595,-0.691181945,-0.755716703
596,-0.695864668,-0.718071529
597,-0.673411256,-0.761357808
598,-0.669417464,-0.744189857
599,-0.630553791,-0.771059057
600,-0.610483957,-0.718012248
601,-0.546393748,-0.691181945
602,-0.437677219,-0.695864668
603,-0.399542899,-0.673411256
604,-0.342744799,-0.669417464
605,-0.299485447,-0.630553791
606,-0.282029553,-0.610483957
607,-0.231735615,-0.546393748
608,-0.164229972,-0.437677219
609,-0.099160251,-0.399542899
610,-0.054177682,-0.342744799
611,-0.017503648,-0.299485447
612,0.082712313,-0.282029553
613,0.155921913,-0.231735615
614,0.244465282,-0.164229972
615,0.270245698,-0.099160251
616,0.361956844,-0.054177682
617,0.364128991,-0.017503648
618,0.427649843,0.082712313
619,0.477657624,0.155921913
620,0.532228173,0.244465282
621,0.569137639,0.270245698
622,0.648263981,0.361956844
623,0.715126648,0.364128991
624,0.771151789,0.427649843
625,0.885588467,0.477657624
626,0.96761112,0.532228173
627,1.022262608,0.569137639
628,1.070228899,0.648263981
629,1.055576695,0.715126648
630,1.08229857,0.771151789
631,1.113080843,0.885588467
632,1.132484477,0.96761112
633,1.172727535,1.022262608
634,1.272175737,1.070228899
635,1.329291906,1.055576695
636,1.36146105,1.08229857
637,1.365382142,1.113080843
638,1.431480831,1.132484477
639,1.458764951,1.172727535
640,1.550025996,1.272175737
641,1.58568992,1.329291906
642,1.659332615,1.36146105
643,1.700775137,1.365382142
644,1.727627828,1.431480831
645,1.753853588,1.458764951
646,1.793467371,1.550025996
647,1.81031605,1.58568992
648,1.776523851,1.659332615
649,1.730386478,1.700775137
650,1.718404991,1.727627828
651,1.700820066,1.753853588
652,1.712955935,1.793467371
653,1.711945994,1.81031605
654,1.727982763,1.776523851
655,1.719087838,1.730386478
656,1.732289873,1.718404991
657,1.735993898,1.700820066
658,1.761233128,1.712955935
659,1.721216538,1.711945994
660,1.647423109,1.727982763
661,1.611373461,1.719087838
662,1.615277503,1.732289873
663,1.573424467,1.735993898
664,1.534958187,1.761233128
665,1.468925393,1.721216538
666,1.410649364,1.647423109
667,1.374778447,1.611373461
668,1.288276755,1.615277503
669,1.249897741,1.573424467
670,1.215006188,1.534958187
671,1.171619874,1.468925393
672,1.136731153,1.410649364
673,1.075605629,1.374778447
674,1.074021944,1.288276755
675,1.055779549,1.249897741
676,0.986698716,1.215006188
677,0.938906924,1.171619874
678,0.871707463,1.136731153
679,0.864311495,1.075605629
680,0.812551764,1.074021944
681,0.72626239,1.055779549
682,0.703618407,0.986698716
683,0.673218575,0.938906924
684,0.61701276,0.871707463
685,0.550616215,0.864311495
686,0.487510491,0.812551764
687,0.435688963,0.72626239
688,0.35285331,0.703618407
689,0.360136439,0.673218575
690,0.308999349,0.61701276
691,0.32988593,0.550616215
692,0.268220659,0.487510491
693,0.214999797,0.435688963
694,0.160063162,0.35285331
695,0.143842957,0.360136439
696,0.131711812,0.308999349
697,0.099437808,0.32988593
698,0.094334963,0.268220659
699,0.091365892,0.214999797
700,0.085030189,0.160063162
701,0.035998875,0.143842957
702,-0.034047822,0.131711812
703,-0.117356588,0.099437808
704,-0.193464616,0.094334963
705,-0.231728764,0.091365892
706,-0.298398241,0.085030189
707,-0.325908478,0.035998875
708,-0.301004048,-0.034047822
709,-0.325517648,-0.117356588
710,-0.402102618,-0.193464616
711,-0.390697362,-0.231728764
712,-0.410284788,-0.298398241
713,-0.436032,-0.325908478
714,-0.452160984,-0.301004048
715,-0.498855465,-0.325517648
716,-0.500938381,-0.402102618
717,-0.477455557,-0.390697362
718,-0.507240869,-0.410284788
719,-0.484552331,-0.436032
720,-0.458151815,-0.452160984
721,-0.466193515,-0.498855465
722,-0.422355963,-0.500938381
723,-0.444055416,-0.477455557
724,-0.413286408,-0.507240869
725,-0.398469078,-0.484552331
726,-0.379457474,-0.458151815
727,-0.343455829,-0.466193515
728,-0.310765398,-0.422355963
729,-0.344180669,-0.444055416
730,-0.354701713,-0.413286408
731,-0.356488224,-0.398469078
732,-0.329929291,-0.379457474
733,-0.269733394,-0.343455829
734,-0.199098398,-0.310765398
735,-0.138986284,-0.344180669
736,-0.092927322,-0.354701713
737,-0.081357066,-0.356488224
738,-0.001048269,-0.329929291
739,0.046752188,-0.269733394
740,0.053516836,-0.199098398
741,0.080623829,-0.138986284
742,0.166190935,-0.092927322
743,0.259259272,-0.081357066
744,0.278671353,-0.001048269
745,0.393978497,0.046752188
746,0.472162674,0.053516836
747,0.539827211,0.080623829
748,0.553155065,0.166190935
749,0.670578231,0.259259272
750,0.718761005,0.278671353
751,0.744798806,0.393978497
752,0.78042734,0.472162674
753,0.825865089,0.539827211
754,0.842928283,0.553155065
755,0.909534436,0.670578231
756,0.952365089,0.718761005
757,0.943601092,0.744798806
758,0.960654863,0.78042734
759,0.968331679,0.825865089
760,0.984945532,0.842928283
761,1.008236907,0.909534436
762,1.053115517,0.952365089
763,1.081272221,0.943601092
764,1.111100148,0.960654863
765,1.121509599,0.968331679
766,1.175048595,0.984945532
767,1.196418026,1.008236907
768,1.286805707,1.053115517
769,1.284712325,1.081272221
770,1.307172016,1.111100148
771,1.369440389,1.121509599
772,1.352754651,1.175048595
773,1.339854614,1.196418026
774,1.319419712,1.286805707
775,1.327471634,1.284712325
776,1.327968717,1.307172016
777,1.341880281,1.369440389
778,1.381658392,1.352754651
779,1.347657967,1.339854614
780,1.335322634,1.319419712
781,1.345085082,1.327471634
782,1.261128495,1.327968717
783,1.236901282,1.341880281
784,1.212434783,1.381658392
785,1.180854758,1.347657967
786,1.174735992,1.335322634
787,1.191738955,1.345085082
788,1.155156242,1.261128495
789,1.201993712,1.236901282
790,1.155780212,1.212434783
791,1.127532632,1.180854758
792,1.105901886,1.174735992
793,1.027647201,1.191738955
794,1.009596227,1.155156242
795,0.975991537,1.201993712
796,0.944851433,1.155780212
797,0.93964503,1.127532632
798,0.901756252,1.105901886
799,0.8956473,1.027647201
800,0.811513354,1.009596227
801,0.760070415,0.975991537
802,0.754729114,0.944851433
803,0.706467902,0.93964503
804,0.621516621,0.901756252
805,0.537764681,0.8956473
806,0.465788453,0.811513354
807,0.375820455,0.760070415
808,0.34203524,0.754729114
809,0.204147606,0.706467902
810,0.12851779,0.621516621
811,0.034944641,0.537764681
812,-0.05805969,0.465788453
813,-0.12572734,0.375820455
814,-0.213976147,0.34203524
815,-0.24815587,0.204147606
816,-0.321527857,0.12851779
817,-0.386823495,0.034944641
818,-0.407798195,-0.05805969
819,-0.445599229,-0.12572734
820,-0.486995854,-0.213976147
821,-0.532051835,-0.24815587
822,-0.610316856,-0.321527857
823,-0.642565934,-0.386823495
824,-0.616437218,-0.407798195
825,-0.663418059,-0.445599229
826,-0.731976627,-0.486995854
827,-0.814936649,-0.532051835
828,-0.908755576,-0.610316856
829,-0.951204822,-0.642565934
830,-0.997856595,-0.616437218
831,-0.99276945,-0.663418059
832,-1.020828625,-0.731976627
833,-1.023474122,-0.814936649
834,-1.025072789,-0.908755576
835,-1.006352807,-0.951204822
836,-1.032537928,-0.997856595
837,-1.016260194,-0.99276945
838,-1.013837803,-1.020828625
839,-1.056414314,-1.023474122
840,-1.095346552,-1.025072789
841,-1.086514586,-1.006352807
842,-1.098221893,-1.032537928
843,-1.166834504,-1.016260194
844,-1.155613933,-1.013837803
845,-1.141786463,-1.056414314
846,-1.127437548,-1.095346552
847,-1.069022722,-1.086514586
848,-1.068483343,-1.098221893
849,-1.10121781,-1.166834504
850,-1.063567385,-1.155613933
851,-1.03862385,-1.141786463
852,-0.997446265,-1.127437548
853,-0.952600776,-1.069022722
854,-0.921208663,-1.068483343
855,-0.909704743,-1.10121781
856,-0.880966998,-1.063567385
857,-0.853201788,-1.03862385
858,-0.832934132,-0.997446265
859,-0.791686602,-0.952600776
860,-0.757439015,-0.921208663
861,-0.716333162,-0.909704743
862,-0.709445168,-0.880966998
863,-0.675967337,-0.853201788
864,-0.668202422,-0.832934132
865,-0.656519147,-0.791686602
866,-0.567463809,-0.757439015
867,-0.552495587,-0.716333162
868,-0.489623589,-0.709445168
869,-0.494055402,-0.675967337
870,-0.448376754,-0.668202422
871,-0.366313808,-0.656519147
872,-0.292008284,-0.567463809
873,-0.265334624,-0.552495587
874,-0.190464438,-0.489623589
875,-0.152187143,-0.494055402
876,-0.132724086,-0.448376754
877,-0.121087165,-0.366313808
878,-0.134949922,-0.292008284
879,-0.071705852,-0.265334624
880,0.000472394,-0.190464438
881,0.099933047,-0.152187143
882,0.135113892,-0.132724086
883,0.170018571,-0.121087165
884,0.196550889,-0.134949922
885,0.24914911,-0.071705852
886,0.295528123,0.000472394
887,0.288378693,0.099933047
888,0.341805092,0.135113892
889,0.396529424,0.170018571
890,0.439584723,0.196550889
891,0.465292954,0.24914911
892,0.43657782,0.295528123
893,0.469126483,0.288378693
894,0.493097731,0.341805092
895,0.503685032,0.396529424
896,0.528810899,0.439584723
897,0.542530555,0.465292954
898,0.563234454,0.43657782
899,0.575685279,0.469126483
900,0.574684105,0.493097731
901,0.551225151,0.503685032
902,0.521267222,0.528810899
903,0.538353196,0.542530555
904,0.541094893,0.563234454
905,0.555253801,0.575685279
906,0.567840163,0.574684105
907,0.560208306,0.551225151
908,0.614167362,0.521267222
909,0.589873302,0.538353196
910,0.580991551,0.541094893
911,0.55165798,0.555253801
912,0.524588013,0.567840163
913,0.474019983,0.560208306
914,0.474860455,0.614167362
915,0.435522696,0.589873302
916,0.431145737,0.580991551
917,0.437437711,0.55165798
918,0.40764499,0.524588013
919,0.359868984,0.474019983
920,0.336539874,0.474860455
921,0.319388201,0.435522696
922,0.303124111,0.431145737
923,0.223242145,0.437437711
924,0.230577518,0.40764499
925,0.161740801,0.359868984
926,0.07583255,0.336539874
927,0.051216214,0.319388201
928,-0.004624104,0.303124111
929,-0.047264184,0.223242145
930,-0.087499883,0.230577518
931,-0.081359285,0.161740801
932,-0.125130503,0.07583255
933,-0.15941906,0.051216214
934,-0.219495457,-0.004624104
935,-0.291338678,-0.047264184
936,-0.314256893,-0.087499883
937,-0.345827797,-0.081359285
938,-0.346384347,-0.125130503
939,-0.42028425,-0.15941906
940,-0.458072979,-0.219495457
941,-0.482881434,-0.291338678
942,-0.583605034,-0.314256893
943,-0.671284293,-0.345827797
944,-0.702803895,-0.346384347
945,-0.741564941,-0.42028425
946,-0.806575762,-0.458072979
947,-0.821874058,-0.482881434
948,-0.892531987,-0.583605034
949,-0.978912227,-0.671284293
950,-1.016015199,-0.702803895
951,-1.05007525,-0.741564941
952,-1.056959983,-0.806575762
953,-1.084724318,-0.821874058
954,-1.091555049,-0.892531987
955,-1.152958004,-0.978912227
956,-1.154909906,-1.016015199
957,-1.214607604,-1.05007525
958,-1.2072218,-1.056959983
959,-1.236018562,-1.084724318
960,-1.256646119,-1.091555049
961,-1.287689338,-1.152958004
962,-1.307438296,-1.154909906
963,-1.330758663,-1.214607604
964,-1.387456008,-1.2072218
965,-1.421862082,-1.236018562
966,-1.447429129,-1.256646119
967,-1.442548886,-1.287689338
968,-1.427047146,-1.307438296
969,-1.435187798,-1.330758663
970,-1.419140671,-1.387456008
971,-1.398518906,-1.421862082
972,-1.399250975,-1.447429129
973,-1.46412879,-1.442548886
974,-1.449204175,-1.427047146
975,-1.38741833,-1.435187798
976,-1.385791898,-1.419140671
977,-1.341739087,-1.398518906
978,-1.340837202,-1.399250975
979,-1.336163553,-1.46412879
980,-1.242587932,-1.449204175
981,-1.215407948,-1.38741833
982,-1.213495011,-1.385791898
983,-1.144257478,-1.341739087
984,-1.099342808,-1.340837202
985,-1.050149589,-1.336163553
986,-1.070985323,-1.242587932
987,-1.041602473,-1.215407948
988,-0.997886406,-1.213495011
989,-0.960043612,-1.144257478
990,-0.947733429,-1.099342808
991,-0.912910684,-1.050149589
992,-0.82152618,-1.070985323
993,-0.786631264,-1.041602473
994,-0.718595853,-0.997886406
995,-0.62261276,-0.960043612
996,-0.577983116,-0.947733429
997,-0.53285042,-0.912910684
998,-0.446218442,-0.82152618
999,-0.359163359,-0.786631264
1000,-0.287752095,-0.718595853
1001,-0.275928826,-0.62261276
1002,-0.20957384,-0.577983116
1003,-0.152521766,-0.53285042
1004,-0.095722716,-0.446218442
1005,0.007271243,-0.359163359
1006,0.024862399,-0.287752095
1007,0.128847993,-0.275928826
1008,0.122057528,-0.20957384
1009,0.131939385,-0.152521766
1010,0.177437694,-0.095722716
1011,0.209914418,0.007271243
1012,0.265650224,0.024862399
1013,0.329493499,0.128847993
1014,0.334056884,0.122057528
1015,0.364588357,0.131939385
1016,0.405704163,0.177437694
1017,0.396571836,0.209914418
1018,0.420769496,0.265650224
1019,0.449216888,0.329493499
1020,0.487275424,0.334056884
1021,0.499200202,0.364588357
1022,0.556947161,0.405704163
1023,0.573843426,0.396571836
1024,0.584901454,0.420769496
1025,0.550687279,0.449216888
1026,0.534465039,0.487275424
1027,0.52621051,0.499200202
1028,0.489327821,0.556947161
1029,0.48024471,0.573843426
1030,0.45528293,0.584901454
1031,0.351867395,0.550687279
1032,0.377991068,0.534465039
1033,0.411158994,0.52621051
1034,0.416205786,0.489327821
1035,0.409652732,0.48024471
1036,0.396657267,0.45528293
1037,0.309298175,0.351867395
1038,0.29058757,0.377991068
1039,0.226097236,0.411158994
1040,0.174413117,0.416205786
1041,0.107138746,0.409652732
1042,0.084181433,0.396657267
1043,0.139494968,0.309298175
1044,0.094491691,0.29058757
1045,0.1056579,0.226097236
1046,0.086245092,0.174413117
1047,0.100249754,0.107138746
1048,0.100553781,0.084181433
1049,0.004102755,0.139494968
1050,-0.001463972,0.094491691
1051,-0.026045316,0.1056579
1052,-0.105224826,0.086245092
1053,-0.136681018,0.100249754
1054,-0.226835928,0.100553781
1055,-0.267086229,0.004102755
1056,-0.278050356,-0.001463972
1057,-0.318567764,-0.026045316
1058,-0.40505527,-0.105224826
1059,-0.463548576,-0.136681018
1060,-0.502196689,-0.226835928
1061,-0.526377173,-0.267086229
1062,-0.570062337,-0.278050356
1063,-0.63150551,-0.318567764
1064,-0.698753125,-0.40505527
1065,-0.733303538,-0.463548576
1066,-0.731367974,-0.502196689
1067,-0.758176923,-0.526377173
1068,-0.826548699,-0.570062337
1069,-0.83514023,-0.63150551
1070,-0.884842197,-0.698753125
1071,-0.883693638,-0.733303538
1072,-0.93065296,-0.731367974
1073,-0.939818525,-0.758176923
1074,-0.991696165,-0.826548699
1075,-1.036989702,-0.83514023
1076,-1.0310636,-0.884842197
1077,-1.108636365,-0.883693638
1078,-1.137071937,-0.93065296
1079,-1.189166356,-0.939818525
1080,-1.212381397,-0.991696165
1081,-1.238929913,-1.036989702
1082,-1.19464267,-1.0310636
1083,-1.209845308,-1.108636365
1084,-1.271959871,-1.137071937
1085,-1.306538778,-1.189166356
1086,-1.303674874,-1.212381397
1087,-1.330633852,-1.238929913
1088,-1.323055714,-1.19464267
1089,-1.292520628,-1.209845308
1090,-1.272038645,-1.271959871
1091,-1.314312762,-1.306538778
1092,-1.337348452,-1.303674874
1093,-1.337267813,-1.330633852
1094,-1.393192163,-1.323055714
1095,-1.368408021,-1.292520628
1096,-1.371800808,-1.272038645
1097,-1.369928668,-1.314312762
1098,-1.349045642,-1.337348452
1099,-1.355221341,-1.337267813
1100,-1.293197776,-1.393192163
1101,-1.252529841,-1.368408021
1102,-1.274342748,-1.371800808
1103,-1.251009308,-1.369928668
1104,-1.24392805,-1.349045642
1105,-1.192645722,-1.355221341
1106,-1.141043473,-1.293197776
1107,-1.067671736,-1.252529841
1108,-1.050354433,-1.274342748
1109,-1.025009649,-1.251009308
1110,-0.98176095,-1.24392805
1111,-0.933309912,-1.192645722
1112,-0.914503965,-1.141043473
1113,-0.851517295,-1.067671736
1114,-0.811817773,-1.050354433
1115,-0.845691507,-1.025009649
1116,-0.876771735,-0.98176095
1117,-0.862411196,-0.933309912
1118,-0.767980546,-0.914503965
1119,-0.691998333,-0.851517295
1120,-0.633354368,-0.811817773
1121,-0.597317708,-0.845691507
1122,-0.551550132,-0.876771735
1123,-0.484381113,-0.862411196
1124,-0.446347483,-0.767980546
1125,-0.35578846,-0.691998333
1126,-0.258505588,-0.633354368
1127,-0.174076759,-0.597317708
1128,-0.14303491,-0.551550132
1129,-0.098008804,-0.484381113
1130,-0.051162364,-0.446347483
1131,0.006120652,-0.35578846
1132,0.009259932,-0.258505588
1133,0.095065849,-0.174076759
1134,0.112683289,-0.14303491
1135,0.162472546,-0.098008804
1136,0.207542273,-0.051162364
1137,0.242952978,0.006120652
1138,0.319925965,0.009259932
1139,0.370487227,0.095065849
1140,0.43622071,0.112683289
1141,0.495783114,0.162472546
1142,0.508297711,0.207542273
1143,0.583475571,0.242952978
1144,0.6506362,0.319925965
1145,0.647857581,0.370487227
1146,0.665903152,0.43622071
1147,0.67960984,0.495783114
1148,0.711210443,0.508297711
1149,0.745088993,0.583475571
1150,0.834810098,0.6506362
1151,0.823496353,0.647857581
1152,0.826128154,0.665903152
1153,0.874524702,0.67960984
1154,0.919039726,0.711210443
1155,0.90025285,0.745088993
1156,0.928025047,0.834810098
1157,0.916375178,0.823496353
1158,0.933759586,0.826128154
1159,0.949054899,0.874524702
1160,0.995783759,0.919039726
1161,0.937852567,0.90025285
1162,0.900819659,0.928025047
1163,0.903947349,0.916375178
1164,0.853312438,0.933759586
1165,0.816387411,0.949054899
1166,0.823912535,0.995783759
1167,0.773238614,0.937852567
1168,0.728643264,0.900819659
1169,0.700061598,0.903947349
1170,0.623187887,0.853312438
1171,0.658630882,0.816387411
1172,0.589125823,0.823912535
1173,0.492094853,0.773238614
1174,0.450497359,0.728643264
1175,0.396256411,0.700061598
1176,0.380257605,0.623187887
1177,0.370923585,0.658630882
1178,0.280434489,0.589125823
1179,0.202024894,0.492094853
1180,0.124302934,0.450497359
1181,0.147129317,0.396256411
1182,0.096272632,0.380257605
1183,0.097229703,0.370923585
1184,0.05084993,0.280434489
1185,0.002755992,0.202024894
1186,-0.091776067,0.124302934
1187,-0.142412564,0.147129317
1188,-0.159983844,0.096272632
1189,-0.205782679,0.097229703
1190,-0.242428836,0.05084993
1191,-0.280987223,0.002755992
1192,-0.253408141,-0.091776067
1193,-0.326596205,-0.142412564
1194,-0.350594255,-0.159983844
1195,-0.375688565,-0.205782679
1196,-0.399369344,-0.242428836
1197,-0.389601129,-0.280987223
1198,-0.451171393,-0.253408141
1199,-0.5131806,-0.326596205
1200,-0.548899428,-0.350594255
1201,-0.569076233,-0.375688565
1202,-0.647203508,-0.399369344
1203,-0.686171056,-0.389601129
1204,-0.736992857,-0.451171393
1205,-0.724627113,-0.5131806
1206,-0.706373109,-0.548899428
1207,-0.734510865,-0.569076233
1208,-0.73016329,-0.647203508
1209,-0.816380867,-0.686171056
1210,-0.853161677,-0.736992857
1211,-0.917241422,-0.724627113
1212,-0.942576789,-0.706373109
1213,-0.931640695,-0.734510865
1214,-0.963830682,-0.73016329
1215,-0.975390834,-0.816380867
1216,-0.922927114,-0.853161677
1217,-0.913665465,-0.917241422
1218,-0.830421653,-0.942576789
1219,-0.834656348,-0.931640695
1220,-0.891793842,-0.963830682
1221,-0.872974427,-0.975390834
1222,-0.874567631,-0.922927114
1223,-0.91115273,-0.913665465
1224,-0.928127279,-0.830421653
1225,-0.970746109,-0.834656348
1226,-0.890790625,-0.891793842
1227,-0.922489889,-0.872974427
1228,-0.842390824,-0.874567631
1229,-0.830961941,-0.91115273
1230,-0.803057158,-0.928127279
1231,-0.765956728,-0.970746109
1232,-0.70544073,-0.890790625
1233,-0.728439471,-0.922489889
1234,-0.690423082,-0.842390824
1235,-0.720075022,-0.830961941
1236,-0.670888548,-0.803057158
1237,-0.652117142,-0.765956728
1238,-0.621761883,-0.70544073
1239,-0.541779077,-0.728439471
1240,-0.556395232,-0.690423082
1241,-0.514676235,-0.720075022
1242,-0.454747139,-0.670888548
1243,-0.402413709,-0.652117142
1244,-0.293411574,-0.621761883
1245,-0.229234103,-0.541779077
1246,-0.21480989,-0.556395232
1247,-0.179198367,-0.514676235
1248,-0.135347207,-0.454747139
1249,-0.054083872,-0.402413709
1250,0.021799845,-0.293411574
1251,0.082185898,-0.229234103
1252,0.146741955,-0.21480989
1253,0.207344474,-0.179198367
1254,0.269644428,-0.135347207
1255,0.329411092,-0.054083872
1256,0.439380045,0.021799845
1257,0.520102424,0.082185898
1258,0.596520584,0.146741955
1259,0.664742466,0.207344474
1260,0.734861967,0.269644428
1261,0.734185126,0.329411092
1262,0.793056796,0.439380045
1263,0.80817081,0.520102424
1264,0.905456583,0.596520584
1265,0.951210624,0.664742466
1266,0.997400424,0.734861967
1267,1.083284079,0.734185126
1268,1.090325831,0.793056796
1269,1.078599138,0.80817081
1270,1.121241397,0.905456583
1271,1.164287316,0.951210624
1272,1.20862255,0.997400424
1273,1.222861439,1.083284079
1274,1.254157,1.090325831
1275,1.255883857,1.078599138
1276,1.228046121,1.121241397
1277,1.264393569,1.164287316
1278,1.27933986,1.20862255
1279,1.246091997,1.222861439
1280,1.206455132,1.254157
1281,1.174634167,1.255883857
1282,1.187593593,1.228046121
1283,1.157431411,1.264393569
1284,1.163015833,1.27933986
1285,1.113795638,1.246091997
1286,1.097178974,1.206455132
1287,1.099064198,1.174634167
1288,1.058531225,1.187593593
1289,1.020937425,1.157431411
1290,0.960724293,1.163015833
1291,0.972825202,1.113795638
1292,0.93470135,1.097178974
1293,0.910711028,1.099064198
1294,0.827882781,1.058531225
1295,0.779848895,1.020937425
1296,0.750348892,0.960724293
1297,0.73943916,0.972825202
1298,0.706966197,0.93470135
1299,0.614848256,0.910711028
1300,0.574988655,0.827882781
1301,0.534636323,0.779848895
1302,0.505622781,0.750348892
1303,0.478682273,0.73943916
1304,0.405705964,0.706966197
1305,0.358407385,0.614848256
1306,0.332131453,0.574988655
1307,0.309286901,0.534636323
1308,0.232420503,0.505622781
1309,0.160181485,0.478682273
1310,0.118856817,0.405705964
1311,0.057906082,0.358407385
1312,-0.000859855,0.332131453
1313,-0.024260265,0.309286901
1314,-0.069570897,0.232420503
1315,-0.101230698,0.160181485
1316,-0.131727821,0.118856817
1317,-0.214742449,0.057906082
1318,-0.240583115,-0.000859855
1319,-0.29046004,-0.024260265
1320,-0.388642383,-0.069570897
1321,-0.428150153,-0.101230698
1322,-0.466757666,-0.131727821
1323,-0.500482015,-0.214742449
1324,-0.560507891,-0.240583115
1325,-0.572217185,-0.29046004
1326,-0.637858548,-0.388642383
1327,-0.690018963,-0.428150153
1328,-0.694258776,-0.466757666
1329,-0.715326006,-0.500482015
1330,-0.742822738,-0.560507891
1331,-0.721590437,-0.572217185
1332,-0.759932542,-0.637858548
1333,-0.846839997,-0.690018963
1334,-0.866957843,-0.694258776
1335,-0.904326879,-0.715326006
1336,-0.937716842,-0.742822738
1337,-0.986263275,-0.721590437
1338,-1.036566209,-0.759932542
1339,-1.072144548,-0.846839997
1340,-1.073161742,-0.866957843
1341,-1.120886289,-0.904326879
1342,-1.113852425,-0.937716842
1343,-1.136847958,-0.986263275
1344,-1.135516229,-1.036566209
1345,-1.089307837,-1.072144548
1346,-1.1026276,-1.073161742
1347,-1.09202695,-1.120886289
1348,-1.08975439,-1.113852425
1349,-1.049693942,-1.136847958
1350,-1.0854588,-1.135516229
1351,-1.059218488,-1.089307837
1352,-1.058467133,-1.1026276
1353,-1.082271258,-1.09202695
1354,-1.090536981,-1.08975439
1355,-1.084233024,-1.049693942
1356,-1.05387223,-1.0854588
1357,-1.01788675,-1.059218488
1358,-0.963125133,-1.058467133
1359,-0.959313577,-1.082271258
1360,-0.928461423,-1.090536981
1361,-0.889048774,-1.084233024
1362,-0.828798182,-1.05387223
1363,-0.821862937,-1.01788675
1364,-0.78635777,-0.963125133
1365,-0.791646621,-0.959313577
1366,-0.758040408,-0.928461423
1367,-0.749064944,-0.889048774
1368,-0.730422823,-0.828798182
1369,-0.675725415,-0.821862937
1370,-0.633515892,-0.78635777
1371,-0.608408774,-0.791646621
1372,-0.519958812,-0.758040408
1373,-0.441838865,-0.749064944
1374,-0.393839662,-0.730422823
1375,-0.365555969,-0.675725415
1376,-0.297456048,-0.633515892
1377,-0.262046538,-0.608408774
1378,-0.217514003,-0.519958812
1379,-0.151787408,-0.441838865
1380,-0.109749895,-0.393839662
1381,-0.131231285,-0.365555969
1382,-0.079194807,-0.297456048
1383,0.005455441,-0.262046538
1384,0.062607732,-0.217514003
1385,0.088352277,-0.151787408
1386,0.183316342,-0.109749895
1387,0.187838988,-0.131231285
1388,0.279079828,-0.079194807
1389,0.307332183,0.005455441
1390,0.302974773,0.062607732
1391,0.359800276,0.088352277
1392,0.420076973,0.183316342
1393,0.465889114,0.187838988
1394,0.517416533,0.279079828
1395,0.582657345,0.307332183
1396,0.624211192,0.302974773
1397,0.68839781,0.359800276
1398,0.727843191,0.420076973
1399,0.774678399,0.465889114
1400,0.781096818,0.517416533
1401,0.783617909,0.582657345
1402,0.768150032,0.624211192
1403,0.803760009,0.68839781
1404,0.796578126,0.727843191
1405,0.794717681,0.774678399
1406,0.791937791,0.781096818
1407,0.788787917,0.783617909
1408,0.714839377,0.768150032
1409,0.676015309,0.803760009
1410,0.68506049,0.796578126
1411,0.622789748,0.794717681
1412,0.651440427,0.791937791
1413,0.65388141,0.788787917
1414,0.62291505,0.714839377
1415,0.602507128,0.676015309
1416,0.579806969,0.68506049
1417,0.580466812,0.622789748
1418,0.566977945,0.651440427
1419,0.576989641,0.65388141
1420,0.598629249,0.62291505
1421,0.604899852,0.602507128
1422,0.566353889,0.579806969
1423,0.54869998,0.580466812
1424,0.514360322,0.566977945
1425,0.496110536,0.576989641
1426,0.378893432,0.598629249
1427,0.288531556,0.604899852
1428,0.323740917,0.566353889
1429,0.29557799,0.54869998
1430,0.299583932,0.514360322
1431,0.288910731,0.496110536
1432,0.223306136,0.378893432
1433,0.158085477,0.288531556
1434,0.118672064,0.323740917
1435,0.072243498,0.29557799
1436,-0.011245399,0.299583932
1437,-0.114366034,0.288910731
1438,-0.146356674,0.223306136
1439,-0.166907566,0.158085477
1440,-0.265359333,0.118672064
1441,-0.316074313,0.072243498
1442,-0.29656319,-0.011245399
1443,-0.365932302,-0.114366034
1444,-0.412084108,-0.146356674
1445,-0.455663966,-0.166907566
1446,-0.457277946,-0.265359333
1447,-0.521032247,-0.316074313
1448,-0.598539538,-0.29656319
1449,-0.588623962,-0.365932302
1450,-0.61489707,-0.412084108
1451,-0.694006002,-0.455663966
1452,-0.751666376,-0.457277946
1453,-0.817292358,-0.521032247
1454,-0.826969052,-0.598539538
1455,-0.900207926,-0.588623962
1456,-0.905121772,-0.61489707
1457,-0.898352183,-0.694006002
1458,-0.91225736,-0.751666376
1459,-0.968155052,-0.817292358
