,noisy_sin,noisy_sin_lag6
0,0.20959466946719346,0.0
1,0.2325115051304959,0.0010760148959970475
2,0.3125754100876759,0.04995939004631933
3,0.3179341390290122,0.08010352489289681
4,0.32078949206874324,0.08343315704646208
5,0.36801074322617766,0.17641973272873807
6,0.4369880887490818,0.20959466946719346
7,0.4993685252451447,0.2325115051304959
8,0.5279141652084034,0.3125754100876759
9,0.5340716720059329,0.3179341390290122
10,0.619900550584809,0.32078949206874324
11,0.7576916377987812,0.36801074322617766
12,0.820695956918923,0.4369880887490818
13,0.8546666570738638,0.4993685252451447
14,0.9060018497526429,0.5279141652084034
15,0.9196070800932278,0.5340716720059329
16,0.948033327492326,0.619900550584809
17,0.9566700257163633,0.7576916377987812
18,0.9709081843255974,0.820695956918923
19,0.9922267878771666,0.8546666570738638
20,1.0157472784998096,0.9060018497526429
21,1.0190973901498033,0.9196070800932278
22,1.0824454827766568,0.948033327492326
23,1.0850148923384837,0.9566700257163633
24,1.1114318610716596,0.9709081843255974
25,1.1480457115411413,0.9922267878771666
26,1.1897827538902361,1.0157472784998096
27,1.1441687853932379,1.0190973901498033
28,1.154213745213081,1.0824454827766568
29,1.1701510813474467,1.0850148923384837
30,1.1714041462009568,1.1114318610716596
31,1.148968345058661,1.1480457115411413
32,1.1770333747688637,1.1897827538902361
33,1.1401230801501727,1.1441687853932379
34,1.132237336280184,1.154213745213081
35,1.104021009938839,1.1701510813474467
36,1.1031556394862734,1.1714041462009568
37,1.1037157320679118,1.148968345058661
38,1.028107713250783,1.1770333747688637
39,0.9454591932007727,1.1401230801501727
40,0.9062276700772849,1.132237336280184
41,0.8607487921100632,1.104021009938839
42,0.8366020948733872,1.1031556394862734
43,0.8203476799308193,1.1037157320679118
44,0.7444532259368293,1.028107713250783
45,0.6788045163824498,0.9454591932007727
46,0.6354050267021374,0.9062276700772849
47,0.6767198684588958,0.8607487921100632
48,0.5853274482850997,0.8366020948733872
49,0.5426166142484432,0.8203476799308193
50,0.5123880319085332,0.7444532259368293
51,0.4904417496578265,0.6788045163824498
52,0.4438273151740336,0.6354050267021374
53,0.3898432870349321,0.6767198684588958
54,0.34925972398062755,0.5853274482850997
55,0.3023346288976313,0.5426166142484432
56,0.2535246575474215,0.5123880319085332
57,0.2269350401970663,0.4904417496578265
58,0.14739350250475003,0.4438273151740336
59,0.08986959986297383,0.3898432870349321
60,0.0750487720837402,0.34925972398062755
61,0.02711504482346966,0.3023346288976313
62,-0.028208098477454813,0.2535246575474215
63,-0.10413200846062165,0.2269350401970663
64,-0.15985607788696582,0.14739350250475003
65,-0.19925565447023336,0.08986959986297383
66,-0.23673581488253667,0.0750487720837402
67,-0.25881483663224747,0.02711504482346966
68,-0.2863821432583077,-0.028208098477454813
69,-0.2820045079496708,-0.10413200846062165
70,-0.34056101627560603,-0.15985607788696582
71,-0.31458320325966826,-0.19925565447023336
72,-0.31763031272131603,-0.23673581488253667
73,-0.3278167659058906,-0.25881483663224747
74,-0.4111971976174769,-0.2863821432583077
75,-0.40434264891367716,-0.2820045079496708
76,-0.5084811496497106,-0.34056101627560603
77,-0.5371627917442253,-0.31458320325966826
78,-0.6821610254875101,-0.31763031272131603
79,-0.7118130479632574,-0.3278167659058906
80,-0.7220067408971718,-0.4111971976174769
81,-0.7425403812050261,-0.40434264891367716
82,-0.7789689455737001,-0.5084811496497106
83,-0.8045145930570473,-0.5371627917442253
84,-0.8968471082009776,-0.6821610254875101
85,-0.9018509855732455,-0.7118130479632574
86,-0.9312416657806536,-0.7220067408971718
87,-0.9127723909471775,-0.7425403812050261
88,-0.8638139193094219,-0.7789689455737001
89,-0.815492879155111,-0.8045145930570473
90,-0.8533204181817929,-0.8968471082009776
91,-0.8755886643052824,-0.9018509855732455
92,-0.8673296441569982,-0.9312416657806536
93,-0.8296253908250772,-0.9127723909471775
94,-0.8334308712586959,-0.8638139193094219
95,-0.8261459367561496,-0.815492879155111
96,-0.8069340244960859,-0.8533204181817929
97,-0.8002706759405525,-0.8755886643052824
98,-0.7817582649215575,-0.8673296441569982
99,-0.7625214146470821,-0.8296253908250772
100,-0.7419940518217395,-0.8334308712586959
101,-0.7193063517819448,-0.8261459367561496
102,-0.6792539692888672,-0.8069340244960859
103,-0.6703937215977742,-0.8002706759405525
104,-0.7124768230319397,-0.7817582649215575
105,-0.692803978321719,-0.7625214146470821
106,-0.6284307196661085,-0.7419940518217395
107,-0.5940442386899994,-0.7193063517819448
108,-0.5932593636657002,-0.6792539692888672
109,-0.544579303710638,-0.6703937215977742
110,-0.47430919613783795,-0.7124768230319397
111,-0.48305947438708646,-0.692803978321719
112,-0.48680605502523927,-0.6284307196661085
113,-0.47447476634418617,-0.5940442386899994
114,-0.46310517613970026,-0.5932593636657002
115,-0.3581013481004839,-0.544579303710638
116,-0.34401162610679553,-0.47430919613783795
117,-0.26736125460885907,-0.48305947438708646
118,-0.19418511475742392,-0.48680605502523927
119,-0.12203739600600609,-0.47447476634418617
120,-0.06213580757596119,-0.46310517613970026
121,-0.03657480846484634,-0.3581013481004839
122,-0.003588222001671998,-0.34401162610679553
123,0.009115483809457925,-0.26736125460885907
124,0.028895822985210873,-0.19418511475742392
125,0.042959562614215546,-0.12203739600600609
126,0.08996338681659583,-0.06213580757596119
127,0.11698807477691225,-0.03657480846484634
128,0.17648999771147428,-0.003588222001671998
129,0.2581295514944386,0.009115483809457925
130,0.3794349710430802,0.028895822985210873
131,0.4179864820553766,0.042959562614215546
132,0.4100865441817402,0.08996338681659583
133,0.4934691156414649,0.11698807477691225
134,0.5269768235926607,0.17648999771147428
135,0.5884053222519766,0.2581295514944386
136,0.5854165281806296,0.3794349710430802
137,0.6022368504788338,0.4179864820553766
138,0.638709926305072,0.4100865441817402
139,0.6391835845814173,0.4934691156414649
140,0.7061147722114772,0.5269768235926607
141,0.7825877180820324,0.5884053222519766
142,0.8160410311339332,0.5854165281806296
143,0.819392326811723,0.6022368504788338
144,0.8153939542356756,0.638709926305072
145,0.8213250828133516,0.6391835845814173
146,0.823079774561581,0.7061147722114772
147,0.8120884312332634,0.7825877180820324
148,0.8416880213392853,0.8160410311339332
149,0.8216464947620132,0.819392326811723
150,0.8231841091944903,0.8153939542356756
151,0.8722647242243511,0.8213250828133516
152,0.8437305983275771,0.823079774561581
153,0.8402329206399188,0.8120884312332634
154,0.8167861189338748,0.8416880213392853
155,0.8186653702129921,0.8216464947620132
156,0.790542646256407,0.8231841091944903
157,0.7183188822497498,0.8722647242243511
158,0.6810575071250754,0.8437305983275771
159,0.6368022658308515,0.8402329206399188
160,0.6441114527068705,0.8167861189338748
161,0.6143486124998748,0.8186653702129921
162,0.5892495751372242,0.790542646256407
163,0.5625380356726007,0.7183188822497498
164,0.5311803799305879,0.6810575071250754
165,0.4604870258513433,0.6368022658308515
166,0.3808712980312129,0.6441114527068705
167,0.30139687423659145,0.6143486124998748
168,0.23327844910599344,0.5892495751372242
169,0.14499555208602816,0.5625380356726007
170,0.11006022253666181,0.5311803799305879
171,0.1496354743607426,0.4604870258513433
172,0.09354510621751977,0.3808712980312129
173,-0.03812033515811136,0.30139687423659145
174,-0.0825404650740661,0.23327844910599344
175,-0.16905895165392915,0.14499555208602816
176,-0.19268034704559173,0.11006022253666181
177,-0.2389368528817859,0.1496354743607426
178,-0.33088597128611397,0.09354510621751977
179,-0.3571461278557555,-0.03812033515811136
180,-0.4130868639053763,-0.0825404650740661
181,-0.4673387996828927,-0.16905895165392915
182,-0.5337470933356226,-0.19268034704559173
183,-0.49874029050308916,-0.2389368528817859
184,-0.5511132069246899,-0.33088597128611397
185,-0.5982841061948614,-0.3571461278557555
186,-0.6456997528924694,-0.4130868639053763
187,-0.7238563419578843,-0.4673387996828927
188,-0.7743180549548393,-0.5337470933356226
189,-0.8247512388073058,-0.49874029050308916
190,-0.8161845314107574,-0.5511132069246899
191,-0.8924905130468144,-0.5982841061948614
192,-0.8945549361756309,-0.6456997528924694
193,-0.9562033035984745,-0.7238563419578843
194,-1.0323278893604737,-0.7743180549548393
195,-1.0558756965255531,-0.8247512388073058
196,-1.0938742784987605,-0.8161845314107574
197,-1.1245340307481229,-0.8924905130468144
198,-1.145869909407247,-0.8945549361756309
199,-1.192084055527173,-0.9562033035984745
200,-1.2097452639205848,-1.0323278893604737
201,-1.2209043019728723,-1.0558756965255531
202,-1.224858677836052,-1.0938742784987605
203,-1.26434857568221,-1.1245340307481229
204,-1.300025886477641,-1.145869909407247
205,-1.3675791184345816,-1.192084055527173
206,-1.4278161147010628,-1.2097452639205848
207,-1.4321643489990128,-1.2209043019728723
208,-1.4430530235452623,-1.224858677836052
209,-1.4715925427136476,-1.26434857568221
210,-1.4920322619275912,-1.300025886477641
211,-1.5023582389010113,-1.3675791184345816
212,-1.461454793068206,-1.4278161147010628
213,-1.4387158066277874,-1.4321643489990128
214,-1.4323565903076187,-1.4430530235452623
215,-1.4583396622665117,-1.4715925427136476
216,-1.461998462063181,-1.4920322619275912
217,-1.406093702978417,-1.5023582389010113
218,-1.342624880984708,-1.461454793068206
219,-1.2971087425040988,-1.4387158066277874
220,-1.2450158174897443,-1.4323565903076187
221,-1.214070162097733,-1.4583396622665117
222,-1.2412058203958694,-1.461998462063181
223,-1.202704388363455,-1.406093702978417
224,-1.2143202922957363,-1.342624880984708
225,-1.2247473356590455,-1.2971087425040988
226,-1.1796562362061163,-1.2450158174897443
227,-1.12782708901391,-1.214070162097733
228,-1.056288505949889,-1.2412058203958694
229,-1.0112080464793094,-1.202704388363455
230,-0.9446708420724677,-1.2143202922957363
231,-0.9309693847233984,-1.2247473356590455
232,-0.9452130348643231,-1.1796562362061163
233,-0.8917247918480068,-1.12782708901391
234,-0.8647060417453984,-1.056288505949889
235,-0.8852211119869566,-1.0112080464793094
236,-0.880033172095213,-0.9446708420724677
237,-0.7890910917598819,-0.9309693847233984
238,-0.7318377960877027,-0.9452130348643231
239,-0.6896935634301498,-0.8917247918480068
240,-0.6289905269213562,-0.8647060417453984
241,-0.5565888539352327,-0.8852211119869566
242,-0.5383274210308662,-0.880033172095213
243,-0.507891131084456,-0.7890910917598819
244,-0.5029352487962525,-0.7318377960877027
245,-0.4607648820905987,-0.6896935634301498
246,-0.4581039956304939,-0.6289905269213562
247,-0.3961667000511224,-0.5565888539352327
248,-0.31122895853582816,-0.5383274210308662
249,-0.2680277960446613,-0.507891131084456
250,-0.24670278733987833,-0.5029352487962525
251,-0.20593334381300266,-0.4607648820905987
252,-0.145525373435841,-0.4581039956304939
253,-0.11128073934178706,-0.3961667000511224
254,-0.08281309133160741,-0.31122895853582816
255,-0.046633386605055394,-0.2680277960446613
256,0.018398535600255284,-0.24670278733987833
257,0.0451580875715758,-0.20593334381300266
258,0.05977721624566712,-0.145525373435841
259,0.04272713706053144,-0.11128073934178706
260,0.13861566931258018,-0.08281309133160741
261,0.2028901504681938,-0.046633386605055394
262,0.30642668552018953,0.018398535600255284
263,0.36721092995202054,0.0451580875715758
264,0.41606242688037787,0.05977721624566712
265,0.43208064768031684,0.04272713706053144
266,0.4786202580583075,0.13861566931258018
267,0.4890581782121172,0.2028901504681938
268,0.5329614805885876,0.30642668552018953
269,0.5655656637133802,0.36721092995202054
270,0.5762542158647361,0.41606242688037787
271,0.6645230658782728,0.43208064768031684
272,0.6531872604530292,0.4786202580583075
273,0.6908769691075264,0.4890581782121172
274,0.6854640614844096,0.5329614805885876
275,0.6564031129240095,0.5655656637133802
276,0.6421875903305548,0.5762542158647361
277,0.6244537903403805,0.6645230658782728
278,0.6426379383026428,0.6531872604530292
279,0.6647688080129919,0.6908769691075264
280,0.6790860928280629,0.6854640614844096
281,0.6444405358116729,0.6564031129240095
282,0.6174609112345657,0.6421875903305548
283,0.5420840833252801,0.6244537903403805
284,0.5543476705375534,0.6426379383026428
285,0.5607629726837557,0.6647688080129919
286,0.5272835651375991,0.6790860928280629
287,0.5056326530213857,0.6444405358116729
288,0.4190294758464586,0.6174609112345657
289,0.34892484133092333,0.5420840833252801
290,0.3329811558650091,0.5543476705375534
291,0.26728472464509434,0.5607629726837557
292,0.21419337067111088,0.5272835651375991
293,0.1880211541676044,0.5056326530213857
294,0.1469465347712684,0.4190294758464586
295,0.12327932518422635,0.34892484133092333
296,0.10946964743922827,0.3329811558650091
297,0.1037085904629636,0.26728472464509434
298,0.07002319500668702,0.21419337067111088
299,0.06016141965552513,0.1880211541676044
300,0.016444269194468286,0.1469465347712684
301,-0.05595726555618924,0.12327932518422635
302,-0.08521480113904933,0.10946964743922827
303,-0.10751739597240445,0.1037085904629636
304,-0.11606258671738226,0.07002319500668702
305,-0.22814001885873694,0.06016141965552513
306,-0.30042026289444296,0.016444269194468286
307,-0.3869041082094848,-0.05595726555618924
308,-0.41133369844420914,-0.08521480113904933
309,-0.4976713576586746,-0.10751739597240445
310,-0.59773245174082,-0.11606258671738226
311,-0.6427082297375017,-0.22814001885873694
312,-0.6329329166314444,-0.30042026289444296
313,-0.6494294443398909,-0.3869041082094848
314,-0.7536880281677413,-0.41133369844420914
315,-0.7975749335361482,-0.4976713576586746
316,-0.825723454960885,-0.59773245174082
317,-0.8807112348675448,-0.6427082297375017
318,-0.9172852039782171,-0.6329329166314444
319,-0.9035911090847847,-0.6494294443398909
320,-0.9383428902731572,-0.7536880281677413
321,-1.0077170445616188,-0.7975749335361482
322,-1.0284453724270963,-0.825723454960885
323,-1.0580226502345902,-0.8807112348675448
324,-1.098512352587521,-0.9172852039782171
325,-1.170716187366426,-0.9035911090847847
326,-1.2286049935379078,-0.9383428902731572
327,-1.2140121986905157,-1.0077170445616188
328,-1.2570178768394376,-1.0284453724270963
329,-1.2757247917239587,-1.0580226502345902
330,-1.3327321640132956,-1.098512352587521
331,-1.3667291801707158,-1.170716187366426
332,-1.3683447330729543,-1.2286049935379078
333,-1.3887635183080909,-1.2140121986905157
334,-1.4262773865272855,-1.2570178768394376
335,-1.4608983766933172,-1.2757247917239587
336,-1.5267571059463272,-1.3327321640132956
337,-1.545580737313929,-1.3667291801707158
338,-1.557806459964144,-1.3683447330729543
339,-1.5838272479707527,-1.3887635183080909
340,-1.6214672838083333,-1.4262773865272855
341,-1.5689154999228108,-1.4608983766933172
342,-1.5518216496573733,-1.5267571059463272
343,-1.5655354279574458,-1.545580737313929
344,-1.558944601295246,-1.557806459964144
345,-1.5518193422032271,-1.5838272479707527
346,-1.5144002072966622,-1.6214672838083333
347,-1.4904276159180032,-1.5689154999228108
348,-1.498874996062308,-1.5518216496573733
349,-1.4913015659713185,-1.5655354279574458
350,-1.4745455518867283,-1.558944601295246
351,-1.44182858548672,-1.5518193422032271
352,-1.3743406851159878,-1.5144002072966622
353,-1.3555688840419822,-1.4904276159180032
354,-1.3386897390146606,-1.498874996062308
355,-1.271169354375643,-1.4913015659713185
356,-1.214381678190248,-1.4745455518867283
357,-1.193029783721462,-1.44182858548672
358,-1.1951245837200495,-1.3743406851159878
359,-1.1726373082234733,-1.3555688840419822
360,-1.125200070331499,-1.3386897390146606
361,-1.0235550981641137,-1.271169354375643
362,-1.000342085190265,-1.214381678190248
363,-0.9792600852878459,-1.193029783721462
364,-0.9173794761532034,-1.1951245837200495
365,-0.8604880752472078,-1.1726373082234733
366,-0.8330115909011662,-1.125200070331499
367,-0.8008064098294149,-1.0235550981641137
368,-0.7486915352789087,-1.000342085190265
369,-0.653827720524307,-0.9792600852878459
370,-0.653361120483218,-0.9173794761532034
371,-0.6115919572828413,-0.8604880752472078
372,-0.5590063734452785,-0.8330115909011662
373,-0.4791939125539031,-0.8008064098294149
374,-0.43310685405184846,-0.7486915352789087
375,-0.3476913846926759,-0.653827720524307
376,-0.298482365188917,-0.653361120483218
377,-0.1992734493920842,-0.6115919572828413
378,-0.19284828377300428,-0.5590063734452785
379,-0.15337337866865453,-0.4791939125539031
380,-0.12581310734532336,-0.43310685405184846
381,-0.07808207529972366,-0.3476913846926759
382,-0.04989846078330196,-0.298482365188917
383,0.02133544824054634,-0.1992734493920842
384,0.06744211626513541,-0.19284828377300428
385,0.07876057843599138,-0.15337337866865453
386,0.11497501368092389,-0.12581310734532336
387,0.1770918837376514,-0.07808207529972366
388,0.22919365544702364,-0.04989846078330196
389,0.281481300130513,0.02133544824054634
390,0.3217162581589819,0.06744211626513541
391,0.32821102856256446,0.07876057843599138
392,0.33324593441296857,0.11497501368092389
393,0.3230574401327033,0.1770918837376514
394,0.31598188242560676,0.22919365544702364
395,0.32547782197477626,0.281481300130513
396,0.3740911834665803,0.3217162581589819
397,0.33789906674927783,0.32821102856256446
398,0.30915882894186597,0.33324593441296857
399,0.3235647112306115,0.3230574401327033
400,0.3631588179922324,0.31598188242560676
401,0.3600557914356366,0.32547782197477626
402,0.3250718912630167,0.3740911834665803
403,0.23886967879753618,0.33789906674927783
404,0.25229013370493136,0.30915882894186597
405,0.24594338456706188,0.3235647112306115
406,0.24955859666324098,0.3631588179922324
407,0.22737489323079052,0.3600557914356366
408,0.21718013173506467,0.3250718912630167
409,0.2339247860246041,0.23886967879753618
410,0.2284976044983027,0.25229013370493136
411,0.2210791422168682,0.24594338456706188
412,0.19139973522101061,0.24955859666324098
413,0.17729630649206163,0.22737489323079052
414,0.17981271806009913,0.21718013173506467
415,0.13848234960247507,0.2339247860246041
416,0.05061383467405489,0.2284976044983027
417,0.02877155013943855,0.2210791422168682
418,-0.0009818029255352911,0.19139973522101061
419,-0.08214916117050874,0.17729630649206163
420,-0.08590099970695908,0.17981271806009913
421,-0.13012759201261903,0.13848234960247507
422,-0.23826198824859102,0.05061383467405489
423,-0.32071826581112983,0.02877155013943855
424,-0.37475885663925057,-0.0009818029255352911
425,-0.3954981727556903,-0.08214916117050874
426,-0.4498879620379667,-0.08590099970695908
427,-0.4987262658637887,-0.13012759201261903
428,-0.5307929361965609,-0.23826198824859102
429,-0.5597427588717161,-0.32071826581112983
430,-0.5868850017025802,-0.37475885663925057
431,-0.6809934604021632,-0.3954981727556903
432,-0.6867432398488252,-0.4498879620379667
433,-0.7811363013115985,-0.4987262658637887
434,-0.8179031855294965,-0.5307929361965609
435,-0.8758510393380747,-0.5597427588717161
436,-0.9194278313420058,-0.5868850017025802
437,-1.0482698116858487,-0.6809934604021632
438,-1.1186591717167307,-0.6867432398488252
439,-1.1924236856704091,-0.7811363013115985
440,-1.2994961333308779,-0.8179031855294965
441,-1.3514588292693452,-0.8758510393380747
442,-1.3995225451228148,-0.9194278313420058
443,-1.4726448701954578,-1.0482698116858487
444,-1.5207367701056915,-1.1186591717167307
445,-1.5748512182019054,-1.1924236856704091
446,-1.687061219697275,-1.2994961333308779
447,-1.771731335011741,-1.3514588292693452
448,-1.8060314048829285,-1.3995225451228148
449,-1.861585064362902,-1.4726448701954578
450,-1.8695176574522203,-1.5207367701056915
451,-1.873523195896099,-1.5748512182019054
452,-1.9170244593843617,-1.687061219697275
453,-1.9552147047871387,-1.771731335011741
454,-1.9931062101748755,-1.8060314048829285
455,-2.006164084258366,-1.861585064362902
456,-2.0619828082927807,-1.8695176574522203
457,-2.0908167988099073,-1.873523195896099
458,-2.1369467215198013,-1.9170244593843617
459,-2.1318247834640243,-1.9552147047871387
460,-2.133941955810074,-1.9931062101748755
461,-2.195749682943416,-2.006164084258366
462,-2.2472333276975833,-2.0619828082927807
463,-2.270992243596255,-2.0908167988099073
464,-2.274287131289155,-2.1369467215198013
465,-2.2670068902161686,-2.1318247834640243
466,-2.2519815815340154,-2.133941955810074
467,-2.2763573049502277,-2.195749682943416
468,-2.2500327256759003,-2.2472333276975833
469,-2.2286122273649864,-2.270992243596255
470,-2.212671500736067,-2.274287131289155
471,-2.2067710541879784,-2.2670068902161686
472,-2.175629328818334,-2.2519815815340154
473,-2.1775991033107225,-2.2763573049502277
474,-2.1891468843668758,-2.2500327256759003
475,-2.1515903765917237,-2.2286122273649864
476,-2.1752568257443943,-2.212671500736067
477,-2.1187507283052436,-2.2067710541879784
478,-2.058096448928349,-2.175629328818334
479,-1.9717194445751878,-2.1775991033107225
480,-1.9244135590635985,-2.1891468843668758
481,-1.878670280875106,-2.1515903765917237
482,-1.8430819134624592,-2.1752568257443943
483,-1.800981051538217,-2.1187507283052436
484,-1.777657750090071,-2.058096448928349
485,-1.7057784104949314,-1.9717194445751878
486,-1.612871982189072,-1.9244135590635985
487,-1.583883929478034,-1.878670280875106
488,-1.5291074458290237,-1.8430819134624592
489,-1.4984891634737367,-1.800981051538217
490,-1.4943016618675766,-1.777657750090071
491,-1.4755787783528311,-1.7057784104949314
492,-1.474819585965834,-1.612871982189072
493,-1.4048422872698703,-1.583883929478034
494,-1.3822685680760796,-1.5291074458290237
495,-1.3326245776155878,-1.4984891634737367
496,-1.2705469001193668,-1.4943016618675766
497,-1.2188320011487854,-1.4755787783528311
498,-1.1857141451402202,-1.474819585965834
499,-1.1506697242274369,-1.4048422872698703
500,-1.08722062776975,-1.3822685680760796
501,-1.0017389241908874,-1.3326245776155878
502,-0.9329401043671857,-1.2705469001193668
503,-0.9068287305643101,-1.2188320011487854
504,-0.8885134013094333,-1.1857141451402202
505,-0.8104191786508663,-1.1506697242274369
506,-0.805441075519236,-1.08722062776975
507,-0.7694603761905262,-1.0017389241908874
508,-0.7399010043271336,-0.9329401043671857
509,-0.6733687859471496,-0.9068287305643101
510,-0.6131649690232829,-0.8885134013094333
511,-0.6387158885129218,-0.8104191786508663
512,-0.5808736037492386,-0.805441075519236
513,-0.5114389907602727,-0.7694603761905262
514,-0.442043966350785,-0.7399010043271336
515,-0.37162486896876457,-0.6733687859471496
516,-0.3834346477179088,-0.6131649690232829
517,-0.3322386861192549,-0.6387158885129218
518,-0.30718157964518267,-0.5808736037492386
519,-0.19414168416761823,-0.5114389907602727
520,-0.21013223429474315,-0.442043966350785
521,-0.19111442095285236,-0.37162486896876457
522,-0.16333681927184862,-0.3834346477179088
523,-0.129054699027502,-0.3322386861192549
524,-0.11592838749222434,-0.30718157964518267
525,-0.12194273995116323,-0.19414168416761823
526,-0.13902865444103285,-0.21013223429474315
527,-0.1813651924157509,-0.19111442095285236
528,-0.15045458426671243,-0.16333681927184862
529,-0.16755261466474758,-0.129054699027502
530,-0.14516850011226978,-0.11592838749222434
531,-0.14029632223447286,-0.12194273995116323
532,-0.11669077084924884,-0.13902865444103285
533,-0.12033150495313283,-0.1813651924157509
534,-0.14372841890235954,-0.15045458426671243
535,-0.1577886282026122,-0.16755261466474758
536,-0.1855332125534459,-0.14516850011226978
537,-0.17728303504702037,-0.14029632223447286
538,-0.17127871000691663,-0.11669077084924884
539,-0.19357456692584962,-0.12033150495313283
540,-0.20690268703301928,-0.14372841890235954
541,-0.31256342553373895,-0.1577886282026122
542,-0.3236812368696377,-0.1855332125534459
543,-0.3276499240910282,-0.17728303504702037
544,-0.36283902180767513,-0.17127871000691663
545,-0.3867019641968137,-0.19357456692584962
546,-0.5154749271505601,-0.20690268703301928
547,-0.5784642279746642,-0.31256342553373895
548,-0.6368068018079855,-0.3236812368696377
549,-0.6573102419204466,-0.3276499240910282
550,-0.7135510349745708,-0.36283902180767513
551,-0.7272318281571871,-0.3867019641968137
552,-0.7791015986026113,-0.5154749271505601
553,-0.7518219798860071,-0.5784642279746642
554,-0.7900537054579649,-0.6368068018079855
555,-0.786576312244593,-0.6573102419204466
556,-0.8190398218120736,-0.7135510349745708
557,-0.897928106614649,-0.7272318281571871
558,-0.8930112971870309,-0.7791015986026113
559,-0.9272580659369573,-0.7518219798860071
560,-0.93286676699734,-0.7900537054579649
561,-1.0069390297190968,-0.786576312244593
562,-1.1434542504673313,-0.8190398218120736
563,-1.1938821581928116,-0.897928106614649
564,-1.273846125473299,-0.8930112971870309
565,-1.307430321567169,-0.9272580659369573
566,-1.31334143014465,-0.93286676699734
567,-1.2819594723490608,-1.0069390297190968
568,-1.3305389072674543,-1.1434542504673313
569,-1.3839283549896872,-1.1938821581928116
570,-1.4907470583257214,-1.273846125473299
571,-1.5509178324719404,-1.307430321567169
572,-1.6022470193977387,-1.31334143014465
573,-1.6107401558963268,-1.2819594723490608
574,-1.6645094609382824,-1.3305389072674543
575,-1.685538519666276,-1.3839283549896872
576,-1.7895602119432419,-1.4907470583257214
577,-1.8220099982497568,-1.5509178324719404
578,-1.8357788970861302,-1.6022470193977387
579,-1.9161210260456487,-1.6107401558963268
580,-1.9402586646792273,-1.6645094609382824
581,-1.944958643461341,-1.685538519666276
582,-2.006496049750242,-1.7895602119432419
583,-1.986357827379372,-1.8220099982497568
584,-2.0152336151154855,-1.8357788970861302
585,-2.0334394592801903,-1.9161210260456487
586,-2.0591257746601683,-1.9402586646792273
587,-2.087434473912202,-1.944958643461341
588,-2.084029258646974,-2.006496049750242
589,-2.145086133996207,-1.986357827379372
590,-2.1721944122507386,-2.0152336151154855
591,-2.161377796278348,-2.0334394592801903
592,-2.1684768776920884,-2.0591257746601683
593,-2.160495631837774,-2.087434473912202
594,-2.1857011219831706,-2.084029258646974
595,-2.223984628633243,-2.145086133996207
596,-2.197383021347198,-2.1721944122507386
597,-2.171251951602465,-2.161377796278348
598,-2.1892902909017513,-2.1684768776920884
599,-2.1783368643256726,-2.160495631837774
600,-2.1387805492826653,-2.1857011219831706
601,-2.1083184975210028,-2.223984628633243
602,-2.0963208203739714,-2.197383021347198
603,-2.083136352414539,-2.171251951602465
604,-2.0895779576138898,-2.1892902909017513
605,-2.0447066602510438,-2.1783368643256726
606,-1.99368059776813,-2.1387805492826653
607,-1.9116348307480315,-2.1083184975210028
608,-1.8300384407382038,-2.0963208203739714
609,-1.7854246286558677,-2.083136352414539
610,-1.7559022780539704,-2.0895779576138898
611,-1.7776239277976003,-2.0447066602510438
612,-1.7454892411755303,-1.99368059776813
613,-1.7179970732384142,-1.9116348307480315
614,-1.6740187061558738,-1.8300384407382038
615,-1.6244719455997199,-1.7854246286558677
616,-1.6088833803006999,-1.7559022780539704
617,-1.5155429513374896,-1.7776239277976003
618,-1.4978434492402515,-1.7454892411755303
619,-1.466058609286146,-1.7179970732384142
620,-1.4614725482401343,-1.6740187061558738
621,-1.3730550700065964,-1.6244719455997199
622,-1.2827268331092545,-1.6088833803006999
623,-1.208184722641554,-1.5155429513374896
624,-1.1990529163026167,-1.4978434492402515
625,-1.1220812190463276,-1.466058609286146
626,-1.0693448861475838,-1.4614725482401343
627,-1.0129662904532597,-1.3730550700065964
628,-0.9311586767652571,-1.2827268331092545
629,-0.9144609739022524,-1.208184722641554
630,-0.8463562204243575,-1.1990529163026167
631,-0.7716581009090981,-1.1220812190463276
632,-0.7154089801389434,-1.0693448861475838
633,-0.7270086055614959,-1.0129662904532597
634,-0.7399810334168029,-0.9311586767652571
635,-0.6990607712773537,-0.9144609739022524
636,-0.6668754678373131,-0.8463562204243575
637,-0.5888305561153315,-0.7716581009090981
638,-0.5889357803825007,-0.7154089801389434
639,-0.5621815033507092,-0.7270086055614959
640,-0.5511681477333948,-0.7399810334168029
641,-0.5397022501810887,-0.6990607712773537
642,-0.5227786093960789,-0.6668754678373131
643,-0.5108903138652079,-0.5888305561153315
644,-0.5041439646034037,-0.5889357803825007
645,-0.49121728039864854,-0.5621815033507092
646,-0.47767929101492024,-0.5511681477333948
647,-0.48726487259393536,-0.5397022501810887
648,-0.50439242386296,-0.5227786093960789
649,-0.4384292306908468,-0.5108903138652079
650,-0.40406686904319133,-0.5041439646034037
651,-0.3548123138784509,-0.49121728039864854
652,-0.3503973593627112,-0.47767929101492024
653,-0.3980940865010206,-0.48726487259393536
654,-0.4204380310119038,-0.50439242386296
655,-0.4160333241318618,-0.4384292306908468
656,-0.44663581829519505,-0.40406686904319133
657,-0.44028747879094243,-0.3548123138784509
658,-0.4917126232205312,-0.3503973593627112
659,-0.5292169149775855,-0.3980940865010206
660,-0.5596823360621804,-0.4204380310119038
661,-0.5667377541149841,-0.4160333241318618
662,-0.5638015789790866,-0.44663581829519505
663,-0.6077958168658253,-0.44028747879094243
664,-0.5924444553123626,-0.4917126232205312
665,-0.7266022179620932,-0.5292169149775855
666,-0.7458057257958252,-0.5596823360621804
667,-0.773071836318674,-0.5667377541149841
668,-0.7619224963276828,-0.5638015789790866
669,-0.8090491328890321,-0.6077958168658253
670,-0.864320350869218,-0.5924444553123626
671,-0.9370909371897971,-0.7266022179620932
672,-0.9843724129628363,-0.7458057257958252
673,-1.0313666140567368,-0.773071836318674
674,-1.0658640592136677,-0.7619224963276828
675,-1.0738448553057203,-0.8090491328890321
676,-1.1127568930313454,-0.864320350869218
677,-1.1939379218960795,-0.9370909371897971
678,-1.2362595309141706,-0.9843724129628363
679,-1.3070679956565643,-1.0313666140567368
680,-1.3340520667785303,-1.0658640592136677
681,-1.3140861511507267,-1.0738448553057203
682,-1.3714971435896541,-1.1127568930313454
683,-1.417577966199803,-1.1939379218960795
684,-1.5119348818633314,-1.2362595309141706
685,-1.5462322667073607,-1.3070679956565643
686,-1.5714162965020375,-1.3340520667785303
687,-1.5902513841958756,-1.3140861511507267
688,-1.6599407485662525,-1.3714971435896541
689,-1.7464573330754978,-1.417577966199803
690,-1.7845924996732097,-1.5119348818633314
691,-1.8196255637027723,-1.5462322667073607
692,-1.884372850840534,-1.5714162965020375
693,-1.8757710861669756,-1.5902513841958756
694,-1.957179943622602,-1.6599407485662525
695,-1.9954912220340475,-1.7464573330754978
696,-1.999091670680314,-1.7845924996732097
697,-2.0365522422352957,-1.8196255637027723
698,-2.060518513841965,-1.884372850840534
699,-2.086678304089199,-1.8757710861669756
700,-2.101938988979957,-1.957179943622602
701,-2.1287105433770255,-1.9954912220340475
702,-2.1656097511715418,-1.999091670680314
703,-2.127143552989644,-2.0365522422352957
704,-2.1641360157291163,-2.060518513841965
705,-2.2056877868122715,-2.086678304089199
706,-2.275601249220924,-2.101938988979957
707,-2.3387924837678975,-2.1287105433770255
708,-2.332684211675317,-2.1656097511715418
709,-2.3926242321484708,-2.127143552989644
710,-2.382151424623534,-2.1641360157291163
711,-2.3448641613021843,-2.2056877868122715
712,-2.3313627578101075,-2.275601249220924
713,-2.289713581549271,-2.3387924837678975
714,-2.2799299777481785,-2.332684211675317
715,-2.285126245003654,-2.3926242321484708
716,-2.3047496018284317,-2.382151424623534
717,-2.296867880671039,-2.3448641613021843
718,-2.263073073134815,-2.3313627578101075
719,-2.262112394996964,-2.289713581549271
720,-2.284939080041911,-2.2799299777481785
721,-2.2676004788774757,-2.285126245003654
722,-2.2816462389443157,-2.3047496018284317
723,-2.2272639000144254,-2.296867880671039
724,-2.1703653504752327,-2.263073073134815
725,-2.0767258450036876,-2.262112394996964
726,-2.1177888264179576,-2.284939080041911
727,-2.0596515730189475,-2.2676004788774757
728,-2.0302619546821568,-2.2816462389443157
729,-1.9393212649018043,-2.2272639000144254
730,-1.9120024590993476,-2.1703653504752327
731,-1.8691472111132676,-2.0767258450036876
732,-1.8596696408572568,-2.1177888264179576
733,-1.7850510060346658,-2.0596515730189475
734,-1.7375084303170665,-2.0302619546821568
735,-1.6780756473406524,-1.9393212649018043
736,-1.621259904175739,-1.9120024590993476
737,-1.6137478657619666,-1.8691472111132676
738,-1.5257127782893543,-1.8596696408572568
739,-1.5259573643019357,-1.7850510060346658
740,-1.4612864216675931,-1.7375084303170665
741,-1.4372161553655851,-1.6780756473406524
742,-1.4031255842004602,-1.621259904175739
743,-1.3678499775682968,-1.6137478657619666
744,-1.341016711091529,-1.5257127782893543
745,-1.3118077380889446,-1.5259573643019357
746,-1.2061162772385499,-1.4612864216675931
747,-1.1650715024801248,-1.4372161553655851
748,-1.0989259762922086,-1.4031255842004602
749,-1.0481771283294077,-1.3678499775682968
750,-0.9313940698384288,-1.341016711091529
751,-0.8630233322968267,-1.3118077380889446
752,-0.7690926272120427,-1.2061162772385499
753,-0.6623220096825432,-1.1650715024801248
754,-0.5868109284167462,-1.0989259762922086
755,-0.5207030381015376,-1.0481771283294077
756,-0.4536731102221905,-0.9313940698384288
757,-0.4227674949068583,-0.8630233322968267
758,-0.4151613827273236,-0.7690926272120427
759,-0.3797565669821438,-0.6623220096825432
760,-0.3368647537106132,-0.5868109284167462
761,-0.3559063496666648,-0.5207030381015376
762,-0.32909930742170845,-0.4536731102221905
763,-0.3103503519590878,-0.4227674949068583
764,-0.2722662914430899,-0.4151613827273236
765,-0.21728223497231003,-0.3797565669821438
766,-0.18282320523486306,-0.3368647537106132
767,-0.1809832194159111,-0.3559063496666648
768,-0.13358097939308056,-0.32909930742170845
769,-0.14475078865308977,-0.3103503519590878
770,-0.1374364888816203,-0.2722662914430899
771,-0.14887277988066205,-0.21728223497231003
772,-0.1650182778788014,-0.18282320523486306
773,-0.17254132735412342,-0.1809832194159111
774,-0.17071266769359572,-0.13358097939308056
775,-0.1315254576291499,-0.14475078865308977
776,-0.10616801305979517,-0.1374364888816203
777,-0.13802441124739173,-0.14887277988066205
778,-0.11927641123304178,-0.1650182778788014
779,-0.10990955985959983,-0.17254132735412342
780,-0.06422681442512734,-0.17071266769359572
781,-0.10603613703788073,-0.1315254576291499
782,-0.13609360074474075,-0.10616801305979517
783,-0.06504943113196981,-0.13802441124739173
784,-0.055262966820891046,-0.11927641123304178
785,-0.07044309915521973,-0.10990955985959983
786,-0.07395598316502272,-0.06422681442512734
787,-0.0809552434270363,-0.10603613703788073
788,-0.0746904564782288,-0.13609360074474075
789,-0.12619193568145315,-0.06504943113196981
790,-0.1867463919661464,-0.055262966820891046
791,-0.24479862520138684,-0.07044309915521973
792,-0.2575988422328591,-0.07395598316502272
793,-0.3284686071060917,-0.0809552434270363
794,-0.35028379006022536,-0.0746904564782288
795,-0.35566283059830506,-0.12619193568145315
796,-0.37505759909395997,-0.1867463919661464
797,-0.4465956997252333,-0.24479862520138684
798,-0.43173213672679156,-0.2575988422328591
799,-0.44352701771518754,-0.3284686071060917
800,-0.4756387283264941,-0.35028379006022536
801,-0.506067354863994,-0.35566283059830506
802,-0.5538390611823453,-0.37505759909395997
803,-0.6016055922077954,-0.4465956997252333
804,-0.6138351672338903,-0.43173213672679156
805,-0.7002843403437332,-0.44352701771518754
806,-0.7459009737188146,-0.4756387283264941
807,-0.8061762521779336,-0.506067354863994
808,-0.7858065346972649,-0.5538390611823453
809,-0.8573121935926239,-0.6016055922077954
810,-0.8862253649203503,-0.6138351672338903
811,-0.9433179167095251,-0.7002843403437332
812,-0.965488383331035,-0.7459009737188146
813,-1.0412449800786845,-0.8061762521779336
814,-1.0355649601487733,-0.7858065346972649
815,-1.121806298540674,-0.8573121935926239
816,-1.1886067181339082,-0.8862253649203503
817,-1.2299031975590102,-0.9433179167095251
818,-1.2387960460483591,-0.965488383331035
819,-1.306597626243367,-1.0412449800786845
820,-1.3088088532606221,-1.0355649601487733
821,-1.3143110703929577,-1.121806298540674
822,-1.3391374673304988,-1.1886067181339082
823,-1.4266383732433148,-1.2299031975590102
824,-1.4122646855972723,-1.2387960460483591
825,-1.5014685271158008,-1.306597626243367
826,-1.577761599406737,-1.3088088532606221
827,-1.6280427091072598,-1.3143110703929577
828,-1.5918256583249555,-1.3391374673304988
829,-1.6537244113349714,-1.4266383732433148
830,-1.7052561830808703,-1.4122646855972723
831,-1.7055655616158145,-1.5014685271158008
832,-1.6928150428735083,-1.577761599406737
833,-1.7416715743662088,-1.6280427091072598
834,-1.7594204017388668,-1.5918256583249555
835,-1.8120391435344174,-1.6537244113349714
836,-1.9177408673176455,-1.7052561830808703
837,-1.943163339772412,-1.7055655616158145
838,-1.9315023752752536,-1.6928150428735083
839,-1.8526023809510836,-1.7416715743662088
840,-1.821482912911201,-1.7594204017388668
841,-1.8669803671885068,-1.8120391435344174
842,-1.8228587279556314,-1.9177408673176455
843,-1.7795052409953747,-1.943163339772412
844,-1.8105792064473039,-1.9315023752752536
845,-1.8243222551064773,-1.8526023809510836
846,-1.8252182656318303,-1.821482912911201
847,-1.8336046762352707,-1.8669803671885068
848,-1.8129602987444804,-1.8228587279556314
849,-1.7907974497924664,-1.7795052409953747
850,-1.7670350586207908,-1.8105792064473039
851,-1.740970761483882,-1.8243222551064773
852,-1.7370619991816647,-1.8252182656318303
853,-1.7119416679425743,-1.8336046762352707
854,-1.7656060685668429,-1.8129602987444804
855,-1.7619778283056315,-1.7907974497924664
856,-1.6951598459066584,-1.7670350586207908
857,-1.6006449001834384,-1.740970761483882
858,-1.4965762083945875,-1.7370619991816647
859,-1.4654911202074223,-1.7119416679425743
860,-1.4640435162731391,-1.7656060685668429
861,-1.4846679609019182,-1.7619778283056315
862,-1.4404467172787023,-1.6951598459066584
863,-1.3479499131274113,-1.6006449001834384
864,-1.3273578113138007,-1.4965762083945875
865,-1.251864250164116,-1.4654911202074223
866,-1.2229059242775457,-1.4640435162731391
867,-1.151859214475443,-1.4846679609019182
868,-1.1371755304868916,-1.4404467172787023
869,-1.0199451953883834,-1.3479499131274113
870,-0.9955566511795562,-1.3273578113138007
871,-0.934751489152851,-1.251864250164116
872,-0.8299347109307452,-1.2229059242775457
873,-0.7537787351019943,-1.151859214475443
874,-0.7188269983226127,-1.1371755304868916
875,-0.6853134259014694,-1.0199451953883834
876,-0.639736829932041,-0.9955566511795562
877,-0.5673250115861678,-0.934751489152851
878,-0.5238900830786088,-0.8299347109307452
879,-0.5289933648299472,-0.7537787351019943
880,-0.44216490208162706,-0.7188269983226127
881,-0.4036058787012491,-0.6853134259014694
882,-0.3575595515179228,-0.639736829932041
883,-0.26248571176821617,-0.5673250115861678
884,-0.22158393647268904,-0.5238900830786088
885,-0.18607510576927933,-0.5289933648299472
886,-0.19696605611182172,-0.44216490208162706
887,-0.17889234769124363,-0.4036058787012491
888,-0.19419557677323784,-0.3575595515179228
889,-0.1578896967061546,-0.26248571176821617
890,-0.13648785319358614,-0.22158393647268904
891,-0.11350818047249189,-0.18607510576927933
892,-0.046686211299943436,-0.19696605611182172
893,-0.025173260451620605,-0.17889234769124363
894,-0.01488190856809013,-0.19419557677323784
895,0.007209215500902921,-0.1578896967061546
896,0.04861083627416274,-0.13648785319358614
897,0.03631355293668448,-0.11350818047249189
898,0.02252651414994955,-0.046686211299943436
899,0.048801621761692116,-0.025173260451620605
900,0.08751824261839436,-0.01488190856809013
901,0.07582517161745284,0.007209215500902921
902,0.1270760090178621,0.04861083627416274
903,0.10150049338109135,0.03631355293668448
904,0.1677091725886316,0.02252651414994955
905,0.15772698052897893,0.048801621761692116
906,0.16736202390223132,0.08751824261839436
907,0.16652443197870404,0.07582517161745284
908,0.1638989239187053,0.1270760090178621
909,0.16260618801217142,0.10150049338109135
910,0.17245775147768916,0.1677091725886316
911,0.18064245844503324,0.15772698052897893
912,0.19613385406845218,0.16736202390223132
913,0.13145794903042918,0.16652443197870404
914,0.10306103551483947,0.1638989239187053
915,0.054429292154310804,0.16260618801217142
916,0.0444045052854789,0.17245775147768916
917,0.07282619801501122,0.18064245844503324
918,0.05878630379585037,0.19613385406845218
919,0.054342200805092,0.13145794903042918
920,-0.009951466895913974,0.10306103551483947
921,-0.04967915794790678,0.054429292154310804
922,-0.09212384729034861,0.0444045052854789
923,-0.18774486586474015,0.07282619801501122
924,-0.19989978748198656,0.05878630379585037
925,-0.2743344905076528,0.054342200805092
926,-0.33707221445640667,-0.009951466895913974
927,-0.3660331102548408,-0.04967915794790678
928,-0.398729426677927,-0.09212384729034861
929,-0.4480470097185599,-0.18774486586474015
930,-0.48748212349161013,-0.19989978748198656
931,-0.541945260011421,-0.2743344905076528
932,-0.6217603545961097,-0.33707221445640667
933,-0.7184817790522138,-0.3660331102548408
934,-0.8191371630795986,-0.398729426677927
935,-0.9012811636339025,-0.4480470097185599
936,-0.9424961932109125,-0.48748212349161013
937,-1.0041508503002898,-0.541945260011421
938,-1.0385059871551579,-0.6217603545961097
939,-1.0872858568269816,-0.7184817790522138
940,-1.1148092223379724,-0.8191371630795986
941,-1.1273888867601343,-0.9012811636339025
942,-1.2164366776842868,-0.9424961932109125
943,-1.2571865681124594,-1.0041508503002898
944,-1.3032496787651247,-1.0385059871551579
945,-1.3052391019905603,-1.0872858568269816
946,-1.322384215051608,-1.1148092223379724
947,-1.366948036355622,-1.1273888867601343
948,-1.3635121961026784,-1.2164366776842868
949,-1.4107415130596215,-1.2571865681124594
950,-1.475554962667517,-1.3032496787651247
951,-1.5000616253364667,-1.3052391019905603
952,-1.4877170457240374,-1.322384215051608
953,-1.5201942256952357,-1.366948036355622
954,-1.4853211468718053,-1.3635121961026784
955,-1.471730305153091,-1.4107415130596215
956,-1.5010320996656055,-1.475554962667517
957,-1.53605942118847,-1.5000616253364667
958,-1.6074183351089788,-1.4877170457240374
959,-1.6836994171226132,-1.5201942256952357
960,-1.7216744740857581,-1.4853211468718053
961,-1.6991575141297999,-1.471730305153091
962,-1.7375652373586474,-1.5010320996656055
963,-1.740801666332642,-1.53605942118847
964,-1.744560783244912,-1.6074183351089788
965,-1.7221907966078263,-1.6836994171226132
966,-1.7484459761048952,-1.7216744740857581
967,-1.7462881927323886,-1.6991575141297999
968,-1.7568897422266443,-1.7375652373586474
969,-1.7305835699451217,-1.740801666332642
970,-1.7397988773170654,-1.744560783244912
971,-1.7100881809113861,-1.7221907966078263
972,-1.6705938168604915,-1.7484459761048952
973,-1.6034186707673874,-1.7462881927323886
974,-1.5924151442616288,-1.7568897422266443
975,-1.5736751758625576,-1.7305835699451217
976,-1.594216470978991,-1.7397988773170654
977,-1.6174935788744516,-1.7100881809113861
978,-1.5711436601299034,-1.6705938168604915
979,-1.5316397420827947,-1.6034186707673874
980,-1.4616370093905564,-1.5924151442616288
981,-1.4036990512042138,-1.5736751758625576
982,-1.387383064359259,-1.594216470978991
983,-1.329312220282286,-1.6174935788744516
984,-1.3419170271764234,-1.5711436601299034
985,-1.2997957483665914,-1.5316397420827947
986,-1.3076523794441548,-1.4616370093905564
987,-1.2253093099527095,-1.4036990512042138
988,-1.1332066117810302,-1.387383064359259
989,-1.1346178632927102,-1.329312220282286
990,-1.1558808755341106,-1.3419170271764234
991,-1.0991539141951248,-1.2997957483665914
992,-1.097049196056772,-1.3076523794441548
993,-1.030056312169611,-1.2253093099527095
994,-1.0022879860773197,-1.1332066117810302
995,-0.8884293347253021,-1.1346178632927102
996,-0.7388536698402518,-1.1558808755341106
997,-0.6953041360784824,-1.0991539141951248
998,-0.6288662841841903,-1.097049196056772
999,-0.6488972507527857,-1.030056312169611
1000,-0.6083135609991714,-1.0022879860773197
1001,-0.5971960305331511,-0.8884293347253021
1002,-0.5035769523425129,-0.7388536698402518
1003,-0.41755901390551464,-0.6953041360784824
1004,-0.31163411729530854,-0.6288662841841903
1005,-0.22015861526791342,-0.6488972507527857
1006,-0.14642170002334948,-0.6083135609991714
1007,-0.11458084607700497,-0.5971960305331511
1008,-0.058940339287268995,-0.5035769523425129
1009,-0.05283594840195743,-0.41755901390551464
1010,-0.053376997975463025,-0.31163411729530854
1011,-0.02819257234587169,-0.22015861526791342
1012,-0.011629317931388106,-0.14642170002334948
1013,0.022231043907430137,-0.11458084607700497
1014,-0.0033475016492898746,-0.058940339287268995
1015,-0.021347206939490437,-0.05283594840195743
1016,0.07755683460951412,-0.053376997975463025
1017,0.06917228649320184,-0.02819257234587169
1018,0.13667469521378084,-0.011629317931388106
1019,0.16584450133657003,0.022231043907430137
1020,0.1194156534948585,-0.0033475016492898746
1021,0.10155673542881427,-0.021347206939490437
1022,0.12948967003617717,0.07755683460951412
1023,0.1432822681946574,0.06917228649320184
1024,0.11356895382501708,0.13667469521378084
1025,0.13943187852878913,0.16584450133657003
1026,0.11380026799669651,0.1194156534948585
1027,0.11118740166206642,0.10155673542881427
1028,0.1450328168435433,0.12948967003617717
1029,0.11032617213295337,0.1432822681946574
1030,0.1767497294207061,0.11356895382501708
1031,0.1972682869163791,0.13943187852878913
1032,0.178530975639709,0.11380026799669651
1033,0.19162279057778964,0.11118740166206642
1034,0.170206049851781,0.1450328168435433
1035,0.15474078960930016,0.11032617213295337
1036,0.12185139497120956,0.1767497294207061
1037,0.1434579970064811,0.1972682869163791
1038,0.12238752570899047,0.178530975639709
1039,0.10685665054463178,0.19162279057778964
1040,0.11145228366299453,0.170206049851781
1041,0.0714415465547329,0.15474078960930016
1042,0.061472920526825736,0.12185139497120956
1043,-0.005345384221024707,0.1434579970064811
1044,-0.04482790643036061,0.12238752570899047
1045,-0.08194338745871821,0.10685665054463178
1046,-0.17451447276494758,0.11145228366299453
1047,-0.19820741955307908,0.0714415465547329
1048,-0.21923498840007638,0.061472920526825736
1049,-0.2606774044269137,-0.005345384221024707
1050,-0.27505169394025974,-0.04482790643036061
1051,-0.3323298487078038,-0.08194338745871821
1052,-0.3892595687788116,-0.17451447276494758
1053,-0.4419031675220233,-0.19820741955307908
1054,-0.4667270309321332,-0.21923498840007638
1055,-0.5366798917242468,-0.2606774044269137
1056,-0.6101831468059262,-0.27505169394025974
1057,-0.6350910663397591,-0.3323298487078038
1058,-0.6784988159143391,-0.3892595687788116
1059,-0.6916441865307261,-0.4419031675220233
1060,-0.7117338873413188,-0.4667270309321332
1061,-0.8463874468323956,-0.5366798917242468
1062,-0.900124134477606,-0.6101831468059262
1063,-0.917967659337353,-0.6350910663397591
1064,-0.9703037798351702,-0.6784988159143391
1065,-1.0014095132600136,-0.6916441865307261
1066,-1.0162601253295713,-0.7117338873413188
1067,-1.0738372348828633,-0.8463874468323956
1068,-1.141929165590776,-0.900124134477606
1069,-1.1198300001375106,-0.917967659337353
1070,-1.1739264259699977,-0.9703037798351702
1071,-1.1576751225919932,-1.0014095132600136
1072,-1.2222894834969789,-1.0162601253295713
1073,-1.308513989006023,-1.0738372348828633
1074,-1.3557123917006262,-1.141929165590776
1075,-1.3906223386048844,-1.1198300001375106
1076,-1.376804043094265,-1.1739264259699977
1077,-1.4151850374199757,-1.1576751225919932
1078,-1.4744773316057502,-1.2222894834969789
1079,-1.5101319206849675,-1.308513989006023
1080,-1.578275949759243,-1.3557123917006262
1081,-1.5519453380337924,-1.3906223386048844
1082,-1.5901362355517978,-1.376804043094265
1083,-1.6197581212090273,-1.4151850374199757
1084,-1.6417110981828311,-1.4744773316057502
1085,-1.6508119739971774,-1.5101319206849675
1086,-1.7176509263169193,-1.578275949759243
1087,-1.7211228914853578,-1.5519453380337924
1088,-1.7443591661542657,-1.5901362355517978
1089,-1.724078891378593,-1.6197581212090273
1090,-1.735564329690909,-1.6417110981828311
1091,-1.7312861211640347,-1.6508119739971774
1092,-1.7332866916447875,-1.7176509263169193
1093,-1.749925753459742,-1.7211228914853578
1094,-1.7270835823015205,-1.7443591661542657
1095,-1.6976484306981199,-1.724078891378593
1096,-1.6425567401712085,-1.735564329690909
1097,-1.6588685555121003,-1.7312861211640347
1098,-1.6160218855306772,-1.7332866916447875
1099,-1.612432007723641,-1.749925753459742
1100,-1.6289335960386833,-1.7270835823015205
1101,-1.5660363392931984,-1.6976484306981199
1102,-1.5663905180877604,-1.6425567401712085
1103,-1.5745896085791706,-1.6588685555121003
1104,-1.5847510498188944,-1.6160218855306772
1105,-1.581509895649646,-1.612432007723641
1106,-1.5157989153555098,-1.6289335960386833
1107,-1.4838331353670229,-1.5660363392931984
1108,-1.4066796528908982,-1.5663905180877604
1109,-1.4119449801161568,-1.5745896085791706
1110,-1.3898907764254016,-1.5847510498188944
1111,-1.3218596621878422,-1.581509895649646
1112,-1.2668891095051273,-1.5157989153555098
1113,-1.2207445176062963,-1.4838331353670229
1114,-1.1766121734494819,-1.4066796528908982
1115,-1.132579263596345,-1.4119449801161568
1116,-1.0672874500998089,-1.3898907764254016
1117,-0.9560655397976539,-1.3218596621878422
1118,-0.8312091072096042,-1.2668891095051273
1119,-0.7706430423620421,-1.2207445176062963
1120,-0.7190114179856391,-1.1766121734494819
1121,-0.6470579832359524,-1.132579263596345
1122,-0.5697228192416863,-1.0672874500998089
1123,-0.4697280711019529,-0.9560655397976539
1124,-0.3652321972223863,-0.8312091072096042
1125,-0.3177668916972887,-0.7706430423620421
1126,-0.3020133310176892,-0.7190114179856391
1127,-0.23053494893230236,-0.6470579832359524
1128,-0.1739017938147406,-0.5697228192416863
1129,-0.1550268079914392,-0.4697280711019529
1130,-0.14739682995467523,-0.3652321972223863
1131,-0.032208630218961476,-0.3177668916972887
1132,0.003667188051261039,-0.3020133310176892
1133,0.0969042141407846,-0.23053494893230236
1134,0.12893261713359427,-0.1739017938147406
1135,0.20191105745923926,-0.1550268079914392
1136,0.21838807504361818,-0.14739682995467523
1137,0.22126420141325898,-0.032208630218961476
1138,0.29024502746417236,0.003667188051261039
1139,0.3345658188065358,0.0969042141407846
1140,0.3377653477710088,0.12893261713359427
1141,0.3499082516447433,0.20191105745923926
1142,0.41154547566973393,0.21838807504361818
1143,0.40889179003224013,0.22126420141325898
1144,0.42291584369373847,0.29024502746417236
1145,0.4602945768789948,0.3345658188065358
1146,0.4860769953815609,0.3377653477710088
1147,0.5228358525863435,0.3499082516447433
1148,0.5048265067377191,0.41154547566973393
1149,0.48801456744137245,0.40889179003224013
1150,0.5222012853756197,0.42291584369373847
1151,0.5611098741090379,0.4602945768789948
1152,0.6216088903802801,0.4860769953815609
1153,0.617085917040213,0.5228358525863435
1154,0.6189789776708121,0.5048265067377191
1155,0.612244303372869,0.48801456744137245
1156,0.5227072810246187,0.5222012853756197
1157,0.5161543223033205,0.5611098741090379
1158,0.4817161850983174,0.6216088903802801
1159,0.48314922277275063,0.617085917040213
1160,0.48629467484814587,0.6189789776708121
1161,0.48082345901184215,0.612244303372869
1162,0.47899635854373923,0.5227072810246187
1163,0.46767306966787114,0.5161543223033205
1164,0.47507275310084685,0.4817161850983174
1165,0.43485890687582585,0.48314922277275063
1166,0.3976659394387852,0.48629467484814587
1167,0.3672254188396302,0.48082345901184215
1168,0.3473227205347217,0.47899635854373923
1169,0.3753962257278489,0.46767306966787114
1170,0.3056461138757217,0.47507275310084685
1171,0.24895133937137454,0.43485890687582585
1172,0.2569402808516782,0.3976659394387852
1173,0.18223155781846134,0.3672254188396302
1174,0.10984500122027274,0.3473227205347217
1175,0.07161587468198105,0.3753962257278489
1176,0.030085175045562407,0.3056461138757217
1177,0.01469528761862382,0.24895133937137454
1178,-0.01979855356505722,0.2569402808516782
1179,-0.032056315310284134,0.18223155781846134
1180,-0.05684009225812964,0.10984500122027274
1181,-0.07292619207009482,0.07161587468198105
1182,-0.16393593723844335,0.030085175045562407
1183,-0.17916508191990613,0.01469528761862382
1184,-0.17334872095924128,-0.01979855356505722
1185,-0.20227150388710927,-0.032056315310284134
1186,-0.24364143091217927,-0.05684009225812964
1187,-0.2888717232198432,-0.07292619207009482
1188,-0.3456904074581253,-0.16393593723844335
1189,-0.39848575500876987,-0.17916508191990613
1190,-0.5036748819872096,-0.17334872095924128
1191,-0.511831868619005,-0.20227150388710927
1192,-0.5629552041485045,-0.24364143091217927
1193,-0.5776601641090935,-0.2888717232198432
1194,-0.657532228365256,-0.3456904074581253
1195,-0.6941472450261766,-0.39848575500876987
1196,-0.7336249869164092,-0.5036748819872096
1197,-0.7898977565619387,-0.511831868619005
1198,-0.8414726396802905,-0.5629552041485045
1199,-0.9297057781269051,-0.5776601641090935
1200,-1.020992841209391,-0.657532228365256
1201,-1.0211830673079587,-0.6941472450261766
1202,-1.0657446041555851,-0.7336249869164092
1203,-1.0703984578881534,-0.7898977565619387
1204,-1.1068601496757575,-0.8414726396802905
1205,-1.1277962805056698,-0.9297057781269051
1206,-1.0837829448600789,-1.020992841209391
1207,-1.1071116116212234,-1.0211830673079587
1208,-1.1098772647583681,-1.0657446041555851
1209,-1.1193648234588909,-1.0703984578881534
1210,-1.1254692256995154,-1.1068601496757575
1211,-1.1691874078913662,-1.1277962805056698
1212,-1.2167474702067482,-1.0837829448600789
1213,-1.2337534899385032,-1.1071116116212234
1214,-1.2310545216548792,-1.1098772647583681
1215,-1.2511381995481197,-1.1193648234588909
1216,-1.2579077786889639,-1.1254692256995154
1217,-1.2717891365093086,-1.1691874078913662
1218,-1.2499027148871633,-1.2167474702067482
1219,-1.2756254867003345,-1.2337534899385032
1220,-1.285021600991224,-1.2310545216548792
1221,-1.2742255212109301,-1.2511381995481197
1222,-1.2777035221983561,-1.2579077786889639
1223,-1.2621003360296759,-1.2717891365093086
1224,-1.2216718683216257,-1.2499027148871633
1225,-1.2165435204406725,-1.2756254867003345
1226,-1.195691238053154,-1.285021600991224
1227,-1.167784353578665,-1.2742255212109301
1228,-1.1622974399753407,-1.2777035221983561
1229,-1.189634417135232,-1.2621003360296759
1230,-1.1981379946159323,-1.2216718683216257
1231,-1.2376749947346697,-1.2165435204406725
1232,-1.1928673878898843,-1.195691238053154
1233,-1.1535584516580257,-1.167784353578665
1234,-1.0968960952224593,-1.1622974399753407
1235,-1.049548106429412,-1.189634417135232
1236,-1.015188946428623,-1.1981379946159323
1237,-0.9282910002189995,-1.2376749947346697
1238,-0.9065056983020329,-1.1928673878898843
1239,-0.8917582229124519,-1.1535584516580257
1240,-0.9266249855473714,-1.0968960952224593
1241,-0.8984248330569573,-1.049548106429412
1242,-0.8835624373377897,-1.015188946428623
1243,-0.8199213834433026,-0.9282910002189995
1244,-0.8312624388848813,-0.9065056983020329
1245,-0.7624714202238136,-0.8917582229124519
1246,-0.7106162886070102,-0.9266249855473714
1247,-0.6568084228091493,-0.8984248330569573
1248,-0.6225695140609095,-0.8835624373377897
1249,-0.5152719551434611,-0.8199213834433026
1250,-0.4750824954934631,-0.8312624388848813
1251,-0.4235991027031995,-0.7624714202238136
1252,-0.3158061519899597,-0.7106162886070102
1253,-0.2834419834794672,-0.6568084228091493
1254,-0.24237056214836303,-0.6225695140609095
1255,-0.14823716364359765,-0.5152719551434611
1256,-0.06868264806730634,-0.4750824954934631
1257,-0.022133454714483136,-0.4235991027031995
1258,-0.039249790610382085,-0.3158061519899597
1259,0.034225827011860166,-0.2834419834794672
1260,0.10623426989456608,-0.24237056214836303
1261,0.11377389001094146,-0.14823716364359765
1262,0.16569041576713694,-0.06868264806730634
1263,0.21876927189338513,-0.022133454714483136
1264,0.24698704843019614,-0.039249790610382085
1265,0.2983343907022192,0.034225827011860166
1266,0.29684942959826394,0.10623426989456608
1267,0.32303263196177323,0.11377389001094146
1268,0.38475540296750316,0.16569041576713694
1269,0.43767108724475773,0.21876927189338513
1270,0.4216901386098787,0.24698704843019614
1271,0.40045152057404365,0.2983343907022192
1272,0.4541658722804727,0.29684942959826394
1273,0.5358800776687684,0.32303263196177323
1274,0.6006051918158775,0.38475540296750316
1275,0.6101390671528564,0.43767108724475773
1276,0.5754956122351214,0.4216901386098787
1277,0.5764312373921421,0.40045152057404365
1278,0.616971674551426,0.4541658722804727
1279,0.63586136242357,0.5358800776687684
1280,0.6381319596223747,0.6006051918158775
1281,0.5866232693315079,0.6101390671528564
1282,0.5869555681349858,0.5754956122351214
1283,0.48315791407150677,0.5764312373921421
1284,0.4903953446350623,0.616971674551426
1285,0.4806839020385748,0.63586136242357
1286,0.49158510980592607,0.6381319596223747
1287,0.5024035829622516,0.5866232693315079
1288,0.5245954882844235,0.5869555681349858
1289,0.4942139551040779,0.48315791407150677
1290,0.4339738557584002,0.4903953446350623
1291,0.4885848132833374,0.4806839020385748
1292,0.4686404344995896,0.49158510980592607
1293,0.4421911974091955,0.5024035829622516
1294,0.4610637880702216,0.5245954882844235
1295,0.4602784800057078,0.4942139551040779
1296,0.4341263043686934,0.4339738557584002
1297,0.3720698999102799,0.4885848132833374
1298,0.34030410554561424,0.4686404344995896
1299,0.2706700728774477,0.4421911974091955
1300,0.246290447193309,0.4610637880702216
1301,0.186941807646739,0.4602784800057078
1302,0.11680440164746214,0.4341263043686934
1303,0.09401143331385686,0.3720698999102799
1304,0.01224270161458435,0.34030410554561424
1305,-0.03711922987126082,0.2706700728774477
1306,-0.13322093566483134,0.246290447193309
1307,-0.11226243552899817,0.186941807646739
1308,-0.13493519713619367,0.11680440164746214
1309,-0.167875333508991,0.09401143331385686
1310,-0.24432983442751452,0.01224270161458435
1311,-0.29426724079874034,-0.03711922987126082
1312,-0.35397627105886864,-0.13322093566483134
1313,-0.4136012566097163,-0.11226243552899817
1314,-0.42414124534299097,-0.13493519713619367
1315,-0.42030882344402115,-0.167875333508991
1316,-0.4861844940726261,-0.24432983442751452
1317,-0.5836416909942553,-0.29426724079874034
1318,-0.6411700999620856,-0.35397627105886864
1319,-0.6477162272995715,-0.4136012566097163
1320,-0.6286448550086245,-0.42414124534299097
1321,-0.6617459912857556,-0.42030882344402115
1322,-0.7032564700476249,-0.4861844940726261
1323,-0.8036457900295166,-0.5836416909942553
1324,-0.8772827661903149,-0.6411700999620856
1325,-0.948818714717426,-0.6477162272995715
1326,-1.0040793253406273,-0.6286448550086245
1327,-1.0482297653065251,-0.6617459912857556
1328,-1.0436291717650925,-0.7032564700476249
1329,-1.063075979714289,-0.8036457900295166
1330,-1.0751038300914257,-0.8772827661903149
1331,-1.1223923711018287,-0.948818714717426
1332,-1.1469191970202433,-1.0040793253406273
1333,-1.1650182109796208,-1.0482297653065251
1334,-1.1901604750683148,-1.0436291717650925
1335,-1.233690066791104,-1.063075979714289
1336,-1.245734264893637,-1.0751038300914257
1337,-1.268945886656987,-1.1223923711018287
1338,-1.2615477039256202,-1.1469191970202433
1339,-1.2662488086838988,-1.1650182109796208
1340,-1.27215333903141,-1.1901604750683148
1341,-1.2805999059171267,-1.233690066791104
1342,-1.2896322858754516,-1.245734264893637
1343,-1.2466126056431317,-1.268945886656987
1344,-1.2391084604790914,-1.2615477039256202
1345,-1.2205355840124914,-1.2662488086838988
1346,-1.2196304337085153,-1.27215333903141
1347,-1.2163249834346606,-1.2805999059171267
1348,-1.1891296146768964,-1.2896322858754516
1349,-1.146667380516174,-1.2466126056431317
1350,-1.121156504344137,-1.2391084604790914
1351,-1.100449599299057,-1.2205355840124914
1352,-1.0539304975360257,-1.2196304337085153
1353,-1.0083553297488772,-1.2163249834346606
1354,-0.9570395023102294,-1.1891296146768964
1355,-0.9516031493249033,-1.146667380516174
1356,-0.9746932262257766,-1.121156504344137
1357,-0.9321550525159191,-1.100449599299057
1358,-0.9064799338785599,-1.0539304975360257
1359,-0.8909546896662953,-1.0083553297488772
1360,-0.867325008475951,-0.9570395023102294
1361,-0.8332398714336536,-0.9516031493249033
1362,-0.827890205114001,-0.9746932262257766
1363,-0.8201257280737925,-0.9321550525159191
1364,-0.8206005203309279,-0.9064799338785599
1365,-0.7714413102387456,-0.8909546896662953
1366,-0.7620441935353159,-0.867325008475951
1367,-0.7545203597874262,-0.8332398714336536
1368,-0.6995286196169637,-0.827890205114001
1369,-0.6393729883415231,-0.8201257280737925
1370,-0.6000162141893952,-0.8206005203309279
1371,-0.5389947487239013,-0.7714413102387456
1372,-0.4518402151759319,-0.7620441935353159
1373,-0.4425986056651544,-0.7545203597874262
1374,-0.34632326558825216,-0.6995286196169637
1375,-0.31952155396716986,-0.6393729883415231
1376,-0.2877431061764659,-0.6000162141893952
1377,-0.1751699703665766,-0.5389947487239013
1378,-0.13109109373111483,-0.4518402151759319
1379,-0.05154092307021302,-0.4425986056651544
1380,0.03637257286413553,-0.34632326558825216
1381,0.05323210285862032,-0.31952155396716986
1382,0.0837365225835561,-0.2877431061764659
1383,0.13439749035350176,-0.1751699703665766
1384,0.19989770507506224,-0.13109109373111483
1385,0.299499717251055,-0.05154092307021302
1386,0.38442975258179196,0.03637257286413553
1387,0.4423073771868724,0.05323210285862032
1388,0.45261443695807624,0.0837365225835561
1389,0.5492381902392784,0.13439749035350176
1390,0.6037332570432258,0.19989770507506224
1391,0.6324675432368417,0.299499717251055
1392,0.702389515024604,0.38442975258179196
1393,0.7256995556546988,0.4423073771868724
1394,0.7446662168975179,0.45261443695807624
1395,0.7442763060371312,0.5492381902392784
1396,0.7876623680129722,0.6037332570432258
1397,0.8281694560902836,0.6324675432368417
1398,0.8144303244154771,0.702389515024604
1399,0.888175328043325,0.7256995556546988
1400,0.9561378893702377,0.7446662168975179
1401,0.9611397697201114,0.7442763060371312
1402,1.0194524632191366,0.7876623680129722
1403,1.0501744319025332,0.8281694560902836
1404,1.042799570742829,0.8144303244154771
1405,1.0542559831604772,0.888175328043325
1406,1.0210551866290587,0.9561378893702377
1407,1.0446374688561237,0.9611397697201114
1408,1.029244863997136,1.0194524632191366
1409,0.9580596508354128,1.0501744319025332
1410,0.9248930336771457,1.042799570742829
1411,0.9079627993598846,1.0542559831604772
1412,0.9428585218481251,1.0210551866290587
1413,0.8805035292194968,1.0446374688561237
1414,0.8673681004014736,1.029244863997136
1415,0.8495512729322735,0.9580596508354128
1416,0.8590054441783679,0.9248930336771457
1417,0.778659154993645,0.9079627993598846
1418,0.7185575081888059,0.9428585218481251
1419,0.7157817778883604,0.8805035292194968
1420,0.7005151143541346,0.8673681004014736
1421,0.6854974461128418,0.8495512729322735
1422,0.6352937713074908,0.8590054441783679
1423,0.6131657845650753,0.778659154993645
1424,0.6161122709071586,0.7185575081888059
1425,0.5909172127630725,0.7157817778883604
1426,0.5071337890373941,0.7005151143541346
1427,0.5289006605460712,0.6854974461128418
1428,0.49994555345201164,0.6352937713074908
1429,0.4303282085593369,0.6131657845650753
1430,0.3461433256727148,0.6161122709071586
1431,0.3537588776655755,0.5909172127630725
1432,0.33055699946025474,0.5071337890373941
1433,0.3225582202971241,0.5289006605460712
1434,0.27252973443027495,0.49994555345201164
1435,0.16411991050905178,0.4303282085593369
1436,0.08741774404445378,0.3461433256727148
1437,0.05157239816493762,0.3537588776655755
1438,-0.03999371262825947,0.33055699946025474
1439,-0.1057419947966444,0.3225582202971241
1440,-0.18609278051725364,0.27252973443027495
1441,-0.24714238320759147,0.16411991050905178
1442,-0.3059413570012164,0.08741774404445378
1443,-0.37789322829591265,0.05157239816493762
1444,-0.4025626574036626,-0.03999371262825947
1445,-0.40257927871571575,-0.1057419947966444
1446,-0.48637979147516563,-0.18609278051725364
1447,-0.49746476755177294,-0.24714238320759147
1448,-0.5728819141797343,-0.3059413570012164
1449,-0.6463809252531691,-0.37789322829591265
1450,-0.6389131541937638,-0.4025626574036626
1451,-0.7406436800030758,-0.40257927871571575
1452,-0.8217413061118488,-0.48637979147516563
1453,-0.8114105734634853,-0.49746476755177294
1454,-0.8657205463881964,-0.5728819141797343
1455,-0.8593037549381219,-0.6463809252531691
1456,-0.8446859906321655,-0.6389131541937638
1457,-0.8809980016621693,-0.7406436800030758
1458,-0.86922491656037,-0.8217413061118488
1459,-0.8803617944001492,-0.8114105734634853
