,sinus,noisy_sin_missing_values
0,0.0,0.0
1,0.479425538604203,0.479425538604203
2,0.8414709848078965,
3,0.9974949866040544,
4,0.9092974268256817,0.9092974268256817
5,0.5984721441039564,0.5984721441039564
6,0.1411200080598672,0.1411200080598672
7,-0.35078322768961984,-0.35078322768961984
8,-0.7568024953079282,-0.7568024953079282
9,-0.977530117665097,
10,-0.9589242746631385,-0.9589242746631385
11,-0.7055403255703919,-0.7055403255703919
12,-0.27941549819892586,-0.27941549819892586
13,0.21511998808781552,0.21511998808781552
14,0.6569865987187891,0.6569865987187891
15,0.9379999767747389,
16,0.9893582466233818,
17,0.7984871126234903,0.7984871126234903
18,0.4121184852417566,
19,-0.0751511204618093,-0.0751511204618093
20,-0.5440211108893698,
21,-0.87969575997167,-0.87969575997167
22,-0.9999902065507035,-0.9999902065507035
23,-0.8754521746884285,-0.8754521746884285
24,-0.5365729180004349,-0.5365729180004349
25,-0.06632189735120068,-0.06632189735120068
26,0.4201670368266409,0.4201670368266409
27,0.803784426551621,0.803784426551621
28,0.9906073556948704,0.9906073556948704
29,0.934895055524683,
30,0.6502878401571168,0.6502878401571168
31,0.2064674819377966,0.2064674819377966
32,-0.2879033166650653,-0.2879033166650653
33,-0.711785342369123,-0.711785342369123
34,-0.9613974918795568,-0.9613974918795568
35,-0.9756260054681576,-0.9756260054681576
36,-0.7509872467716762,-0.7509872467716762
37,-0.34248061846961253,-0.34248061846961253
38,0.14987720966295234,0.14987720966295234
39,0.605539869719601,0.605539869719601
40,0.9129452507276277,
41,0.9968297942787993,0.9968297942787993
42,0.8366556385360561,0.8366556385360561
43,0.47163900309419615,0.47163900309419615
44,-0.008851309290403876,-0.008851309290403876
45,-0.4871745124605095,-0.4871745124605095
46,-0.8462204041751706,-0.8462204041751706
47,-0.9980820279793963,-0.9980820279793963
48,-0.9055783620066238,-0.9055783620066238
49,-0.5913575298651244,
50,-0.13235175009777303,-0.13235175009777303
51,0.3590583540221683,0.3590583540221683
52,0.7625584504796027,0.7625584504796027
53,0.979357643103917,0.979357643103917
54,0.956375928404503,
55,0.6992400316550977,0.6992400316550977
56,0.27090578830786904,0.27090578830786904
57,-0.22375564018679642,
58,-0.6636338842129675,-0.6636338842129675
59,-0.9410314083429535,-0.9410314083429535
60,-0.9880316240928618,-0.9880316240928618
61,-0.7931272394572851,-0.7931272394572851
62,-0.404037645323065,-0.404037645323065
63,0.08397445569174683,0.08397445569174683
64,0.5514266812416906,
65,0.8838704235458307,
66,0.9999118601072672,0.9999118601072672
67,0.8711400001691764,
68,0.5290826861200238,0.5290826861200238
69,0.057487478104924564,0.057487478104924564
70,-0.428182669496151,-0.428182669496151
71,-0.8090187662119065,
72,-0.9917788534431158,-0.9917788534431158
73,-0.9317168878547055,
74,-0.6435381333569995,-0.6435381333569995
75,-0.19779879963646227,-0.19779879963646227
76,0.2963685787093853,0.2963685787093853
77,0.7179745927716441,0.7179745927716441
78,0.9637953862840878,
79,0.9736454556949781,0.9736454556949781
80,0.7451131604793488,0.7451131604793488
81,0.33415117684842055,0.33415117684842055
82,-0.158622668804709,
83,-0.6125601529754698,-0.6125601529754698
84,-0.9165215479156338,-0.9165215479156338
85,-0.996086503119594,-0.996086503119594
86,-0.8317747426285983,-0.8317747426285983
87,-0.46381551598382736,
88,0.017701925105413577,0.017701925105413577
89,0.4948853175526281,
90,0.8509035245341184,
91,0.9985908724117705,0.9985908724117705
92,0.9017883476488092,
93,0.5841965844132856,0.5841965844132856
94,0.123573122745224,0.123573122745224
95,-0.36730534913419133,
96,-0.7682546613236668,-0.7682546613236668
97,-0.981108438603097,-0.981108438603097
98,-0.9537526527594719,-0.9537526527594719
99,-0.6928849542336957,
100,-0.26237485370392877,
101,0.23237376165548454,
102,0.6702291758433747,
103,0.9439891127251193,0.9439891127251193
104,0.9866275920404853,0.9866275920404853
105,0.7877052269841179,
106,0.39592515018183416,0.39592515018183416
107,-0.09279121175730869,-0.09279121175730869
108,-0.5587890488516163,-0.5587890488516163
109,-0.8879758383376634,-0.8879758383376634
110,-0.9997551733586199,-0.9997551733586199
111,-0.8667595742607592,-0.8667595742607592
112,-0.5215510020869119,-0.5215510020869119
113,-0.04864855487508726,-0.04864855487508726
114,0.43616475524782494,0.43616475524782494
115,0.8141897215084345,0.8141897215084345
116,0.9928726480845371,0.9928726480845371
117,0.9284657227653786,0.9284657227653786
118,0.6367380071391379,0.6367380071391379
119,0.18911462035089152,0.18911462035089152
120,-0.3048106211022167,-0.3048106211022167
121,-0.7241075918674496,-0.7241075918674496
122,-0.9661177700083929,
123,-0.9715886235161092,-0.9715886235161092
124,-0.7391806966492228,
125,-0.32579555541456173,-0.32579555541456173
126,0.16735570030280691,0.16735570030280691
127,0.6195324438519512,0.6195324438519512
128,0.9200260381967907,
129,0.9952651713612277,0.9952651713612277
130,0.8268286794901034,0.8268286794901034
131,0.45595569022148996,0.45595569022148996
132,-0.026551154023966794,-0.026551154023966794
133,-0.5025573497604873,-0.5025573497604873
134,-0.8555199789753223,-0.8555199789753223
135,-0.999021480034635,
136,-0.8979276806892913,-0.8979276806892913
137,-0.5769898687885426,-0.5769898687885426
138,-0.11478481378318722,-0.11478481378318722
139,0.375523566896625,0.375523566896625
140,0.7738906815578891,0.7738906815578891
141,0.9827823669926928,
142,0.9510546532543747,0.9510546532543747
143,0.6864755912087755,0.6864755912087755
144,0.25382336276203626,0.25382336276203626
145,-0.2409736772881011,-0.2409736772881011
146,-0.6767719568873076,-0.6767719568873076
147,-0.9468728581933475,-0.9468728581933475
148,-0.9851462604682474,-0.9851462604682474
149,-0.7822215000035424,-0.7822215000035424
150,-0.38778163540943045,-0.38778163540943045
151,0.1016006978902495,0.1016006978902495
152,0.5661076368981803,0.5661076368981803
153,0.8920116826993705,0.8920116826993705
154,0.9995201585807313,0.9995201585807313
155,0.862311240157329,0.862311240157329
156,0.5139784559875352,0.5139784559875352
157,0.039805820166669656,
158,-0.4441126687075084,-0.4441126687075084
159,-0.8192968873112808,-0.8192968873112808
160,-0.9938886539233752,-0.9938886539233752
161,-0.9251418149764185,-0.9251418149764185
162,-0.6298879942744539,-0.6298879942744539
163,-0.1804156244623088,-0.1804156244623088
164,0.31322878243308516,
165,0.730183859153167,0.730183859153167
166,0.9683644611001854,0.9683644611001854
167,0.9694556700786149,0.9694556700786149
168,0.7331903200732922,0.7331903200732922
169,0.31741440880766936,0.31741440880766936
170,-0.1760756199485871,-0.1760756199485871
171,-0.6264561960895026,-0.6264561960895026
172,-0.9234584470040598,-0.9234584470040598
173,-0.9943658633527529,-0.9943658633527529
174,-0.8218178366308225,
175,-0.44806014160260915,-0.44806014160260915
176,0.03539830273366068,0.03539830273366068
177,0.5101900080017631,0.5101900080017631
178,0.8600694058124532,0.8600694058124532
179,0.9993738171110836,0.9993738171110836
180,0.8939966636005579,0.8939966636005579
181,0.5697379476169631,0.5697379476169631
182,0.10598751175115685,0.10598751175115685
183,-0.38371236343503057,-0.38371236343503057
184,-0.7794660696158047,-0.7794660696158047
185,-0.9843792971250844,-0.9843792971250844
186,-0.9482821412699473,-0.9482821412699473
187,-0.6800124447360528,-0.6800124447360528
188,-0.24525198546765434,-0.24525198546765434
189,0.24955471330524379,0.24955471330524379
190,0.683261714736121,0.683261714736121
191,0.9496824188142243,0.9496824188142243
192,0.9835877454343449,0.9835877454343449
193,0.7766764881502718,0.7766764881502718
194,0.3796077390275217,
195,-0.11040222389190282,-0.11040222389190282
196,-0.5733818719904229,-0.5733818719904229
197,-0.8959776404338033,
198,-0.9992068341863537,-0.9992068341863537
199,-0.857795346373455,-0.857795346373455
200,-0.5063656411097588,-0.5063656411097588
201,-0.030959966783271346,
202,0.45202578717835057,
203,0.82433986348825,
204,0.9948267913584063,0.9948267913584063
205,0.9217454249067293,0.9217454249067293
206,0.6229886314423488,0.6229886314423488
207,0.17170249351277814,0.17170249351277814
208,-0.32162240316253093,-0.32162240316253093
209,-0.7362029185702026,-0.7362029185702026
210,-0.9705352835374847,-0.9705352835374847
211,-0.9672467624934477,-0.9672467624934477
212,-0.7271425000808526,-0.7271425000808526
213,-0.30900839366720273,-0.30900839366720273
214,0.18478174456066745,0.18478174456066745
215,0.6333308672314487,
216,0.926818505417785,0.926818505417785
217,0.9933886495524434,0.9933886495524434
218,0.8167426066363169,0.8167426066363169
219,0.44012948872139646,0.44012948872139646
220,-0.044242678085070965,-0.044242678085070965
221,-0.5177826942789717,-0.5177826942789717
222,-0.8645514486106083,-0.8645514486106083
223,-0.9996478560364893,-0.9996478560364893
224,-0.8899956043668333,-0.8899956043668333
225,-0.562441389066343,-0.562441389066343
226,-0.09718190589320902,-0.09718190589320902
227,0.39187109718004004,0.39187109718004004
228,0.7849803886813105,0.7849803886813105
229,0.98589910388525,0.98589910388525
230,0.9454353340247703,
231,0.6734960211850264,0.6734960211850264
232,0.23666139336428604,0.23666139336428604
233,-0.2581161974066756,-0.2581161974066756
234,-0.689697940935389,-0.689697940935389
235,-0.9524175744665119,-0.9524175744665119
236,-0.9819521690440836,
237,-0.7710706258605184,-0.7710706258605184
238,-0.3714041014380902,-0.3714041014380902
239,0.11919510018725629,
240,0.5806111842123143,0.5806111842123143
241,0.8998734008192355,
242,0.9988152247235795,
243,0.8532122467168191,0.8532122467168191
244,0.4987131538963941,0.4987131538963941
245,0.0221116877728314,
246,-0.45990349068959124,-0.45990349068959124
247,-0.8293182549362247,-0.8293182549362247
248,-0.9956869868891794,-0.9956869868891794
249,-0.9182768186539993,-0.9182768186539993
250,-0.6160404591886565,-0.6160404591886565
251,-0.1629759101518061,-0.1629759101518061
252,0.329990825673782,
253,0.7421642985420401,0.7421642985420401
254,0.972630067242408,
255,0.9649620738223555,
256,0.7210377105017316,
257,0.3005781685810014,0.3005781685810014
258,-0.19347339203846847,-0.19347339203846847
259,-0.6401559186664806,-0.6401559186664806
260,-0.9301059501867618,-0.9301059501867618
261,-0.992333606522275,-0.992333606522275
262,-0.8116033871367005,-0.8116033871367005
263,-0.4321643529223842,-0.4321643529223842
264,0.05308358714605824,0.05308358714605824
265,0.5253348137263215,0.5253348137263215
266,0.8689657562142357,0.8689657562142357
267,0.9998435753406666,0.9998435753406666
268,0.8859248164599484,
269,0.5551007648016929,0.5551007648016929
270,0.08836868610400143,0.08836868610400143
271,-0.3999991289176214,-0.3999991289176214
272,-0.7904332067228887,-0.7904332067228887
273,-0.9873416682005692,-0.9873416682005692
274,-0.9425144545582509,-0.9425144545582509
275,-0.6669268310993051,-0.6669268310993051
276,-0.2280522595008612,-0.2280522595008612
277,0.2666574588239974,0.2666574588239974
278,0.6960801312247415,0.6960801312247415
279,0.9550781108583937,0.9550781108583937
280,0.9802396594403116,
281,0.7654043523379563,0.7654043523379563
282,0.363171365373259,0.363171365373259
283,-0.12797863787897792,-0.12797863787897792
284,-0.5877950071674065,-0.5877950071674065
285,-0.9036986586337072,
286,-0.9983453608739179,-0.9983453608739179
287,-0.8485623002604958,-0.8485623002604958
288,-0.49102159389846933,-0.49102159389846933
289,-0.013261676373330016,-0.013261676373330016
290,0.4677451620451334,0.4677451620451334
291,0.8342316716121213,0.8342316716121213
292,0.9964691731217737,0.9964691731217737
293,0.9147362679738538,
294,0.6090440218832924,0.6090440218832924
295,0.15423655808285816,0.15423655808285816
296,-0.3383333943242765,-0.3383333943242765
297,-0.7480675320111867,-0.7480675320111867
298,-0.9746486480944947,-0.9746486480944947
299,-0.9626017830643233,-0.9626017830643233
