,noisy_sin,noisy_sin_missing_values
0,0.0,0.0
1,0.06435755693818826,0.06435755693818826
2,0.30902670214028216,0.30902670214028216
3,0.42657733905256473,0.42657733905256473
4,0.49416690416256054,0.49416690416256054
5,0.4948902234699293,0.4948902234699293
6,0.6114993820677908,
7,0.7030310891016012,0.7030310891016012
8,0.4110702433650438,0.4110702433650438
9,0.9652149884871556,0.9652149884871556
10,0.5720060530951343,0.5720060530951343
11,0.9985929215556222,
12,0.8768216449877764,0.8768216449877764
13,0.8506759438842175,0.8506759438842175
14,1.0097946032409086,1.0097946032409086
15,0.6942359078888267,0.6942359078888267
16,1.0806401743351064,1.0806401743351064
17,1.1802201831963903,1.1802201831963903
18,1.0156615760928034,
19,0.9611710507700583,0.9611710507700583
20,1.104388948199979,1.104388948199979
21,0.5491266688249059,0.5491266688249059
22,0.6579432484241208,0.6579432484241208
23,0.90105876036361,0.90105876036361
24,0.5908922140819322,0.5908922140819322
25,0.5712395225175371,0.5712395225175371
26,0.3254551923318062,0.3254551923318062
27,0.409992734586116,0.409992734586116
28,0.4051494631633583,0.4051494631633583
29,0.3756622153113195,0.3756622153113195
30,0.1715680957842378,0.1715680957842378
31,0.18249464188950953,0.18249464188950953
32,-0.16120397543518544,-0.16120397543518544
33,-0.040370145937574875,-0.040370145937574875
34,-0.20530885153249287,
35,-0.3355656309679493,-0.3355656309679493
36,-0.515010550593957,-0.515010550593957
37,-0.3227433540845259,-0.3227433540845259
38,-0.7027324821035561,-0.7027324821035561
39,-0.9129232318692985,
40,-0.8858692223879041,-0.8858692223879041
41,-0.8137444046413601,-0.8137444046413601
42,-0.7711667458752951,-0.7711667458752951
43,-0.9798674058799837,-0.9798674058799837
44,-0.8213821600171433,
45,-0.743624341843427,-0.743624341843427
46,-1.2366820954419946,-1.2366820954419946
47,-1.0211369607465453,-1.0211369607465453
48,-0.9996703394408711,
49,-0.8950865195169617,-0.8950865195169617
50,-1.0779456536316596,-1.0779456536316596
51,-0.8102802727400323,-0.8102802727400323
52,-0.9158349016915839,-0.9158349016915839
53,-0.5192491472432427,-0.5192491472432427
54,-0.9854206975741678,-0.9854206975741678
55,-0.6228810695894051,-0.6228810695894051
56,-0.8078580621138559,-0.8078580621138559
57,-0.6395924287482411,-0.6395924287482411
58,-0.34084748357719197,-0.34084748357719197
59,-0.2795087937395893,-0.2795087937395893
60,-0.37798484085920575,-0.37798484085920575
61,-0.34365195066076587,-0.34365195066076587
62,-0.21944621815275617,-0.21944621815275617
63,0.04533598758253124,0.04533598758253124
64,0.06226728197202697,
65,0.2507191332300077,0.2507191332300077
66,0.3069679173253711,0.3069679173253711
67,0.35794532657816086,
68,0.4683622258503476,0.4683622258503476
69,0.5138207339192671,0.5138207339192671
70,0.6133262825787029,0.6133262825787029
71,0.9778154300255747,
72,0.8179301375780262,0.8179301375780262
73,0.761397057823982,0.761397057823982
74,1.0087249893637655,1.0087249893637655
75,1.1582629757070073,1.1582629757070073
76,0.8790038863052849,0.8790038863052849
77,0.9321796736347189,
78,0.9184514965193074,0.9184514965193074
79,0.8819173135186861,0.8819173135186861
80,0.9866968825727802,0.9866968825727802
81,1.0457175577032327,1.0457175577032327
82,0.7452603484031473,0.7452603484031473
83,0.7712929720352705,0.7712929720352705
84,0.9162375190358679,0.9162375190358679
85,0.751414972583905,0.751414972583905
86,0.7025352747188435,0.7025352747188435
87,0.6008627297209983,0.6008627297209983
88,0.8459557073093564,0.8459557073093564
89,0.053458009868952217,
90,0.3013925159803454,
91,0.4136677069227177,0.4136677069227177
92,0.06608800079338725,0.06608800079338725
93,0.0903945939803999,0.0903945939803999
94,0.2787506099693393,0.2787506099693393
95,0.17561644054669304,0.17561644054669304
96,-0.08679131035367678,-0.08679131035367678
97,-0.267303702114538,-0.267303702114538
98,-0.41539762621205384,-0.41539762621205384
99,-0.6328144357435964,
100,-0.5555318074110853,-0.5555318074110853
101,-0.5249762669684985,-0.5249762669684985
102,-0.8318579726617628,-0.8318579726617628
103,-0.5066235354383115,-0.5066235354383115
104,-0.8889900364425825,-0.8889900364425825
105,-0.9671395794756262,
106,-0.9516348903424614,-0.9516348903424614
107,-0.9164074785183686,-0.9164074785183686
108,-1.014635276766243,-1.014635276766243
109,-1.1629887411451374,-1.1629887411451374
110,-1.0064538087180508,-1.0064538087180508
111,-0.958232758995108,-0.958232758995108
112,-0.9754800034060551,
113,-1.1551318134871107,-1.1551318134871107
114,-1.0523146011559632,-1.0523146011559632
115,-0.9816975532006771,-0.9816975532006771
116,-0.7613685643333279,-0.7613685643333279
117,-0.7744874039490722,
118,-0.6449588180515183,-0.6449588180515183
119,-0.6305378695256408,
120,-0.6292612194231347,-0.6292612194231347
121,-0.42852165355595645,-0.42852165355595645
122,-0.4645658069836154,-0.4645658069836154
123,-0.352052741371532,-0.352052741371532
124,-0.1758902051549429,-0.1758902051549429
125,-0.033298603803234995,
126,0.0721219873790617,
127,-0.03913235097251458,-0.03913235097251458
128,0.15894982013734715,0.15894982013734715
129,0.5806810730231123,0.5806810730231123
130,0.36442383335544143,0.36442383335544143
131,0.4473825523471301,0.4473825523471301
132,0.3647449030805624,0.3647449030805624
133,0.3279788488783646,
134,0.6903900684335859,0.6903900684335859
135,0.8910267768219108,0.8910267768219108
136,1.1118126382201612,1.1118126382201612
137,0.877310217749349,0.877310217749349
138,0.8923554287615235,0.8923554287615235
139,1.019588440871236,
140,1.1120322555336992,1.1120322555336992
141,0.7350796944575109,0.7350796944575109
142,1.0567823508521321,1.0567823508521321
143,1.0306472390057106,1.0306472390057106
144,0.7457068660887967,0.7457068660887967
145,0.8918407026870306,0.8918407026870306
146,0.8014058543839987,
147,0.6227375023582631,0.6227375023582631
148,0.7787580783839426,0.7787580783839426
149,0.969086656860715,0.969086656860715
150,0.5779910720035195,0.5779910720035195
151,0.8088636682637207,0.8088636682637207
152,0.372264756865129,0.372264756865129
153,0.3125606322169838,0.3125606322169838
154,0.6421762466912193,0.6421762466912193
155,0.4318263571622898,0.4318263571622898
156,-0.13091511966985447,-0.13091511966985447
157,-0.04111636690049763,-0.04111636690049763
158,-0.23655115520396625,-0.23655115520396625
159,-0.3134006530200428,-0.3134006530200428
160,-0.4730031778230469,-0.4730031778230469
161,-0.27237999902520055,-0.27237999902520055
162,-0.37384625822552375,-0.37384625822552375
163,-0.42823402322850906,-0.42823402322850906
164,-0.7591888689240098,-0.7591888689240098
165,-0.698880561512266,-0.698880561512266
166,-0.6850010968758634,-0.6850010968758634
167,-0.9462234189663685,-0.9462234189663685
168,-0.9304685553713922,-0.9304685553713922
169,-0.8294334190269207,
170,-0.6448109561859483,-0.6448109561859483
171,-1.055685711176133,-1.055685711176133
172,-1.0981028279992133,-1.0981028279992133
173,-0.8285019278296973,-0.8285019278296973
174,-1.0690344830660339,-1.0690344830660339
175,-1.0586451537198278,-1.0586451537198278
176,-1.275402057876319,-1.275402057876319
177,-0.8195137201537521,-0.8195137201537521
178,-0.6764962274185665,-0.6764962274185665
179,-0.6700373865010982,-0.6700373865010982
180,-0.940836656695567,
181,-0.6925108782202704,-0.6925108782202704
182,-0.5337205714220087,-0.5337205714220087
183,-0.18101146116905026,-0.18101146116905026
184,-0.34536110241185947,-0.34536110241185947
185,-0.5171143026269158,-0.5171143026269158
186,-0.05520730911907942,-0.05520730911907942
187,-0.2513088225719588,-0.2513088225719588
188,-0.04173966523348226,-0.04173966523348226
189,-0.0573011252048542,-0.0573011252048542
190,0.14943118483477602,0.14943118483477602
191,0.047024273434548985,
192,0.23591418665428282,0.23591418665428282
193,0.35988572268003594,0.35988572268003594
194,0.5659727211877744,0.5659727211877744
195,0.5238716378554882,0.5238716378554882
196,0.792496976306985,0.792496976306985
197,0.610307173641949,0.610307173641949
198,0.9269798715930704,0.9269798715930704
199,0.6572944989546112,0.6572944989546112
200,0.9488152978997222,0.9488152978997222
201,1.0668220858719832,1.0668220858719832
202,1.358644821182916,1.358644821182916
203,0.9472120223964496,
204,0.8996446570571582,0.8996446570571582
205,0.873697811371512,0.873697811371512
206,0.9489022896282909,0.9489022896282909
207,1.0648552690627002,1.0648552690627002
208,0.6785394075158158,0.6785394075158158
209,0.842855795154441,0.842855795154441
210,0.4476363338972255,0.4476363338972255
211,0.7360508493083381,0.7360508493083381
212,0.7190191434585724,0.7190191434585724
213,0.8183034682802126,0.8183034682802126
214,0.5553784916912419,0.5553784916912419
215,0.45356004309343084,0.45356004309343084
216,0.2062257991588258,0.2062257991588258
217,0.4125339861688842,0.4125339861688842
218,0.03241852737728876,0.03241852737728876
219,0.22315601066598095,0.22315601066598095
220,-0.1941261544733256,-0.1941261544733256
221,-0.2610428884658535,-0.2610428884658535
222,-0.23780454426866565,
223,-0.24805086783376334,-0.24805086783376334
224,0.07625417271104612,0.07625417271104612
225,-0.6369109277781173,-0.6369109277781173
226,-0.534813620355137,-0.534813620355137
227,-0.7700719067269284,-0.7700719067269284
228,-0.7208022048902533,
229,-0.7011420403157509,-0.7011420403157509
230,-0.8027319497399118,-0.8027319497399118
231,-0.976862080995964,-0.976862080995964
232,-0.9427570623087117,-0.9427570623087117
233,-1.0845893837270397,-1.0845893837270397
234,-0.9204368683541824,-0.9204368683541824
235,-1.1462133664902123,-1.1462133664902123
236,-1.0495619891738188,-1.0495619891738188
237,-0.8422236734983892,
238,-0.806126102332535,-0.806126102332535
239,-1.0488940342438495,-1.0488940342438495
240,-1.3787049134204867,-1.3787049134204867
241,-0.9968535233147633,-0.9968535233147633
242,-0.5597231831774083,-0.5597231831774083
243,-0.7090931629693499,-0.7090931629693499
244,-0.7754454309739225,-0.7754454309739225
245,-0.5066563602875964,
246,-0.7744962443257547,-0.7744962443257547
247,-0.36972387316339383,-0.36972387316339383
248,-0.20544278422107679,-0.20544278422107679
249,-0.1746966738025194,-0.1746966738025194
250,-0.21737473041213892,-0.21737473041213892
251,-0.10560701425860547,-0.10560701425860547
252,-0.07799707809378534,-0.07799707809378534
253,0.194265330028321,0.194265330028321
254,0.23617795703993444,0.23617795703993444
255,0.3368310950032824,0.3368310950032824
256,0.495940084129902,0.495940084129902
257,0.34469989125017464,0.34469989125017464
258,0.23401930597198894,0.23401930597198894
259,0.6678862384871073,0.6678862384871073
260,1.0365771587211159,1.0365771587211159
261,0.7065976032357183,0.7065976032357183
262,0.9826060130559323,0.9826060130559323
263,1.028967190053118,1.028967190053118
264,0.9528133467630208,
265,1.0314909566425436,1.0314909566425436
266,1.008058839209074,1.008058839209074
267,1.0736179318814725,1.0736179318814725
268,1.2298779466750247,
269,1.1683023751235173,1.1683023751235173
270,1.032759545133484,
271,0.714094196181545,
272,0.6611817806794815,0.6611817806794815
273,0.87755698861272,0.87755698861272
274,0.8241876893858576,
275,0.9606289631550071,0.9606289631550071
276,0.623931802330332,0.623931802330332
277,0.4012971825174123,0.4012971825174123
278,0.39940105650545366,0.39940105650545366
279,0.6724638707101226,0.6724638707101226
280,0.4773850810227064,0.4773850810227064
281,0.06581183162270847,0.06581183162270847
282,0.1343098997955343,0.1343098997955343
283,-0.1241795120060828,-0.1241795120060828
284,-0.15303865018110266,-0.15303865018110266
285,-0.30074496914977955,
286,-0.4679874250801771,-0.4679874250801771
287,-0.3361859622598662,-0.3361859622598662
288,-0.43020073229850203,-0.43020073229850203
289,-0.6392819014605574,-0.6392819014605574
290,-0.6742269452960944,-0.6742269452960944
291,-0.43020437434448483,-0.43020437434448483
292,-0.9049651096563078,-0.9049651096563078
293,-0.9689256304426372,-0.9689256304426372
294,-0.9889254131622596,-0.9889254131622596
295,-0.9366076051681547,-0.9366076051681547
296,-0.8575419578538548,
297,-1.0325311778837243,
298,-0.9218840816559148,
299,-0.8979442874226915,-0.8979442874226915
300,-1.1420962817543177,
301,-0.9714702476924009,-0.9714702476924009
302,-0.844753510239162,-0.844753510239162
303,-0.8261316420934564,-0.8261316420934564
304,-0.8792692425470598,-0.8792692425470598
305,-0.8284988298783081,-0.8284988298783081
306,-0.7027042854329795,-0.7027042854329795
307,-0.5238915141385544,-0.5238915141385544
308,-0.5767515890466011,
309,-0.37064503586705844,-0.37064503586705844
310,-0.43783906010346013,-0.43783906010346013
311,-0.35083508075107983,-0.35083508075107983
312,0.0474337380838481,0.0474337380838481
313,0.0908737154058845,0.0908737154058845
314,0.22639683886096773,0.22639683886096773
315,0.10250411725332294,
316,0.09987580321346272,0.09987580321346272
317,0.29346319177295,0.29346319177295
318,0.37985613956751735,0.37985613956751735
319,0.49847134483548156,0.49847134483548156
320,0.5400037444019019,0.5400037444019019
321,0.7630801269047626,
322,0.8927405443798436,
323,0.6305161205347665,0.6305161205347665
324,0.9292372752975078,0.9292372752975078
325,0.8235073024971202,0.8235073024971202
326,0.8478429588079407,0.8478429588079407
327,0.7695614730368652,0.7695614730368652
328,0.7263724445657526,
329,1.1571658407756398,1.1571658407756398
330,0.939572462453018,0.939572462453018
331,0.9005729867050473,0.9005729867050473
332,0.998082900878133,0.998082900878133
333,0.7256467588525114,0.7256467588525114
334,1.019116190666777,1.019116190666777
335,0.9042929707461883,
336,0.7977393111570721,0.7977393111570721
337,0.8022326716842744,
338,0.5938663965038166,0.5938663965038166
339,0.5473672669738476,0.5473672669738476
340,0.6183454592060397,
341,0.5708233826439216,
342,0.416002449609588,
343,0.472820123976609,0.472820123976609
344,0.11159013082372002,0.11159013082372002
345,0.1806983096340185,0.1806983096340185
346,-0.3180445514181245,-0.3180445514181245
347,-0.4706476962588287,-0.4706476962588287
348,-0.28279959272592886,-0.28279959272592886
349,-0.19053362080953776,-0.19053362080953776
350,-0.8078453004062122,-0.8078453004062122
351,-0.7519559681578426,
352,-0.3224075159739375,-0.3224075159739375
353,-0.5646664116371037,-0.5646664116371037
354,-0.7375609675555119,-0.7375609675555119
355,-0.7115298598674561,-0.7115298598674561
356,-0.9359699497018035,
357,-0.6374953261236482,
358,-1.0900576683271015,-1.0900576683271015
359,-1.0390051836886662,-1.0390051836886662
360,-0.8904629975053735,-0.8904629975053735
361,-0.8664824162876146,
362,-1.1214738440954366,-1.1214738440954366
363,-1.0391739542954008,-1.0391739542954008
364,-0.7084986186042828,
365,-0.8494447349461355,-0.8494447349461355
366,-0.7132702615010633,
367,-0.8297177451510409,-0.8297177451510409
368,-0.8738367297263282,-0.8738367297263282
369,-0.8047372791918659,-0.8047372791918659
370,-0.5683539100846831,-0.5683539100846831
371,-0.6772108940443463,-0.6772108940443463
372,-0.5975888685559991,-0.5975888685559991
373,-0.5311627153945186,-0.5311627153945186
374,-0.3835687315253121,
375,-0.35885775729776337,
376,-0.125973325244492,-0.125973325244492
377,-0.05971538666050486,-0.05971538666050486
378,-0.11087812825753249,-0.11087812825753249
379,0.24449647187305393,0.24449647187305393
380,0.4290316069937851,0.4290316069937851
381,0.33988914766360584,0.33988914766360584
382,0.3557726735593515,0.3557726735593515
383,0.688027254526346,
384,0.6517750033104532,
385,0.6402888582228873,
386,0.713859629307544,0.713859629307544
387,0.5164193914395823,0.5164193914395823
388,0.7909115801890189,0.7909115801890189
389,1.167783338338329,1.167783338338329
390,0.9352160426056857,0.9352160426056857
391,1.157006865613584,1.157006865613584
392,0.8741023707836155,
393,0.9859431534848329,0.9859431534848329
394,0.8974105448333463,0.8974105448333463
395,0.7335177506845214,
396,0.8706110977534097,0.8706110977534097
397,1.0010248706021323,1.0010248706021323
398,1.1628626357814351,1.1628626357814351
399,0.6292726964613111,0.6292726964613111
400,0.6473772591247208,
401,0.4252873967490302,
402,0.6246533973675842,0.6246533973675842
403,0.6261626527360507,0.6261626527360507
404,0.6908670091902094,0.6908670091902094
405,0.42294959572163193,0.42294959572163193
406,0.3168953462581843,0.3168953462581843
407,0.26600315802400615,0.26600315802400615
408,-0.029343244710448232,-0.029343244710448232
409,-0.15079097833519317,-0.15079097833519317
410,-0.12439672738319739,-0.12439672738319739
411,-0.03642985253220962,-0.03642985253220962
412,-0.3621167856367926,-0.3621167856367926
413,-0.5692454362921993,-0.5692454362921993
414,-0.4259734855863404,-0.4259734855863404
415,-0.9142815570212253,-0.9142815570212253
416,-0.6141074681861007,
417,-0.5320595993392414,-0.5320595993392414
418,-1.104328155799391,-1.104328155799391
419,-0.5482176999484711,-0.5482176999484711
420,-0.9656663418969633,-0.9656663418969633
421,-1.0331591304683674,-1.0331591304683674
422,-1.019895255382861,-1.019895255382861
423,-1.1946967590998245,
424,-0.8537889578409897,-0.8537889578409897
425,-1.0340005382181625,
426,-0.844988529527021,-0.844988529527021
427,-1.1265513940954108,
428,-0.9275301952463502,-0.9275301952463502
429,-0.8951551088006277,-0.8951551088006277
430,-0.6686024133749745,
431,-0.819399399851094,-0.819399399851094
432,-0.5790846852273857,-0.5790846852273857
433,-0.7551914633711292,
434,-0.8606468742419842,-0.8606468742419842
435,-0.5127829282983227,-0.5127829282983227
436,-0.4695480100923014,
437,-0.33235083502624935,-0.33235083502624935
438,-0.38056851933611413,-0.38056851933611413
439,-0.18523954178463187,-0.18523954178463187
440,-0.0707922295237857,
441,0.10948128223645677,0.10948128223645677
442,0.23780464799028544,0.23780464799028544
443,0.5233638508477134,0.5233638508477134
444,0.12054627871016782,
445,0.2893990836115442,0.2893990836115442
446,0.6161562994523666,0.6161562994523666
447,0.7504705144956981,
448,0.751166070744746,0.751166070744746
449,0.923157325257371,0.923157325257371
450,0.7805169157177744,
451,0.8810478705761736,0.8810478705761736
452,0.7371517715377407,0.7371517715377407
453,1.1524204151558224,1.1524204151558224
454,1.0268786373666416,1.0268786373666416
455,0.8206587829423547,0.8206587829423547
456,1.0310011280948372,
457,0.7123534034463678,0.7123534034463678
458,1.066025009714293,1.066025009714293
459,1.0700388022251546,1.0700388022251546
460,0.867638931984241,0.867638931984241
461,0.6417537857538375,0.6417537857538375
462,0.7988186608122172,0.7988186608122172
463,0.6529603160257647,0.6529603160257647
464,0.7849210854856643,0.7849210854856643
465,0.8218970102451784,0.8218970102451784
466,0.49376322065509054,
467,0.5647747001032376,
468,0.3264120625409398,0.3264120625409398
469,0.17431030945173032,
470,0.09070271021965864,
471,0.2031530677049793,0.2031530677049793
472,0.12584562365433294,0.12584562365433294
473,-0.037074831470992,-0.037074831470992
474,-0.4539569918977051,
475,-0.5603897122995791,
476,-0.8397502616237091,-0.8397502616237091
477,-0.5731904007507819,-0.5731904007507819
478,-0.6035372003224299,-0.6035372003224299
479,-0.6612671712924334,-0.6612671712924334
480,-0.666942314832079,-0.666942314832079
481,-0.7035516295786688,-0.7035516295786688
482,-1.0467024209888827,-1.0467024209888827
483,-0.6797414038104126,-0.6797414038104126
484,-1.1903662493281102,-1.1903662493281102
485,-0.9063272561401643,
486,-1.289169343377214,-1.289169343377214
487,-1.1051469700479672,-1.1051469700479672
488,-0.812355586689592,-0.812355586689592
489,-1.0912826173720869,
490,-0.9656258963651774,-0.9656258963651774
491,-0.8033600336181507,-0.8033600336181507
492,-0.787148950548698,-0.787148950548698
493,-0.6052551437309657,-0.6052551437309657
494,-0.9157484786451384,-0.9157484786451384
495,-0.7322539978367807,-0.7322539978367807
496,-0.609295987196476,-0.609295987196476
497,-0.771868774281068,-0.771868774281068
498,-0.5944123187596859,
499,-0.1871038469879352,-0.1871038469879352
500,-0.3526124951534534,-0.3526124951534534
501,-0.26318095033808886,-0.26318095033808886
502,-0.04325521770907548,-0.04325521770907548
503,0.07838419502961505,0.07838419502961505
504,0.41253372481423534,
505,0.4316508143055387,0.4316508143055387
506,0.2753009858001158,
507,0.34306539457390495,0.34306539457390495
508,0.5042983463730808,0.5042983463730808
509,0.6564595501713353,0.6564595501713353
510,0.4653133491539275,0.4653133491539275
511,0.7814547855295833,0.7814547855295833
512,0.5672817629464345,0.5672817629464345
513,0.7146548485227517,0.7146548485227517
514,0.7737677551184738,0.7737677551184738
515,0.8988164722361258,
516,1.3408362559738503,
517,0.835894286109978,
518,1.0361690062287947,
519,1.3150163454516797,1.3150163454516797
520,0.8335025043314895,0.8335025043314895
521,0.9577444480628631,
522,0.9158010285275268,0.9158010285275268
523,0.9786983046227389,
524,0.9476999516704195,0.9476999516704195
525,0.9077020210133038,0.9077020210133038
526,0.7927084941376092,0.7927084941376092
527,0.8011420930998903,0.8011420930998903
528,0.6506068191379286,0.6506068191379286
529,0.5512271112580791,0.5512271112580791
530,0.3288598679359176,0.3288598679359176
531,0.42514445729201567,0.42514445729201567
532,0.15525146003250065,0.15525146003250065
533,0.09296569658600998,0.09296569658600998
534,0.07916304079209945,0.07916304079209945
535,0.10109530421855888,0.10109530421855888
536,-0.3271514408434985,-0.3271514408434985
537,-0.360120896814268,
538,-0.3718562494856463,-0.3718562494856463
539,-0.6695533954099822,
540,-0.7293458354412355,-0.7293458354412355
541,-0.5643960581625285,-0.5643960581625285
542,-0.803938229716863,-0.803938229716863
543,-0.7279492322006662,
544,-0.9628751819216494,-0.9628751819216494
545,-1.0150238949740713,-1.0150238949740713
546,-0.9928942193410034,
547,-0.8036263649221186,-0.8036263649221186
548,-0.9859323001639432,-0.9859323001639432
549,-1.146728918815402,-1.146728918815402
550,-0.8462176958530168,
551,-0.9873951048565741,-0.9873951048565741
552,-1.2084508556152938,
553,-0.6853380069895456,-0.6853380069895456
554,-0.6902584019638291,-0.6902584019638291
555,-0.7551649442055266,-0.7551649442055266
556,-0.7618959614358567,-0.7618959614358567
557,-0.9163073111423913,-0.9163073111423913
558,-0.7865696986489084,
559,-0.4610698832218296,-0.4610698832218296
560,-0.3488576407970786,-0.3488576407970786
561,-0.6936323140861218,-0.6936323140861218
562,-0.025019012592132683,-0.025019012592132683
563,-0.38392541487761617,
564,-0.32105422300717973,-0.32105422300717973
565,-0.1126352003106474,-0.1126352003106474
566,-0.22545953451852085,-0.22545953451852085
567,0.04297722235328211,0.04297722235328211
568,0.2579812638459113,
569,0.06995020682839814,0.06995020682839814
570,0.5483143717810682,0.5483143717810682
571,0.13978984486344848,0.13978984486344848
572,0.5343697150779964,0.5343697150779964
573,0.7498037013219556,0.7498037013219556
574,0.7531335549730312,0.7531335549730312
575,0.6740907582994846,0.6740907582994846
576,1.0709996082951323,1.0709996082951323
577,1.2395947396694251,1.2395947396694251
578,0.9622625051091072,0.9622625051091072
579,0.7919875285553957,
580,1.1005927033683278,1.1005927033683278
581,1.1342921948162383,1.1342921948162383
582,0.8889839286596515,0.8889839286596515
583,0.9190956860334356,0.9190956860334356
584,0.9995387742246848,0.9995387742246848
585,0.931764032945013,0.931764032945013
586,1.1402418159501633,1.1402418159501633
587,1.0039218063943325,1.0039218063943325
588,0.7746373749435784,0.7746373749435784
589,0.6058339152984419,0.6058339152984419
590,0.42298826276811063,0.42298826276811063
591,0.30796202294510133,0.30796202294510133
592,0.2026091883912739,0.2026091883912739
593,0.39637718295451285,
594,0.29318577526905315,0.29318577526905315
595,0.48617436409989845,0.48617436409989845
596,0.3398112499353037,0.3398112499353037
597,0.10408283535107091,0.10408283535107091
598,-0.19680945572802575,-0.19680945572802575
599,-0.15507247183612483,-0.15507247183612483
600,-0.2200404956265538,
601,-0.39266815008077094,-0.39266815008077094
602,-0.5774840941906753,-0.5774840941906753
603,-0.6129313621145986,-0.6129313621145986
604,-0.784956649244411,-0.784956649244411
605,-0.6893804789909822,-0.6893804789909822
606,-0.9625331297617349,-0.9625331297617349
607,-1.02135262498017,-1.02135262498017
608,-0.8933039582980933,-0.8933039582980933
609,-0.8211677515467695,-0.8211677515467695
610,-1.0195136406076382,-1.0195136406076382
611,-0.8037089541459825,
612,-1.1237053017732652,-1.1237053017732652
613,-1.1320231069052775,-1.1320231069052775
614,-1.0814460419126681,
615,-0.9588029042417472,-0.9588029042417472
616,-0.8122420254534234,
617,-0.875304739439302,-0.875304739439302
618,-0.7664265678068022,-0.7664265678068022
619,-0.6975381956731096,-0.6975381956731096
620,-0.9658582468925542,-0.9658582468925542
621,-0.4729177353374615,-0.4729177353374615
622,-0.5944119599140246,-0.5944119599140246
623,-0.4749196296681577,
624,-0.27902838728354906,-0.27902838728354906
625,-0.16098715814731204,
626,-0.22438507516773165,-0.22438507516773165
627,-0.07411827362051965,-0.07411827362051965
628,0.21691184971734662,0.21691184971734662
629,0.38243054801622256,0.38243054801622256
630,0.3514483878606365,0.3514483878606365
631,0.037602929847676936,0.037602929847676936
632,0.10847397940754588,0.10847397940754588
633,0.2277268459193603,0.2277268459193603
634,0.6716106517835451,0.6716106517835451
635,0.3960405507523148,
636,0.9007477081475614,0.9007477081475614
637,0.6602408212465465,0.6602408212465465
638,0.7799213372442071,0.7799213372442071
639,0.673580468275446,0.673580468275446
640,1.2562054658871449,1.2562054658871449
641,0.7867068975754852,0.7867068975754852
642,0.9765422897192534,0.9765422897192534
643,0.7618950333094293,0.7618950333094293
644,0.9509731608541772,0.9509731608541772
645,0.9588984145500388,0.9588984145500388
646,0.8579863543080408,0.8579863543080408
647,0.7992070550367045,
648,0.781138396753088,0.781138396753088
649,0.5142176833231751,0.5142176833231751
650,0.8437738129398624,0.8437738129398624
651,0.8331846415694505,0.8331846415694505
652,0.5795071949289049,0.5795071949289049
653,0.4777719538606658,
654,0.3511122569815617,0.3511122569815617
655,0.37491215272365475,
656,0.8235745785819715,0.8235745785819715
657,0.4173697072131133,0.4173697072131133
658,0.11261053843114993,0.11261053843114993
659,0.056008562476751074,0.056008562476751074
660,-0.18794015738064662,-0.18794015738064662
661,-0.11461691246307522,
662,-0.43179323413366866,-0.43179323413366866
663,-0.3889517938085302,-0.3889517938085302
664,-0.6187358302519362,
665,-0.4815597347357641,-0.4815597347357641
666,-0.7602244896444035,-0.7602244896444035
667,-0.6402829341743567,-0.6402829341743567
668,-0.7102828952620444,
669,-0.7921941856555578,-0.7921941856555578
670,-0.9817512915254122,-0.9817512915254122
671,-0.8345155414137656,-0.8345155414137656
672,-0.9341353051562747,-0.9341353051562747
673,-0.9122878674780368,
674,-1.2532390850200656,-1.2532390850200656
675,-1.150120806126374,-1.150120806126374
676,-1.1174528747336803,-1.1174528747336803
677,-0.9236530110877986,-0.9236530110877986
678,-1.1388371581045134,-1.1388371581045134
679,-0.695544888625559,-0.695544888625559
680,-0.8348617566817876,-0.8348617566817876
681,-0.5626326730756457,-0.5626326730756457
682,-1.0512511599819763,-1.0512511599819763
683,-0.6418645457177152,-0.6418645457177152
684,-0.5761090688496613,
685,-0.5417278722345631,-0.5417278722345631
686,-0.3229226835481328,-0.3229226835481328
687,-0.3689030977752661,-0.3689030977752661
688,-0.29420932214550044,-0.29420932214550044
689,-0.26181213880292176,-0.26181213880292176
690,-0.06746267581064158,-0.06746267581064158
691,-0.08231021919897216,-0.08231021919897216
692,-0.023427452881372587,-0.023427452881372587
693,0.13697910641860128,0.13697910641860128
694,0.28591147336430983,0.28591147336430983
695,0.404670700823294,0.404670700823294
696,0.2779160092836409,0.2779160092836409
697,0.4856248310653945,0.4856248310653945
698,0.8408850039978881,0.8408850039978881
699,0.651260417698665,0.651260417698665
700,0.5568174491818539,
701,0.86590140872402,0.86590140872402
702,0.8340277654262509,0.8340277654262509
703,1.0616026763701745,1.0616026763701745
704,0.8799527582548143,0.8799527582548143
705,0.9387781527609792,0.9387781527609792
706,1.0098575064897657,1.0098575064897657
707,0.7260044371338301,0.7260044371338301
708,0.8249923455608854,0.8249923455608854
709,0.7101524234841732,
710,1.048842001802683,
711,0.8042848129953961,0.8042848129953961
712,1.1091185556349519,
713,0.7318381388906434,0.7318381388906434
714,0.7031259933628763,0.7031259933628763
715,0.8437305920542992,0.8437305920542992
716,0.6929952516902461,0.6929952516902461
717,0.325659369071086,0.325659369071086
718,0.40204932147187405,0.40204932147187405
719,0.4214869688684631,0.4214869688684631
720,0.3836023818480038,0.3836023818480038
721,0.2863082233500348,0.2863082233500348
722,0.13142639852163898,0.13142639852163898
723,0.005610739158878893,0.005610739158878893
724,-0.14387490442908415,
725,-0.3135015394894288,-0.3135015394894288
726,-0.271612551600716,
727,-0.5710844859659219,-0.5710844859659219
728,-0.5242968147039148,-0.5242968147039148
729,-0.7490590426935738,-0.7490590426935738
730,-0.6240561549851066,-0.6240561549851066
731,-0.5638663351140257,-0.5638663351140257
732,-1.010550599597929,-1.010550599597929
733,-0.754886226564088,-0.754886226564088
734,-1.036511819828833,
735,-1.0025510364638774,
736,-1.0062323434383795,-1.0062323434383795
737,-0.954949339484986,-0.954949339484986
738,-0.8411314142709779,-0.8411314142709779
739,-1.05592810401954,
740,-0.9748084387661577,-0.9748084387661577
741,-0.8736690238962451,-0.8736690238962451
742,-0.8534370621965867,-0.8534370621965867
743,-0.7335593447627068,
744,-0.755703720042935,-0.755703720042935
745,-0.7523774812545901,-0.7523774812545901
746,-0.6906416512843153,-0.6906416512843153
747,-0.7374714959798925,-0.7374714959798925
748,-0.5221158371263829,
749,-0.5279314380947886,-0.5279314380947886
750,-0.4008656411712803,-0.4008656411712803
751,-0.011708643934265794,-0.011708643934265794
752,-0.24520167637970158,-0.24520167637970158
753,-0.14749157413498112,-0.14749157413498112
754,0.13204860283808936,
755,-0.07789148761108042,-0.07789148761108042
756,0.2571067523676944,0.2571067523676944
757,0.22740150459263675,0.22740150459263675
758,0.2461907388149527,0.2461907388149527
759,0.7470140506558821,0.7470140506558821
760,0.5283854284094884,0.5283854284094884
761,0.6289082810777115,0.6289082810777115
762,0.6855643661743747,0.6855643661743747
763,1.0204770481438286,1.0204770481438286
764,0.42388450412685946,0.42388450412685946
765,1.1422932976909197,1.1422932976909197
766,0.8754013713299829,0.8754013713299829
767,0.9638114746591814,0.9638114746591814
768,1.2534158903999106,1.2534158903999106
769,0.9404452442949789,0.9404452442949789
770,0.7807636868089635,0.7807636868089635
771,0.9839338936798698,
772,0.9214887751736042,
773,1.250884128181996,1.250884128181996
774,0.8287626846949891,
775,0.960541434194208,0.960541434194208
776,0.9255408505895835,
777,0.7974329608318613,0.7974329608318613
778,0.7368691137802599,0.7368691137802599
779,0.6835924549620392,0.6835924549620392
780,0.5373255288992052,0.5373255288992052
781,0.5422136850924981,
782,0.3147058742663295,
783,0.16666445820056555,0.16666445820056555
784,-0.057745716613392395,-0.057745716613392395
785,0.14348543900278884,0.14348543900278884
786,-0.20871067634878668,-0.20871067634878668
787,0.07805275028756345,0.07805275028756345
788,-0.04166904483364456,-0.04166904483364456
789,-0.5406823936653689,
790,-0.30203565258591203,-0.30203565258591203
791,-0.7448255123084389,-0.7448255123084389
792,-0.5291733948016937,-0.5291733948016937
793,-0.483837211697693,
794,-0.6410835311705878,-0.6410835311705878
795,-0.7881973517153712,-0.7881973517153712
796,-0.5993977341197426,-0.5993977341197426
797,-0.764763689019841,
798,-0.9768716661239282,-0.9768716661239282
799,-0.9215312072024421,-0.9215312072024421
800,-1.0907688727108715,
801,-1.0590111454771165,
802,-0.8468172508057468,-0.8468172508057468
803,-0.8361344337366314,-0.8361344337366314
804,-1.1701231180493674,-1.1701231180493674
805,-1.1095043546647176,-1.1095043546647176
806,-0.8078883740588773,-0.8078883740588773
807,-0.7920614225874945,-0.7920614225874945
808,-0.6747826604626886,-0.6747826604626886
809,-0.8796141887829743,-0.8796141887829743
810,-0.49752565649658975,-0.49752565649658975
811,-0.7538261977564853,-0.7538261977564853
812,-0.6075272338354831,-0.6075272338354831
813,-0.2849841687709387,-0.2849841687709387
814,-0.5553208973843375,-0.5553208973843375
815,-0.1720444353675531,
816,-0.1968844271422893,-0.1968844271422893
817,0.10029261428885841,0.10029261428885841
818,0.28924673976653714,
819,0.09651233704454534,0.09651233704454534
820,0.2907574856509861,0.2907574856509861
821,0.37467467591808445,0.37467467591808445
822,0.5952219270574486,0.5952219270574486
823,0.30425930399470236,0.30425930399470236
824,0.5933370331116734,0.5933370331116734
825,0.641117182427961,
826,0.6867308786924735,
827,0.9130443496917432,0.9130443496917432
828,0.839928923127927,0.839928923127927
829,0.9419333948661199,0.9419333948661199
830,0.9821399076860717,
831,0.8229348112208272,0.8229348112208272
832,1.026490394075192,1.026490394075192
833,1.073815797892605,1.073815797892605
834,0.9496339643628504,0.9496339643628504
835,1.1386060688805615,1.1386060688805615
836,1.0086204468723885,
837,0.9395719301439475,0.9395719301439475
838,0.7667286883347896,0.7667286883347896
839,1.2027625680639114,1.2027625680639114
840,0.7995036862713633,0.7995036862713633
841,0.47174382144995136,
842,0.6499972729485834,0.6499972729485834
843,0.5523944315282522,
844,0.4455201741315058,0.4455201741315058
845,0.43180928081340836,0.43180928081340836
846,0.38840911914184284,0.38840911914184284
847,0.14716900426284196,0.14716900426284196
848,-0.19860838765116612,
849,0.0024466965705038507,0.0024466965705038507
850,-0.033510595261577736,-0.033510595261577736
851,-0.4524007862899255,-0.4524007862899255
852,-0.1679068075036502,-0.1679068075036502
853,-0.45594996946125177,-0.45594996946125177
854,-0.5429609646470749,-0.5429609646470749
855,-0.665623049802609,
856,-0.5178022681207735,-0.5178022681207735
857,-0.6082083328482679,-0.6082083328482679
858,-0.92262669395319,-0.92262669395319
859,-0.9503803711377501,-0.9503803711377501
860,-0.8921413774780049,-0.8921413774780049
861,-0.8178225678469421,
862,-0.9651874168342509,-0.9651874168342509
863,-0.6808705030962716,-0.6808705030962716
864,-1.0769006666578702,-1.0769006666578702
865,-1.1361688222960296,-1.1361688222960296
866,-0.8688913009909216,-0.8688913009909216
867,-0.7772954848486923,-0.7772954848486923
868,-1.0610983107793364,-1.0610983107793364
869,-0.8034212895105178,-0.8034212895105178
870,-0.6653264189166574,
871,-0.7382720023999091,-0.7382720023999091
872,-0.46074717694245815,
873,-0.4768364125279986,-0.4768364125279986
874,-0.7055287796196794,-0.7055287796196794
875,-0.564458685178634,
876,-0.24673834106483722,-0.24673834106483722
877,-0.3687305017818979,
878,-0.3315569542766006,-0.3315569542766006
879,-0.23245818538812582,-0.23245818538812582
880,-0.2744063131082387,
881,0.07903613352782562,0.07903613352782562
882,0.2358994050316283,0.2358994050316283
883,0.2782032994961622,0.2782032994961622
884,0.5899775074026651,0.5899775074026651
885,0.5662783507372809,0.5662783507372809
886,0.708556715636019,0.708556715636019
887,0.6314226461417318,0.6314226461417318
888,0.6532465462521556,0.6532465462521556
889,0.6672778309414291,0.6672778309414291
890,1.0560937964207255,1.0560937964207255
891,0.8479244163450783,0.8479244163450783
892,1.0009945340773836,
893,0.8421830062720581,0.8421830062720581
894,0.7269609878395308,
895,0.9711838998721185,0.9711838998721185
896,0.7519800278135758,0.7519800278135758
897,1.1932147990440207,1.1932147990440207
898,0.8550083954835339,
899,0.9948238547240805,0.9948238547240805
900,0.9612509720663394,0.9612509720663394
901,1.1062898631717912,1.1062898631717912
902,0.7915274529576616,0.7915274529576616
903,0.8072333127989554,0.8072333127989554
904,0.7082863112882931,0.7082863112882931
905,0.45589454643155375,0.45589454643155375
906,0.6983133428996078,
907,0.3030171644409973,0.3030171644409973
908,0.23746102342343206,0.23746102342343206
909,0.4648885712261821,0.4648885712261821
910,-0.004615281283628092,-0.004615281283628092
911,0.11519678383073831,0.11519678383073831
912,-0.2865402692533498,-0.2865402692533498
913,-0.1343422673450562,-0.1343422673450562
914,-0.4495923879834649,-0.4495923879834649
915,-0.3032576538578166,-0.3032576538578166
916,-0.6140794146933046,
917,-0.7542274880781406,-0.7542274880781406
918,-0.6844320690885354,-0.6844320690885354
919,-0.6015624690087661,-0.6015624690087661
920,-0.7183400048132399,-0.7183400048132399
921,-0.4146395535873406,-0.4146395535873406
922,-0.7096807791473974,
923,-1.1237966543053544,
924,-1.1410607743208445,-1.1410607743208445
925,-1.0093343422313508,-1.0093343422313508
926,-0.8616580930652611,-0.8616580930652611
927,-0.9377128087010972,-0.9377128087010972
928,-0.8044540892507109,-0.8044540892507109
929,-0.8774585080862025,-0.8774585080862025
930,-0.919941900254313,-0.919941900254313
931,-0.7529047101565577,-0.7529047101565577
932,-0.8865293075122808,-0.8865293075122808
933,-0.8738923151011941,-0.8738923151011941
934,-0.7267484575220391,
935,-0.5780858157257307,-0.5780858157257307
936,-0.6467198888197401,-0.6467198888197401
937,-0.41401360755487515,-0.41401360755487515
938,-0.5280740144288911,-0.5280740144288911
939,-0.5009295754463862,-0.5009295754463862
940,-0.18966123739346114,
941,-0.11141558527659282,
942,0.02299913203136026,0.02299913203136026
943,-0.09658258735040426,-0.09658258735040426
944,0.3244397974392341,0.3244397974392341
945,0.07898299385797253,0.07898299385797253
946,0.09724274482632642,0.09724274482632642
947,0.579790150642238,
948,0.47378894542741606,0.47378894542741606
949,0.7354252958900851,0.7354252958900851
950,0.6916441002333337,0.6916441002333337
951,0.8120703025118534,0.8120703025118534
952,0.9263333279545903,0.9263333279545903
953,0.9283341230645187,0.9283341230645187
954,1.0503927975395162,
955,0.8273147945056033,0.8273147945056033
956,1.081414628113313,
957,1.2666781711911523,1.2666781711911523
958,0.9680984870268554,0.9680984870268554
959,0.6616802932974493,0.6616802932974493
960,1.2360968324191708,
961,0.8647983923001474,0.8647983923001474
962,0.9513520455769212,
963,0.841883018671924,0.841883018671924
964,0.7448568735080705,0.7448568735080705
965,0.7586978473269496,0.7586978473269496
966,0.6414381949065474,0.6414381949065474
967,0.6863410013048888,0.6863410013048888
968,0.5280769384098163,0.5280769384098163
969,0.37953647985438094,0.37953647985438094
970,0.5350858906791579,0.5350858906791579
971,0.2980129465460452,0.2980129465460452
972,0.29655793626683447,0.29655793626683447
973,-0.16129221133880461,-0.16129221133880461
974,0.14437452238219278,
975,-0.3056849472191081,-0.3056849472191081
976,-0.2674203969657801,-0.2674203969657801
977,-0.5255601934670416,-0.5255601934670416
978,-0.4258519292272063,-0.4258519292272063
979,-0.4763235914053471,-0.4763235914053471
980,-0.3684853291921718,-0.3684853291921718
981,-0.9270456868368196,
982,-0.8636480301087641,
983,-1.0744228575557138,-1.0744228575557138
984,-0.6884969831234593,-0.6884969831234593
985,-0.9889559832835396,-0.9889559832835396
986,-0.8544432371248591,-0.8544432371248591
987,-0.9229087403294173,-0.9229087403294173
988,-1.0860181926319523,-1.0860181926319523
989,-1.2393743997450128,-1.2393743997450128
990,-0.8671947571288745,-0.8671947571288745
991,-1.0304598023844558,-1.0304598023844558
992,-1.0498138442067153,-1.0498138442067153
993,-0.8510915887874994,-0.8510915887874994
994,-1.1864025223934433,-1.1864025223934433
995,-0.9949670073869494,-0.9949670073869494
996,-0.8294898559761308,-0.8294898559761308
997,-0.7538404062035214,-0.7538404062035214
998,-0.39454175416288967,-0.39454175416288967
999,-0.6887730447716454,-0.6887730447716454
1000,-0.5125809440934548,-0.5125809440934548
1001,-0.45651202339070684,-0.45651202339070684
1002,-0.25921541608532145,
1003,-0.2995896580081162,-0.2995896580081162
1004,-0.09923504835179386,
1005,-0.10695945876662821,-0.10695945876662821
1006,0.06942891655782102,0.06942891655782102
1007,0.1123684475269176,0.1123684475269176
1008,0.3622493727291571,
1009,0.5562882050830121,0.5562882050830121
1010,0.5400860976172328,0.5400860976172328
1011,0.9207085055188973,0.9207085055188973
1012,0.7371656984414041,0.7371656984414041
1013,0.30154048587908727,
1014,0.8991504502022575,
1015,0.9955930733178733,
1016,0.8958107025938267,0.8958107025938267
1017,0.7865301615910656,0.7865301615910656
1018,1.0052105014702086,1.0052105014702086
1019,0.8998485795939499,0.8998485795939499
1020,1.1826791349188035,1.1826791349188035
1021,1.2272035964482164,
1022,1.2456021041642704,1.2456021041642704
1023,0.9360366591160629,0.9360366591160629
1024,1.0130956425117184,
1025,1.0210552910995812,1.0210552910995812
1026,0.8894372840394899,0.8894372840394899
1027,0.7391724432817266,0.7391724432817266
1028,0.769324556538915,0.769324556538915
1029,0.8519157318065884,
1030,0.5160018720029259,0.5160018720029259
1031,0.46826224884779566,0.46826224884779566
1032,0.3171542873309583,0.3171542873309583
1033,0.5611984851994638,
1034,0.3462434400328576,0.3462434400328576
1035,-0.07531526384950724,-0.07531526384950724
1036,-0.11590362468491261,-0.11590362468491261
1037,-0.023354073645848464,
1038,0.0565395704415004,0.0565395704415004
1039,-0.1134848078807685,-0.1134848078807685
1040,-0.038202857165805404,-0.038202857165805404
1041,-0.4515814148660712,-0.4515814148660712
1042,-0.4783504633339859,-0.4783504633339859
1043,-0.471465826838648,-0.471465826838648
1044,-0.6806635804390826,-0.6806635804390826
1045,-0.6916208189712767,-0.6916208189712767
1046,-0.9093545140912149,
1047,-0.6873382915068997,-0.6873382915068997
1048,-0.9280067415239952,-0.9280067415239952
1049,-0.8917786900393084,-0.8917786900393084
1050,-0.7035061525662546,
1051,-1.184371376655144,-1.184371376655144
1052,-1.00577164970991,
1053,-0.5189616558423604,-0.5189616558423604
1054,-0.9032169562128204,-0.9032169562128204
1055,-1.2109687215067604,-1.2109687215067604
1056,-1.0199617572209805,-1.0199617572209805
1057,-0.9218361662930926,-0.9218361662930926
1058,-0.9085526095817882,-0.9085526095817882
1059,-0.5359019352824573,-0.5359019352824573
1060,-0.6129022233593503,-0.6129022233593503
1061,-0.8557727631865598,-0.8557727631865598
1062,-0.7762136772174479,-0.7762136772174479
1063,-0.42229743232348177,-0.42229743232348177
1064,-0.4771714908142052,-0.4771714908142052
1065,-0.35919033606940665,
1066,-0.20699412148189417,-0.20699412148189417
1067,-0.28743749141722075,-0.28743749141722075
1068,-0.3138636064190055,
1069,0.2560149225835095,0.2560149225835095
1070,-0.013667771410603963,
1071,0.2896160621720364,0.2896160621720364
1072,0.384714228969918,0.384714228969918
1073,0.4243686365678376,0.4243686365678376
1074,0.38195936610858744,0.38195936610858744
1075,0.6166658149407923,0.6166658149407923
1076,0.7784627964332711,0.7784627964332711
1077,0.9285793238662824,0.9285793238662824
1078,0.9609765214942849,0.9609765214942849
1079,0.8661567282464884,0.8661567282464884
1080,1.0470735136172706,1.0470735136172706
1081,0.7422874123046501,0.7422874123046501
1082,0.8927010289315107,0.8927010289315107
1083,0.9093385533335405,
1084,1.0138869300993834,
1085,0.6312136862078486,0.6312136862078486
1086,0.6515910120555846,0.6515910120555846
1087,1.0718878640386638,1.0718878640386638
1088,0.8691377014606703,0.8691377014606703
1089,1.0072858211070517,1.0072858211070517
1090,0.8211519265979907,0.8211519265979907
1091,0.5755170533300852,0.5755170533300852
1092,0.6426573101379268,0.6426573101379268
1093,0.8443314277739836,0.8443314277739836
1094,0.46016015137767635,0.46016015137767635
1095,0.6669637373173748,0.6669637373173748
1096,0.39653553667338126,
1097,0.31625250912072805,0.31625250912072805
1098,0.20049230284372632,0.20049230284372632
1099,0.1891094664484761,0.1891094664484761
1100,-0.15951189436674001,-0.15951189436674001
1101,-0.062436626803369144,-0.062436626803369144
1102,-0.3695883926681237,-0.3695883926681237
1103,-0.5820481751557219,-0.5820481751557219
1104,-0.398101157580158,
1105,-0.5663317563112088,-0.5663317563112088
1106,-0.36250981812044963,-0.36250981812044963
1107,-0.7552930598576417,-0.7552930598576417
1108,-0.7322131986710262,-0.7322131986710262
1109,-1.1199016475579169,-1.1199016475579169
1110,-1.0301289425729339,-1.0301289425729339
1111,-1.0978264014824304,-1.0978264014824304
1112,-0.8478409069501961,-0.8478409069501961
1113,-1.2683091342498218,-1.2683091342498218
1114,-1.1237208989745135,-1.1237208989745135
1115,-0.766828907311818,-0.766828907311818
1116,-1.0534557096730495,-1.0534557096730495
1117,-0.8896645040511507,-0.8896645040511507
1118,-1.0502784180294524,-1.0502784180294524
1119,-0.9220028608374712,-0.9220028608374712
1120,-1.0967050320518015,-1.0967050320518015
1121,-0.9172894477766281,-0.9172894477766281
1122,-0.6476336223051733,-0.6476336223051733
1123,-0.7224701503545216,-0.7224701503545216
1124,-0.8383040834136449,-0.8383040834136449
1125,-0.6480062615614524,-0.6480062615614524
1126,-0.28943533388289044,-0.28943533388289044
1127,-0.3132242313798327,-0.3132242313798327
1128,-0.06334514321277243,-0.06334514321277243
1129,-0.2678839557850663,
1130,-0.15225716871722772,-0.15225716871722772
1131,0.2806476836980859,0.2806476836980859
1132,0.21137596737450925,0.21137596737450925
1133,0.1276765671079994,0.1276765671079994
1134,0.3416163028716032,0.3416163028716032
1135,0.4111797964336741,0.4111797964336741
1136,0.48226174173479125,0.48226174173479125
1137,0.6870587655541817,0.6870587655541817
1138,0.8050332055476251,
1139,0.7672997215307845,
1140,0.7464945000247786,0.7464945000247786
1141,0.6462072064969984,0.6462072064969984
1142,1.1489140588968039,1.1489140588968039
1143,0.8887548951079393,0.8887548951079393
1144,0.964352794242438,
1145,1.019162221921397,
1146,1.2534655416996219,1.2534655416996219
1147,1.1199461655241116,
1148,0.865111872028819,0.865111872028819
1149,0.9435583724337626,0.9435583724337626
1150,0.9354363318306427,0.9354363318306427
1151,0.9393162292300693,
1152,0.7652531321299283,0.7652531321299283
1153,0.8753541652033531,0.8753541652033531
1154,0.8799402649285695,0.8799402649285695
1155,0.7963572836613705,0.7963572836613705
1156,0.4725955615519282,0.4725955615519282
1157,0.5085644895651161,0.5085644895651161
1158,0.3686011857029682,0.3686011857029682
1159,0.3141805056676053,
1160,0.4799483711942882,0.4799483711942882
1161,0.17543565339422423,
1162,-0.03808243715182721,-0.03808243715182721
1163,-0.13219887893593796,-0.13219887893593796
1164,-0.4904536931686303,-0.4904536931686303
1165,-0.10865539718191594,-0.10865539718191594
1166,-0.2645226715908704,-0.2645226715908704
1167,-0.5307325207602523,-0.5307325207602523
1168,-0.8413750919155518,-0.8413750919155518
1169,-0.7867978516062828,-0.7867978516062828
1170,-1.154838679684835,-1.154838679684835
1171,-1.1785866024932627,-1.1785866024932627
1172,-0.8891016575430923,-0.8891016575430923
1173,-0.8226524050514207,
1174,-0.7105615172613675,-0.7105615172613675
1175,-0.8542614327939231,-0.8542614327939231
1176,-0.8845390478511935,-0.8845390478511935
1177,-1.446408107205858,-1.446408107205858
1178,-1.2584938279603937,-1.2584938279603937
1179,-0.9742356127691174,-0.9742356127691174
1180,-0.8479389048856303,-0.8479389048856303
1181,-0.8981690762277008,
1182,-1.0224465768288231,
1183,-0.8679538816773048,-0.8679538816773048
1184,-0.7861786052466859,-0.7861786052466859
1185,-0.8645790765295766,-0.8645790765295766
1186,-0.5055337786141414,-0.5055337786141414
1187,-0.7576512700189615,
1188,-0.4397751887567953,-0.4397751887567953
1189,-0.5955956005668656,-0.5955956005668656
1190,-0.1590674409496506,
1191,-0.6101642376641149,-0.6101642376641149
1192,-0.08028747721792484,-0.08028747721792484
1193,-0.06174309701372913,-0.06174309701372913
1194,-0.21794337906608213,-0.21794337906608213
1195,-0.06414224570215332,
1196,0.16198699839977157,0.16198699839977157
1197,0.1049362009548043,0.1049362009548043
1198,0.517452793440967,0.517452793440967
1199,0.45169190889086697,0.45169190889086697
1200,0.6921591253178198,0.6921591253178198
1201,0.9213345338931855,0.9213345338931855
1202,0.8049400983247756,0.8049400983247756
1203,0.8829450399739351,
1204,0.7916214188258487,
1205,0.7635679719596714,0.7635679719596714
1206,0.9701932051544562,0.9701932051544562
1207,0.9895935405791587,0.9895935405791587
1208,1.1245279151037695,1.1245279151037695
1209,0.8851634907865155,0.8851634907865155
1210,0.8278445736966211,0.8278445736966211
1211,1.0606080570029779,1.0606080570029779
1212,0.8742808690771329,0.8742808690771329
1213,0.9952681206361863,0.9952681206361863
1214,0.7151868408603117,0.7151868408603117
1215,0.867254923422654,0.867254923422654
1216,0.8155273836853189,0.8155273836853189
1217,0.4425845376085245,
1218,0.861871209721514,
1219,0.7013565170607867,0.7013565170607867
1220,0.6008697332808615,0.6008697332808615
1221,0.47049042246158823,
1222,0.06815471134111198,
1223,0.20390695670288753,0.20390695670288753
1224,0.24857207543148196,
1225,0.16076561590389427,
1226,-0.2525643617052032,
1227,-0.25991475555852767,-0.25991475555852767
1228,-0.11734384641704906,-0.11734384641704906
1229,-0.4963878305863443,-0.4963878305863443
1230,-0.3218014887865501,-0.3218014887865501
1231,-0.8813468950114512,-0.8813468950114512
1232,-0.7074055880562243,-0.7074055880562243
1233,-0.4589038080835113,-0.4589038080835113
1234,-0.9744504050449239,-0.9744504050449239
1235,-0.7524833231947352,-0.7524833231947352
1236,-0.7057980583801405,-0.7057980583801405
1237,-0.7961391812010616,-0.7961391812010616
1238,-0.9063418212204765,-0.9063418212204765
1239,-1.0596739359206662,-1.0596739359206662
1240,-1.0817223868864827,
1241,-1.0831383749587002,-1.0831383749587002
1242,-1.022802891948874,-1.022802891948874
1243,-0.9328556022321574,-0.9328556022321574
1244,-0.9282308007744683,-0.9282308007744683
1245,-0.8949553771032166,-0.8949553771032166
1246,-0.9396594818659467,-0.9396594818659467
1247,-0.8005282770993972,-0.8005282770993972
1248,-0.8938898599017973,-0.8938898599017973
1249,-0.5641362209302214,
1250,-0.740631936025223,-0.740631936025223
1251,-0.5144588038340181,
1252,-0.5133591402298423,-0.5133591402298423
1253,-0.380897369728831,-0.380897369728831
1254,-0.35015339887903635,-0.35015339887903635
1255,-0.361196851115,-0.361196851115
1256,-0.12102098255881441,
1257,-0.1811213466387579,-0.1811213466387579
1258,0.13055159607303557,0.13055159607303557
1259,0.1517226539693663,0.1517226539693663
1260,0.424563545199633,0.424563545199633
1261,0.2690137267757334,0.2690137267757334
1262,0.6777137390202909,0.6777137390202909
1263,0.5858911766786395,0.5858911766786395
1264,0.9182711237131148,0.9182711237131148
1265,0.9371406914844588,0.9371406914844588
1266,0.8958493782649265,
1267,1.0029341253996251,1.0029341253996251
1268,0.8386381013988278,0.8386381013988278
1269,0.5133411118030045,
1270,0.9582169882707893,
1271,1.1705390198062493,1.1705390198062493
1272,0.7940696073414518,0.7940696073414518
1273,1.0070293998135904,1.0070293998135904
1274,0.6633557359982112,0.6633557359982112
1275,0.9952221737491732,0.9952221737491732
1276,0.7811178506338414,0.7811178506338414
1277,0.8864535835512835,0.8864535835512835
1278,0.830618750997794,0.830618750997794
1279,0.7625994622860783,0.7625994622860783
1280,0.7440207688029903,0.7440207688029903
1281,0.7185349436289398,0.7185349436289398
1282,0.5711450638457257,0.5711450638457257
1283,0.5417165880109782,0.5417165880109782
1284,0.43727980010077183,0.43727980010077183
1285,0.10826485958027476,0.10826485958027476
1286,-0.10206330201355218,-0.10206330201355218
1287,-0.14918460067935302,-0.14918460067935302
1288,-0.1484129586775477,-0.1484129586775477
1289,0.15070922877515391,0.15070922877515391
1290,-0.0011830738704600718,-0.0011830738704600718
1291,-0.20116660198140152,
1292,-0.3232140160028102,-0.3232140160028102
1293,-0.32607332530636085,-0.32607332530636085
1294,-0.4901244038063166,-0.4901244038063166
1295,-0.7781935337699282,
1296,-0.6329385077541277,-0.6329385077541277
1297,-0.5934327551668959,-0.5934327551668959
1298,-0.9245080346442903,-0.9245080346442903
1299,-0.9262012511709188,-0.9262012511709188
1300,-0.75342738839928,-0.75342738839928
1301,-0.7906029304277137,
1302,-1.1114619131641459,-1.1114619131641459
1303,-0.8357394617294582,-0.8357394617294582
1304,-1.124734940137004,-1.124734940137004
1305,-0.8504542611289574,-0.8504542611289574
1306,-0.966890236316257,-0.966890236316257
1307,-1.0401391994628038,
1308,-0.9203622829898678,
1309,-1.180567577633764,-1.180567577633764
1310,-0.7711995277463485,-0.7711995277463485
1311,-0.5736272373343844,-0.5736272373343844
1312,-0.5484306837393323,-0.5484306837393323
1313,-0.6841461151342235,-0.6841461151342235
1314,-0.45303068153475345,-0.45303068153475345
1315,-0.8142612336262891,-0.8142612336262891
1316,-0.5159235549543375,-0.5159235549543375
1317,-0.4151767028969384,-0.4151767028969384
1318,0.017819839646358387,
1319,0.12235381216566193,0.12235381216566193
1320,0.09123334370336257,0.09123334370336257
1321,0.26711204352811924,0.26711204352811924
1322,0.4018342559172493,
1323,0.34185225760619886,0.34185225760619886
1324,0.2635131307524656,0.2635131307524656
1325,0.5212294354763056,0.5212294354763056
1326,0.5714549395561069,0.5714549395561069
1327,0.7629655568356672,0.7629655568356672
1328,1.1179530754288687,
1329,1.0066772381378215,1.0066772381378215
1330,0.9433517490218121,0.9433517490218121
1331,0.8243500802558782,0.8243500802558782
1332,0.8215500058687176,0.8215500058687176
1333,1.1833916518441945,1.1833916518441945
1334,1.075860887533159,1.075860887533159
1335,0.9429335931844485,0.9429335931844485
1336,1.1476900900695386,1.1476900900695386
1337,1.3598674806495659,1.3598674806495659
1338,0.6564100184442948,
1339,1.197958951921838,1.197958951921838
1340,0.769747914394481,0.769747914394481
1341,0.5279175151792899,0.5279175151792899
1342,0.8366783852398217,0.8366783852398217
1343,0.6577274111376236,0.6577274111376236
1344,0.601605842560284,0.601605842560284
1345,0.4977358271794856,0.4977358271794856
1346,0.3006595964364037,0.3006595964364037
1347,0.37959683114389015,0.37959683114389015
1348,0.31554727825462103,0.31554727825462103
1349,0.04710289168849269,0.04710289168849269
1350,-0.1686126646685382,-0.1686126646685382
1351,-0.09837182202222947,-0.09837182202222947
1352,-0.31539487753912177,-0.31539487753912177
1353,-0.23260519353790626,-0.23260519353790626
1354,-0.2531694786735645,-0.2531694786735645
1355,-0.6436427963824656,
1356,-0.23100556868769823,-0.23100556868769823
1357,-0.5178774337727696,-0.5178774337727696
1358,-0.43776697056385494,-0.43776697056385494
1359,-0.9221560104597081,-0.9221560104597081
1360,-0.8087943760533702,
1361,-0.8628317110641263,-0.8628317110641263
1362,-0.9627696380291348,-0.9627696380291348
1363,-1.0953265872992122,-1.0953265872992122
1364,-1.078836763189564,
1365,-0.8237861098597185,-0.8237861098597185
1366,-1.041128948817873,-1.041128948817873
1367,-1.1244817720816014,-1.1244817720816014
1368,-1.1096221780812185,-1.1096221780812185
1369,-1.1275906553364976,-1.1275906553364976
1370,-0.8132281013216919,
1371,-1.173464656660205,-1.173464656660205
1372,-0.8149414575617578,-0.8149414575617578
1373,-0.9893453681194246,
1374,-0.875267186027956,-0.875267186027956
1375,-0.5215389465942829,-0.5215389465942829
1376,-0.4023027028921652,-0.4023027028921652
1377,-0.6198586917754004,-0.6198586917754004
1378,-0.21167804765899895,-0.21167804765899895
1379,-0.3976625981227654,-0.3976625981227654
1380,-0.1381167716746873,
1381,-0.4616371363937437,-0.4616371363937437
1382,0.038079665395809134,
1383,0.1027457499083372,
1384,0.1262039973972394,
1385,0.0954670647850058,0.0954670647850058
1386,0.10577988172420522,0.10577988172420522
1387,0.6138525972475068,0.6138525972475068
1388,0.6351641757768661,0.6351641757768661
1389,0.48378768126168253,0.48378768126168253
1390,0.7038720140287529,0.7038720140287529
1391,0.8275799305526718,0.8275799305526718
1392,0.8686474418643514,
1393,0.7616503419077632,0.7616503419077632
1394,0.9139315071919756,0.9139315071919756
1395,1.2399177175433431,1.2399177175433431
1396,1.2789590135524302,
1397,0.9555488960722941,0.9555488960722941
1398,1.351177565336743,1.351177565336743
1399,0.8910377214732438,0.8910377214732438
1400,0.8539341640805669,
1401,0.9569969235566174,0.9569969235566174
1402,0.9924765429004317,0.9924765429004317
1403,0.9113127164660146,0.9113127164660146
1404,1.1128074435632633,1.1128074435632633
1405,0.639550632005563,0.639550632005563
1406,0.6963646307773893,0.6963646307773893
1407,0.4214411945732076,0.4214411945732076
1408,0.6135282653910761,0.6135282653910761
1409,0.4068318778102611,0.4068318778102611
1410,0.05607225864735921,0.05607225864735921
1411,0.29679048924564716,0.29679048924564716
1412,0.16019123130211477,0.16019123130211477
1413,-0.27415022898345076,-0.27415022898345076
1414,-0.2523840739115789,-0.2523840739115789
1415,0.012307201395297757,0.012307201395297757
1416,-0.27773454589457464,-0.27773454589457464
1417,-0.4854023806431623,-0.4854023806431623
1418,-0.42737842003329596,-0.42737842003329596
1419,-0.5359835303210372,-0.5359835303210372
1420,-0.6423158859844895,-0.6423158859844895
1421,-0.8573997908739401,
1422,-0.6118441491092024,-0.6118441491092024
1423,-0.8282147889725495,-0.8282147889725495
1424,-1.0714847319106275,
1425,-0.7651084996980654,
1426,-1.1472900997887072,-1.1472900997887072
1427,-0.7773089309081603,-0.7773089309081603
1428,-0.9271994816884316,-0.9271994816884316
1429,-1.144485446145568,-1.144485446145568
1430,-0.8971281935461399,-0.8971281935461399
1431,-0.9711490716222752,-0.9711490716222752
1432,-0.9465438535634036,-0.9465438535634036
1433,-0.8861364013265053,-0.8861364013265053
1434,-0.7837013692667703,-0.7837013692667703
1435,-1.061060866029787,-1.061060866029787
1436,-0.8104244416968873,-0.8104244416968873
1437,-0.6693586190859533,-0.6693586190859533
1438,-0.5793514475054653,-0.5793514475054653
1439,-0.874154497906104,-0.874154497906104
1440,-0.2940748897208185,-0.2940748897208185
1441,-0.4629115590759605,-0.4629115590759605
1442,-0.7223614942681453,
1443,-0.08233004988354822,-0.08233004988354822
1444,-0.28805089678125273,
1445,0.0030059196147683813,0.0030059196147683813
1446,0.060036444093801586,0.060036444093801586
1447,0.33837531452650826,0.33837531452650826
1448,0.5091803822078811,
1449,0.4681977798165293,0.4681977798165293
1450,0.525061098288742,0.525061098288742
1451,0.5316594416209268,0.5316594416209268
1452,0.8038702139631968,0.8038702139631968
1453,0.6860116017629035,0.6860116017629035
1454,0.8448803637918944,0.8448803637918944
1455,0.9837210757731122,
1456,0.7863409222505152,
1457,1.041825523469934,1.041825523469934
1458,1.0311326476748268,1.0311326476748268
1459,0.9142317331434167,0.9142317331434167
