Date,Close,Close_ahead30,Close_ahead30_missing90,Close_ahead30_missing90_forwardfill,Close_ahead30_missing90_globalmean,Close_ahead30_missing90_meanlast30,Close_ahead30_missing90_linearfit30,Close_ahead30_missing90_cubicfit30
03/01/2017,62.58000183,64.52999878,64.52999878,64.52999878,64.52999878,64.52999878,64.52999878,64.52999878
04/01/2017,62.29999924,64.51999664,,64.52999878,64.52999878,64.52999878,64.52999878,64.52999878
05/01/2017,62.29999924,64.62000275,,64.52999878,64.52999878,64.52999878,64.52999878,64.52999878
06/01/2017,62.84000015,64.48999786,,64.52999878,64.52999878,64.52999878,64.52999878,64.52999878
09/01/2017,62.63999939,64.36000061,,64.52999878,64.52999878,64.52999878,64.52999878,64.52999878
10/01/2017,62.61999893,64.62000275,,64.52999878,64.52999878,64.52999878,64.52999878,64.52999878
11/01/2017,63.18999863,64.62000275,,64.52999878,64.52999878,64.52999878,64.52999878,64.52999878
12/01/2017,62.61000061,64.23000336,,64.52999878,64.52999878,64.52999878,64.52999878,64.52999878
13/01/2017,62.70000076,63.97999954,,64.52999878,64.52999878,64.52999878,64.52999878,64.52999878
17/01/2017,62.52999878,64.94000244,,64.52999878,64.52999878,64.52999878,64.52999878,64.52999878
18/01/2017,62.5,64.01000214,64.01000214,64.01000214,64.01000214,64.01000214,64.01000214,64.01000214
19/01/2017,62.29999924,64.25,,64.01000214,64.27000046,64.27000046,63.95800248,63.95800248
20/01/2017,62.74000168,64.26999664,,64.01000214,64.27000046,64.27000046,63.90600281,63.90600281
23/01/2017,62.95999908,64.40000153,,64.01000214,64.27000046,64.27000046,63.85400315,63.85400315
24/01/2017,63.52000046,64.98999786,,64.01000214,64.27000046,64.27000046,63.80200348,63.80200348
25/01/2017,63.68000031,64.73000336,,64.01000214,64.27000046,64.27000046,63.75000382,63.75000382
26/01/2017,64.26999664,64.93000031,,64.01000214,64.27000046,64.27000046,63.69800416,63.69800416
27/01/2017,65.77999878,64.70999908,,64.01000214,64.27000046,64.27000046,63.64600449,63.64600449
30/01/2017,65.12999725,64.41000366,,64.01000214,64.27000046,64.27000046,63.59400483,63.59400483
31/01/2017,64.65000153,64.75,,64.01000214,64.27000046,64.27000046,63.54200516,63.54200516
01/02/2017,63.58000183,64.63999939,64.63999939,64.63999939,64.63999939,64.63999939,64.63999939,64.63999939
02/02/2017,63.16999817,64.87000275,,64.63999939,64.39333344,64.39333344,64.45383377,64.76624878
03/02/2017,63.68000031,64.93000031,,64.63999939,64.39333344,64.39333344,64.4593338,64.90399811
06/02/2017,63.63999939,64.20999908,,64.63999939,64.39333344,64.39333344,64.46483383,65.05324737
07/02/2017,63.43000031,65.02999878,,64.63999939,64.39333344,64.39333344,64.47033386,65.21399658
08/02/2017,63.34000015,64.87000275,,64.63999939,64.39333344,64.39333344,64.47583389,65.38624572
09/02/2017,64.05999756,64.98000336,,64.63999939,64.39333344,64.39333344,64.48133392,65.56999481
10/02/2017,64,65.09999847,,64.63999939,64.39333344,64.39333344,64.48683396,65.76524383
13/02/2017,64.72000122,65.29000092,,64.63999939,64.39333344,64.39333344,64.49233399,65.97199279
14/02/2017,64.56999969,65.47000122,,64.63999939,64.39333344,64.39333344,64.49783402,66.19024169
15/02/2017,64.52999878,65.70999908,65.70999908,65.70999908,65.70999908,65.70999908,65.70999908,65.70999908
16/02/2017,64.51999664,65.86000061,,65.70999908,64.72249985,64.78666687,65.72166519,65.84119918
17/02/2017,64.62000275,65.55000305,,65.70999908,64.72249985,64.78666687,65.80666503,65.97679931
21/02/2017,64.48999786,65.73000336,,65.70999908,64.72249985,64.78666687,65.89166488,66.11679946
22/02/2017,64.36000061,65.55999756,,65.70999908,64.72249985,64.78666687,65.97666473,66.26119964
23/02/2017,64.62000275,65.73000336,,65.70999908,64.72249985,64.78666687,66.06166457,66.40999984
24/02/2017,64.62000275,65.68000031,,65.70999908,64.72249985,64.78666687,66.14666442,66.56320007
27/02/2017,64.23000336,65.52999878,,65.70999908,64.72249985,64.78666687,66.23166427,66.72080031
28/02/2017,63.97999954,65.48000336,,65.70999908,64.72249985,64.78666687,66.31666412,66.88280059
01/03/2017,64.94000244,65.23000336,,65.70999908,64.72249985,64.78666687,66.40166396,67.04920089
02/03/2017,64.01000214,64.94999695,64.94999695,64.94999695,64.94999695,64.94999695,64.94999695,64.94999695
03/03/2017,64.25,65.48000336,,64.94999695,64.76799927,65.09999847,65.27049713,64.77334664
06/03/2017,64.26999664,65.38999939,,64.94999695,64.76799927,65.09999847,65.28599701,64.57839631
07/03/2017,64.40000153,65.04000092,,64.94999695,64.76799927,65.09999847,65.30149689,64.36514596
08/03/2017,64.98999786,65.5,,64.94999695,64.76799927,65.09999847,65.31699677,64.13359559
09/03/2017,64.73000336,66.40000153,,64.94999695,64.76799927,65.09999847,65.33249664,63.8837452
10/03/2017,64.93000031,67.52999878,,64.94999695,64.76799927,65.09999847,65.34799652,63.6155948
13/03/2017,64.70999908,67.91999817,,64.94999695,64.76799927,65.09999847,65.3634964,63.32914438
14/03/2017,64.41000366,67.83000183,,64.94999695,64.76799927,65.09999847,65.37899628,63.02439394
15/03/2017,64.75,68.26999664,,64.94999695,64.76799927,65.09999847,65.39449616,62.70134348
16/03/2017,64.63999939,68.45999908,68.45999908,68.45999908,68.45999908,68.45999908,68.45999908,68.45999908
17/03/2017,64.87000275,69.41000366,,68.45999908,65.38333257,66.3733317,67.8858317,69.04584953
20/03/2017,64.93000031,69.30000305,,68.45999908,65.38333257,66.3733317,68.0233317,69.67440002
21/03/2017,64.20999908,69.08000183,,68.45999908,65.38333257,66.3733317,68.1608317,70.34565055
22/03/2017,65.02999878,68.80999756,,68.45999908,65.38333257,66.3733317,68.2983317,71.05960112
23/03/2017,64.87000275,69,,68.45999908,65.38333257,66.3733317,68.4358317,71.81625174
24/03/2017,64.98000336,68.94000244,,68.45999908,65.38333257,66.3733317,68.5733317,72.6156024
27/03/2017,65.09999847,69.04000092,,68.45999908,65.38333257,66.3733317,68.7108317,73.45765311
28/03/2017,65.29000092,69.30999756,,68.45999908,65.38333257,66.3733317,68.8483317,74.34240385
29/03/2017,65.47000122,68.45999908,,68.45999908,65.38333257,66.3733317,68.9858317,75.26985464
30/03/2017,65.70999908,68.37999725,68.37999725,68.37999725,68.37999725,68.37999725,68.37999725,68.37999725
31/03/2017,65.86000061,68.43000031,,68.37999725,65.81142752,67.26333109,69.14983126,68.17454685
03/04/2017,65.55000305,69.41000366,,68.37999725,65.81142752,67.26333109,69.32133127,67.93319641
04/04/2017,65.73000336,67.48000336,,68.37999725,65.81142752,67.26333109,69.49283129,67.65594593
05/04/2017,65.55999756,67.70999908,,68.37999725,65.81142752,67.26333109,69.6643313,67.34279541
06/04/2017,65.73000336,67.69000244,,68.37999725,65.81142752,67.26333109,69.83583132,66.99374485
07/04/2017,65.68000031,68.44999695,,68.37999725,65.81142752,67.26333109,70.00733133,66.60879425
10/04/2017,65.52999878,68.68000031,,68.37999725,65.81142752,67.26333109,70.17883135,66.18794361
11/04/2017,65.48000336,68.76999664,,68.37999725,65.81142752,67.26333109,70.35033136,65.73119293
12/04/2017,65.23000336,69.62000275,,68.37999725,65.81142752,67.26333109,70.52183138,65.23854222
13/04/2017,64.94999695,69.95999908,69.95999908,69.95999908,69.95999908,69.95999908,69.95999908,69.95999908
17/04/2017,65.48000336,70.41000366,,69.95999908,66.32999897,68.9333318,69.7583318,70.20929946
18/04/2017,65.38999939,69.83999634,,69.95999908,66.32999897,68.9333318,69.8333318,70.47519989
19/04/2017,65.04000092,70.09999847,,69.95999908,66.32999897,68.9333318,69.9083318,70.75770034
20/04/2017,65.5,71.76000214,,69.95999908,66.32999897,68.9333318,69.9833318,71.05680084
21/04/2017,66.40000153,72.27999878,,69.95999908,66.32999897,68.9333318,70.0583318,71.37250137
24/04/2017,67.52999878,72.51999664,,69.95999908,66.32999897,68.9333318,70.1333318,71.70480193
25/04/2017,67.91999817,72.38999939,,69.95999908,66.32999897,68.9333318,70.2083318,72.05370254
26/04/2017,67.83000183,71.94999695,,69.95999908,66.32999897,68.9333318,70.2833318,72.41920318
27/04/2017,68.26999664,70.31999969,,69.95999908,66.32999897,68.9333318,70.3583318,72.80130386
28/04/2017,68.45999908,69.77999878,69.77999878,69.77999878,69.77999878,69.77999878,69.77999878,69.77999878
01/05/2017,69.41000366,70.65000153,,69.77999878,66.71333228,69.3733317,70.14333254,69.66519863
02/05/2017,69.30000305,70.26999664,,69.77999878,66.71333228,69.3733317,70.21333262,69.53279846
03/05/2017,69.08000183,69.90000153,,69.77999878,66.71333228,69.3733317,70.2833327,69.38279827
04/05/2017,68.80999756,70,,69.77999878,66.71333228,69.3733317,70.35333277,69.21519806
05/05/2017,69,70.87000275,,69.77999878,66.71333228,69.3733317,70.42333285,69.02999783
08/05/2017,68.94000244,69.91000366,,69.77999878,66.71333228,69.3733317,70.49333293,68.82719758
09/05/2017,69.04000092,70.26999664,,69.77999878,66.71333228,69.3733317,70.563333,68.6067973
10/05/2017,69.30999756,70.26000214,,69.77999878,66.71333228,69.3733317,70.63333308,68.36879701
11/05/2017,68.45999908,71.20999908,,69.77999878,66.71333228,69.3733317,70.70333316,68.11319669
12/05/2017,68.37999725,70.52999878,70.52999878,70.52999878,70.52999878,70.52999878,70.52999878,70.52999878
15/05/2017,68.43000031,69.20999908,,70.52999878,67.09499893,70.08999888,70.40349871,70.6561488
16/05/2017,69.41000366,69.80000305,,70.52999878,67.09499893,70.08999888,70.4319987,70.79159882
17/05/2017,67.48000336,68.48999786,,70.52999878,67.09499893,70.08999888,70.46049868,70.93634884
18/05/2017,67.70999908,68.93000031,,70.52999878,67.09499893,70.08999888,70.48899867,71.09039886
19/05/2017,67.69000244,68.16999817,,70.52999878,67.09499893,70.08999888,70.51749865,71.25374889
22/05/2017,68.44999695,69.08000183,,70.52999878,67.09499893,70.08999888,70.54599864,71.42639892
23/05/2017,68.68000031,68.56999969,,70.52999878,67.09499893,70.08999888,70.57449862,71.60834896
24/05/2017,68.76999664,69.45999908,,70.52999878,67.09499893,70.08999888,70.60299861,71.799599
25/05/2017,69.62000275,69.98000336,,70.52999878,67.09499893,70.08999888,70.63149859,72.00014904
26/05/2017,69.95999908,69.98999786,69.98999786,69.98999786,69.98999786,69.98999786,69.98999786,69.98999786
30/05/2017,70.41000366,71.15000153,,69.98999786,67.35818065,70.09999847,70.21549797,69.86504772
31/05/2017,69.83999634,71.76999664,,69.98999786,67.35818065,70.09999847,70.22599792,69.72719757
01/06/2017,70.09999847,72.77999878,,69.98999786,67.35818065,70.09999847,70.23649788,69.5764474
02/06/2017,71.76000214,73.34999847,,69.98999786,67.35818065,70.09999847,70.24699783,69.41279723
05/06/2017,72.27999878,73.30000305,,69.98999786,67.35818065,70.09999847,70.25749778,69.23624706
06/06/2017,72.51999664,73.86000061,,69.98999786,67.35818065,70.09999847,70.26799774,69.04679687
07/06/2017,72.38999939,74.22000122,,69.98999786,67.35818065,70.09999847,70.27849769,68.84444667
08/06/2017,71.94999695,73.79000092,,69.98999786,67.35818065,70.09999847,70.28899765,68.62919646
09/06/2017,70.31999969,73.59999847,,69.98999786,67.35818065,70.09999847,70.2994976,68.40104625
12/06/2017,69.77999878,74.19000244,74.19000244,74.19000244,74.19000244,74.19000244,74.19000244,74.19000244
13/06/2017,70.65000153,74.05000305,,74.19000244,67.92749913,71.56999969,73.58300171,74.8707032
14/06/2017,70.26999664,73.16000366,,74.19000244,67.92749913,71.56999969,73.76600189,75.59880402
15/06/2017,69.90000153,73.04000092,,74.19000244,67.92749913,71.56999969,73.94900207,76.37430489
16/06/2017,70,72.69999695,,74.19000244,67.92749913,71.56999969,74.13200226,77.19720581
19/06/2017,70.87000275,72.58000183,,74.19000244,67.92749913,71.56999969,74.31500244,78.06750679
20/06/2017,69.91000366,72.26000214,,74.19000244,67.92749913,71.56999969,74.49800262,78.98520783
21/06/2017,70.26999664,72.15000153,,74.19000244,67.92749913,71.56999969,74.6810028,79.95030892
22/06/2017,70.26000214,72.68000031,,74.19000244,67.92749913,71.56999969,74.86400299,80.96281006
23/06/2017,71.20999908,72.40000153,,74.19000244,67.92749913,71.56999969,75.04700317,82.02271126
26/06/2017,70.52999878,72.79000092,72.79000092,72.79000092,72.79000092,72.79000092,72.79000092,72.79000092
27/06/2017,69.20999908,72.47000122,,72.79000092,68.30153773,72.32333374,73.86333542,72.34200043
28/06/2017,69.80000305,71.41000366,,72.79000092,68.30153773,72.32333374,74.00333558,71.83799988
29/06/2017,68.48999786,72.5,,72.79000092,68.30153773,72.32333374,74.14333573,71.27799927
30/06/2017,68.93000031,73.58999634,,72.79000092,68.30153773,72.32333374,74.28333588,70.6619986
03/07/2017,68.16999817,73.22000122,,72.79000092,68.30153773,72.32333374,74.42333603,69.98999787
05/07/2017,69.08000183,73.65000153,,72.79000092,68.30153773,72.32333374,74.56333619,69.26199708
06/07/2017,68.56999969,72.40000153,,72.79000092,68.30153773,72.32333374,74.70333634,68.47799623
07/07/2017,69.45999908,72.48999786,,72.79000092,68.30153773,72.32333374,74.84333649,67.63799531
10/07/2017,69.98000336,72.15000153,,72.79000092,68.30153773,72.32333374,74.98333665,66.74199434
11/07/2017,69.98999786,73.16000366,73.16000366,73.16000366,73.16000366,73.16000366,73.16000366,73.16000366
12/07/2017,71.15000153,72.72000122,,73.16000366,68.64857101,73.38000234,72.81350301,73.29435417
13/07/2017,71.76999664,72.69000244,,73.16000366,68.64857101,73.38000234,72.76200307,73.44640472
14/07/2017,72.77999878,72.81999969,,73.16000366,68.64857101,73.38000234,72.71050313,73.61615531
17/07/2017,73.34999847,72.83000183,,73.16000366,68.64857101,73.38000234,72.65900319,73.80360595
18/07/2017,73.30000305,73.05000305,,73.16000366,68.64857101,73.38000234,72.60750326,74.00875663
19/07/2017,73.86000061,74.01000214,,73.16000366,68.64857101,73.38000234,72.55600332,74.23160735
20/07/2017,74.22000122,74.76999664,,73.16000366,68.64857101,73.38000234,72.50450338,74.47215811
21/07/2017,73.79000092,73.94000244,,73.16000366,68.64857101,73.38000234,72.45300344,74.73040892
24/07/2017,73.59999847,73.61000061,,73.16000366,68.64857101,73.38000234,72.4015035,75.00635977
25/07/2017,74.19000244,73.40000153,73.40000153,73.40000153,73.40000153,73.40000153,73.40000153,73.40000153
26/07/2017,74.05000305,74.33999634,,73.40000153,68.96533305,73.1166687,73.45216904,73.41685105
27/07/2017,73.16000366,73.98000336,,73.40000153,68.96533305,73.1166687,73.48266907,73.43240052
28/07/2017,73.04000092,74.76000214,,73.40000153,68.96533305,73.1166687,73.5131691,73.44664994
31/07/2017,72.69999695,74.68000031,,73.40000153,68.96533305,73.1166687,73.54366913,73.45959931
01/08/2017,72.58000183,75.20999908,,73.40000153,68.96533305,73.1166687,73.57416916,73.47124864
02/08/2017,72.26000214,74.76999664,,73.40000153,68.96533305,73.1166687,73.60466919,73.48159791
03/08/2017,72.15000153,75.30999756,,73.40000153,68.96533305,73.1166687,73.63516922,73.49064714
04/08/2017,72.68000031,75.16000366,,73.40000153,68.96533305,73.1166687,73.66566925,73.49839632
07/08/2017,72.40000153,75.44000244,,73.40000153,68.96533305,73.1166687,73.69616928,73.50484545
08/08/2017,72.79000092,74.94000244,74.94000244,74.94000244,74.94000244,74.94000244,74.94000244,74.94000244
09/08/2017,72.47000122,74.20999908,,74.94000244,69.33874989,73.83333588,74.81233521,75.1655027
10/08/2017,71.41000366,74.41000366,,74.94000244,69.33874989,73.83333588,74.90133514,75.40400299
11/08/2017,72.5,73.26000214,,74.94000244,69.33874989,73.83333588,74.99033508,75.65550331
14/08/2017,73.58999634,73.26000214,,74.94000244,69.33874989,73.83333588,75.07933502,75.92000366
15/08/2017,73.22000122,73.84999847,,74.94000244,69.33874989,73.83333588,75.16833496,76.19750404
16/08/2017,73.65000153,73.87000275,,74.94000244,69.33874989,73.83333588,75.2573349,76.48800445
17/08/2017,72.40000153,74.48999786,,74.94000244,69.33874989,73.83333588,75.34633484,76.79150489
18/08/2017,72.48999786,74.61000061,,74.94000244,69.33874989,73.83333588,75.43533478,77.10800536
21/08/2017,72.15000153,74.26000214,,74.94000244,69.33874989,73.83333588,75.52433472,77.43750586
22/08/2017,73.16000366,74.69000244,74.69000244,74.69000244,74.69000244,74.69000244,74.69000244,74.69000244
23/08/2017,72.72000122,75.97000122,,74.69000244,69.65352945,74.34333547,75.05283597,74.56655239
24/08/2017,72.69000244,76,,74.69000244,69.65352945,74.34333547,75.11733602,74.42520233
25/08/2017,72.81999969,76.29000092,,74.69000244,69.65352945,74.34333547,75.18183606,74.26595226
28/08/2017,72.83000183,76.29000092,,74.69000244,69.65352945,74.34333547,75.24633611,74.08880219
29/08/2017,73.05000305,76.41999817,,74.69000244,69.65352945,74.34333547,75.31083615,73.8937521
30/08/2017,74.01000214,77.12000275,,74.69000244,69.65352945,74.34333547,75.3753362,73.680802
31/08/2017,74.76999664,77.48999786,,74.69000244,69.65352945,74.34333547,75.43983624,73.4499519
01/09/2017,73.94000244,77.65000153,,74.69000244,69.65352945,74.34333547,75.50433629,73.20120178
05/09/2017,73.61000061,77.58999634,,74.69000244,69.65352945,74.34333547,75.56883633,72.93455166
06/09/2017,73.40000153,77.61000061,77.61000061,77.61000061,77.61000061,77.61000061,77.61000061,77.61000061
07/09/2017,74.33999634,77.91000366,,77.61000061,70.09555562,75.7466685,77.21516749,78.07635033
08/09/2017,73.98000336,78.80999756,,77.61000061,70.09555562,75.7466685,77.3486674,78.57440002
11/09/2017,74.76000214,78.83000183,,77.61000061,70.09555562,75.7466685,77.48216731,79.1041497
12/09/2017,74.68000031,78.86000061,,77.61000061,70.09555562,75.7466685,77.61566722,79.66559937
13/09/2017,75.20999908,78.62999725,,77.61000061,70.09555562,75.7466685,77.74916712,80.25874901
14/09/2017,74.76999664,78.76000214,,77.61000061,70.09555562,75.7466685,77.88266703,80.88359863
15/09/2017,75.30999756,83.80999756,,77.61000061,70.09555562,75.7466685,78.01616694,81.54014824
18/09/2017,75.16000366,83.88999939,,77.61000061,70.09555562,75.7466685,78.14966685,82.22839783
19/09/2017,75.44000244,83.18000031,,77.61000061,70.09555562,75.7466685,78.28316676,82.9483474
20/09/2017,74.94000244,83.18000031,83.18000031,83.18000031,83.18000031,83.18000031,83.18000031,83.18000031
21/09/2017,74.20999908,84.05000305,,83.18000031,70.78421061,78.49333445,83.16283328,83.88275036
22/09/2017,74.41000366,84.13999939,,83.18000031,70.78421061,78.49333445,83.58733318,84.61200043
25/09/2017,73.26000214,84.47000122,,83.18000031,70.78421061,78.49333445,84.01183307,85.36775052
26/09/2017,73.26000214,84.26999664,,83.18000031,70.78421061,78.49333445,84.43633296,86.15000062
27/09/2017,73.84999847,84.55999756,,83.18000031,70.78421061,78.49333445,84.86083286,86.95875073
28/09/2017,73.87000275,84.08999634,,83.18000031,70.78421061,78.49333445,85.28533275,87.79400086
29/09/2017,74.48999786,83.87000275,,83.18000031,70.78421061,78.49333445,85.70983264,88.65575101
02/10/2017,74.61000061,83.93000031,,83.18000031,70.78421061,78.49333445,86.13433254,89.54400117
03/10/2017,74.26000214,84.05000305,,83.18000031,70.78421061,78.49333445,86.55883243,90.45875135
04/10/2017,74.69000244,82.98000336,82.98000336,82.98000336,82.98000336,82.98000336,82.98000336,82.98000336
05/10/2017,75.97000122,83.19999695,,82.98000336,71.39400024,81.25666809,84.21016961,82.64265385
06/10/2017,76,82.40000153,,82.98000336,71.39400024,81.25666809,84.47866974,82.24760437
09/10/2017,76.29000092,82.52999878,,82.98000336,71.39400024,81.25666809,84.74716988,81.79485493
10/10/2017,76.29000092,83.72000122,,82.98000336,71.39400024,81.25666809,85.01567002,81.28440552
11/10/2017,76.41999817,83.11000061,,82.98000336,71.39400024,81.25666809,85.28417016,80.71625614
12/10/2017,77.12000275,83.26000214,,82.98000336,71.39400024,81.25666809,85.55267029,80.0904068
13/10/2017,77.48999786,83.87000275,,82.98000336,71.39400024,81.25666809,85.82117043,79.40685749
16/10/2017,77.65000153,84.87999725,,82.98000336,71.39400024,81.25666809,86.08967057,78.66560821
17/10/2017,77.58999634,83.33999634,,82.98000336,71.39400024,81.25666809,86.35817071,77.86665897
18/10/2017,77.61000061,84.16999817,84.16999817,84.16999817,84.16999817,84.16999817,84.16999817,84.16999817
19/10/2017,77.91000366,84.26000214,,84.16999817,72.0023811,83.44333395,83.98783277,84.3654472
20/10/2017,78.80999756,81.08000183,,84.16999817,72.0023811,83.44333395,84.03733266,84.57479614
23/10/2017,78.83000183,81.58999634,,84.16999817,72.0023811,83.44333395,84.08683256,84.79804501
24/10/2017,78.86000061,82.77999878,,84.16999817,72.0023811,83.44333395,84.13633245,85.03519379
25/10/2017,78.62999725,82.48999786,,84.16999817,72.0023811,83.44333395,84.18583234,85.28624248
26/10/2017,78.76000214,84.16000366,,84.16999817,72.0023811,83.44333395,84.23533223,85.5511911
27/10/2017,83.80999756,85.23000336,,84.16999817,72.0023811,83.44333395,84.28483213,85.83003963
30/10/2017,83.88999939,85.58000183,,84.16999817,72.0023811,83.44333395,84.33433202,86.12278809
31/10/2017,83.18000031,85.34999847,,84.16999817,72.0023811,83.44333395,84.38383191,86.42943645
01/11/2017,83.18000031,84.69000244,84.69000244,84.69000244,84.69000244,84.69000244,84.69000244,84.69000244
02/11/2017,84.05000305,86.84999847,,84.69000244,72.57909116,83.94666799,84.88716748,84.70515339
03/11/2017,84.13999939,86.37999725,,84.69000244,72.57909116,83.94666799,84.97266744,84.71360443
06/11/2017,84.47000122,85.83000183,,84.69000244,72.57909116,83.94666799,85.05816739,84.71535557
07/11/2017,84.26999664,85.51999664,,84.69000244,72.57909116,83.94666799,85.14366735,84.7104068
08/11/2017,84.55999756,85.5,,84.69000244,72.57909116,83.94666799,85.2291673,84.69875812
09/11/2017,84.08999634,85.51000214,,84.69000244,72.57909116,83.94666799,85.31466725,84.68040954
10/11/2017,83.87000275,85.40000153,,84.69000244,72.57909116,83.94666799,85.40016721,84.65536106
13/11/2017,83.93000031,85.70999908,,84.69000244,72.57909116,83.94666799,85.48566716,84.62361267
14/11/2017,84.05000305,85.72000122,,84.69000244,72.57909116,83.94666799,85.57116712,84.58516437
15/11/2017,82.98000336,85.54000092,85.54000092,85.54000092,85.54000092,85.54000092,85.54000092,85.54000092
16/11/2017,83.19999695,85.94999695,,85.54000092,73.14260897,84.80000051,85.55350202,85.64315045
17/11/2017,82.40000153,86.34999847,,85.54000092,73.14260897,84.80000051,85.62200216,85.74959992
20/11/2017,82.52999878,87.11000061,,85.54000092,73.14260897,84.80000051,85.6905023,85.85934933
21/11/2017,83.72000122,88.19000244,,85.54000092,73.14260897,84.80000051,85.75900243,85.97239869
22/11/2017,83.11000061,88.27999878,,85.54000092,73.14260897,84.80000051,85.82750257,86.08874799
24/11/2017,83.26000214,88.22000122,,85.54000092,73.14260897,84.80000051,85.89600271,86.20839723
27/11/2017,83.87000275,87.81999969,,85.54000092,73.14260897,84.80000051,85.96450285,86.33134641
28/11/2017,84.87999725,88.08000183,,85.54000092,73.14260897,84.80000051,86.03300298,86.45759554
29/11/2017,83.33999634,89.59999847,,85.54000092,73.14260897,84.80000051,86.10150312,86.5871446
30/11/2017,84.16999817,88.34999847,88.34999847,88.34999847,88.34999847,88.34999847,88.34999847,88.34999847
01/12/2017,84.26000214,90.13999939,,88.34999847,73.7762502,86.19333394,88.20633176,88.73879817
04/12/2017,81.08000183,90.09999847,,88.34999847,73.7762502,86.19333394,88.38933156,89.14719787
05/12/2017,81.58999634,90,,88.34999847,73.7762502,86.19333394,88.57233136,89.57519755
06/12/2017,82.77999878,91.61000061,,88.34999847,73.7762502,86.19333394,88.75533116,90.02279723
07/12/2017,82.48999786,91.90000153,,88.34999847,73.7762502,86.19333394,88.93833097,90.4899969
08/12/2017,84.16000366,91.81999969,,88.34999847,73.7762502,86.19333394,89.12133077,90.97679655
11/12/2017,85.23000336,92.33000183,,88.34999847,73.7762502,86.19333394,89.30433057,91.4831962
12/12/2017,85.58000183,94.05999756,,88.34999847,73.7762502,86.19333394,89.48733037,92.00919584
13/12/2017,85.34999847,93.91999817,,88.34999847,73.7762502,86.19333394,89.67033017,92.55479547
14/12/2017,84.69000244,92.73999786,92.73999786,92.73999786,92.73999786,92.73999786,92.73999786,92.73999786
15/12/2017,86.84999847,95.01000214,,92.73999786,74.53480011,88.87666575,92.83666407,93.2658979
18/12/2017,86.37999725,94.26000214,,92.73999786,74.53480011,88.87666575,93.19666391,93.80759796
19/12/2017,85.83000183,91.77999878,,92.73999786,74.53480011,88.87666575,93.55666376,94.36509804
20/12/2017,85.51999664,88,,92.73999786,74.53480011,88.87666575,93.91666361,94.93839813
21/12/2017,85.5,91.33000183,,92.73999786,74.53480011,88.87666575,94.27666345,95.52749824
22/12/2017,85.51000214,89.61000061,,92.73999786,74.53480011,88.87666575,94.6366633,96.13239838
26/12/2017,85.40000153,85.01000214,,92.73999786,74.53480011,88.87666575,94.99666315,96.75309853
27/12/2017,85.70999908,88.18000031,,92.73999786,74.53480011,88.87666575,95.356663,97.3895987
28/12/2017,85.72000122,89.12999725,,92.73999786,74.53480011,88.87666575,95.71666284,98.04189888
29/12/2017,85.54000092,89.83000183,89.83000183,89.83000183,89.83000183,89.83000183,89.83000183,89.83000183
02/01/2018,85.94999695,90.80999756,,89.83000183,75.1230771,90.30666605,91.1206679,89.13750248
03/01/2018,86.34999847,92.66000366,,89.83000183,75.1230771,90.30666605,91.19466807,88.37200317
04/01/2018,87.11000061,92,,89.83000183,75.1230771,90.30666605,91.26866824,87.53350391
05/01/2018,88.19000244,92.72000122,,89.83000183,75.1230771,90.30666605,91.34266841,86.6220047
08/01/2018,88.27999878,91.48999786,,89.83000183,75.1230771,90.30666605,91.41666857,85.63750553
09/01/2018,88.22000122,91.73000336,,89.83000183,75.1230771,90.30666605,91.49066874,84.58000641
10/01/2018,87.81999969,94.05999756,,89.83000183,75.1230771,90.30666605,91.56466891,83.44950733
11/01/2018,88.08000183,95.41999817,,89.83000183,75.1230771,90.30666605,91.63866908,82.2460083
12/01/2018,89.59999847,94.19999695,,89.83000183,75.1230771,90.30666605,91.71266925,80.96950932
16/01/2018,88.34999847,93.76999664,93.76999664,93.76999664,93.76999664,93.76999664,93.76999664,93.76999664
17/01/2018,90.13999939,92.84999847,,93.76999664,75.81370375,92.11333211,92.67983144,94.54074562
18/01/2018,90.09999847,93.05000305,,93.76999664,75.81370375,92.11333211,92.73133138,95.3799945
19/01/2018,90,93.63999939,,93.76999664,75.81370375,92.11333211,92.78283132,96.2877433
22/01/2018,91.61000061,93.31999969,,93.76999664,75.81370375,92.11333211,92.83433126,97.263992
23/01/2018,91.90000153,93.86000061,,93.76999664,75.81370375,92.11333211,92.88583119,98.30874061
24/01/2018,91.81999969,94.43000031,,93.76999664,75.81370375,92.11333211,92.93733113,99.42198913
25/01/2018,92.33000183,96.54000092,,93.76999664,75.81370375,92.11333211,92.98883107,100.6037376
26/01/2018,94.05999756,96.76999664,,93.76999664,75.81370375,92.11333211,93.04033101,101.8539859
29/01/2018,93.91999817,94.41000366,,93.76999664,75.81370375,92.11333211,93.09183095,103.1727341
30/01/2018,92.73999786,93.84999847,93.84999847,93.84999847,93.84999847,93.84999847,93.84999847,93.84999847
31/01/2018,95.01000214,94.18000031,,93.84999847,76.45785713,92.48333231,94.69433047,93.64569904
01/02/2018,94.26000214,94.59999847,,93.84999847,76.45785713,92.48333231,94.8953303,93.40279968
02/02/2018,91.77999878,92.88999939,,93.84999847,76.45785713,92.48333231,95.09633013,93.12130039
05/02/2018,88,93.12999725,,93.84999847,76.45785713,92.48333231,95.29732996,92.80120117
06/02/2018,91.33000183,92.48000336,,93.84999847,76.45785713,92.48333231,95.49832979,92.44250202
07/02/2018,89.61000061,89.79000092,,93.84999847,76.45785713,92.48333231,95.69932963,92.04520294
08/02/2018,85.01000214,87.18000031,,93.84999847,76.45785713,92.48333231,95.90032946,91.60930393
09/02/2018,88.18000031,93.77999878,,93.84999847,76.45785713,92.48333231,96.10132929,91.13480499
12/02/2018,89.12999725,89.47000122,,93.84999847,76.45785713,92.48333231,96.30232912,90.62170612
13/02/2018,89.83000183,89.38999939,89.38999939,89.38999939,89.38999939,89.38999939,89.38999939,89.38999939
14/02/2018,90.80999756,91.26999664,,89.38999939,76.90379307,92.33666483,89.92766635,88.69429943
15/02/2018,92.66000366,88.51999664,,89.38999939,76.90379307,92.33666483,89.70866648,87.95319946
16/02/2018,92,89.70999908,,89.38999939,76.90379307,92.33666483,89.48966662,87.16669949
20/02/2018,92.72000122,92.33000183,,89.38999939,76.90379307,92.33666483,89.27066676,86.3347995
21/02/2018,91.48999786,92.37999725,,89.38999939,76.90379307,92.33666483,89.0516669,85.45749951
22/02/2018,91.73000336,90.23000336,,89.38999939,76.90379307,92.33666483,88.83266703,84.53479951
23/02/2018,94.05999756,90.76999664,,89.38999939,76.90379307,92.33666483,88.61366717,83.56669949
26/02/2018,95.41999817,92.87999725,,89.38999939,76.90379307,92.33666483,88.39466731,82.55319947
27/02/2018,94.19999695,91.86000061,,89.38999939,76.90379307,92.33666483,88.17566745,81.49429944
28/02/2018,93.76999664,93.58000183,93.58000183,93.58000183,93.58000183,93.58000183,93.58000183,93.58000183
01/03/2018,92.84999847,93.08000183,,93.58000183,77.4596667,92.27333323,92.12483508,94.47475216
02/03/2018,93.05000305,94.16999817,,93.58000183,77.4596667,92.27333323,92.11133525,95.4560025
05/03/2018,93.63999939,96.06999969,,93.58000183,77.4596667,92.27333323,92.09783541,96.52375286
06/03/2018,93.31999969,96.44000244,,93.58000183,77.4596667,92.27333323,92.08433558,97.67800323
07/03/2018,93.86000061,96.11000061,,93.58000183,77.4596667,92.27333323,92.07083575,98.91875362
08/03/2018,94.43000031,95,,93.58000183,77.4596667,92.27333323,92.05733592,100.246004
09/03/2018,96.54000092,95.34999847,,93.58000183,77.4596667,92.27333323,92.04383609,101.6597544
12/03/2018,96.76999664,93.12000275,,93.58000183,77.4596667,92.27333323,92.03033625,103.1600049
13/03/2018,94.41000366,92.30999756,,93.58000183,77.4596667,92.27333323,92.01683642,104.7467553
14/03/2018,93.84999847,94.26000214,94.26000214,94.26000214,94.26000214,94.26000214,94.26000214,94.26000214
15/03/2018,94.18000031,95.81999969,,94.26000214,78.001613,92.41000112,95.08850263,94.13495205
16/03/2018,94.59999847,93.51999664,,94.26000214,78.001613,92.41000112,95.33200277,93.97480195
19/03/2018,92.88999939,95,,94.26000214,78.001613,92.41000112,95.57550291,93.77955182
20/03/2018,93.12999725,93.51000214,,94.26000214,78.001613,92.41000112,95.81900304,93.54920167
21/03/2018,92.48000336,94.06999969,,94.26000214,78.001613,92.41000112,96.06250318,93.2837515
22/03/2018,89.79000092,95.16000366,,94.26000214,78.001613,92.41000112,96.30600332,92.9832013
23/03/2018,87.18000031,96.22000122,,94.26000214,78.001613,92.41000112,96.54950346,92.64755109
26/03/2018,93.77999878,95.80999756,,94.26000214,78.001613,92.41000112,96.79300359,92.27680085
27/03/2018,89.47000122,96.94000244,,94.26000214,78.001613,92.41000112,97.03650373,91.8709506
28/03/2018,89.38999939,97.91000366,97.91000366,97.91000366,97.91000366,97.91000366,97.91000366,97.91000366
29/03/2018,91.26999664,97.69999695,,97.91000366,78.62375021,95.25000254,97.63150355,98.43835388
02/04/2018,88.51999664,98.02999878,,97.91000366,78.62375021,95.25000254,97.84800364,98.99640411
03/04/2018,89.70999908,97.31999969,,97.91000366,78.62375021,95.25000254,98.06450373,99.58415435
04/04/2018,92.33000183,97.15000153,,97.91000366,78.62375021,95.25000254,98.28100382,100.2016046
05/04/2018,92.37999725,96.18000031,,97.91000366,78.62375021,95.25000254,98.49750392,100.8487549
06/04/2018,90.23000336,96.36000061,,97.91000366,78.62375021,95.25000254,98.71400401,101.5256052
09/04/2018,90.76999664,97.59999847,,97.91000366,78.62375021,95.25000254,98.9305041,102.2321554
10/04/2018,92.87999725,97.5,,97.91000366,78.62375021,95.25000254,99.14700419,102.9684057
11/04/2018,91.86000061,98.66000366,,97.91000366,78.62375021,95.25000254,99.36350428,103.7343561
12/04/2018,93.58000183,98.30999756,98.30999756,98.30999756,98.30999756,98.30999756,98.30999756,98.30999756
13/04/2018,93.08000183,98.36000061,,98.30999756,79.22030316,96.82666779,99.05416527,98.17124653
16/04/2018,94.16999817,98.01000214,,98.30999756,79.22030316,96.82666779,99.25666504,97.99999543
17/04/2018,96.06999969,98.94999695,,98.30999756,79.22030316,96.82666779,99.45916481,97.79624424
18/04/2018,96.44000244,98.83999634,,98.30999756,79.22030316,96.82666779,99.66166458,97.55999299
19/04/2018,96.11000061,100.7900009,,98.30999756,79.22030316,96.82666779,99.86416435,97.29124165
20/04/2018,95,101.6699982,,98.30999756,79.22030316,96.82666779,100.0666641,96.98999024
23/04/2018,95.34999847,102.1900024,,98.30999756,79.22030316,96.82666779,100.2691639,96.65623876
24/04/2018,93.12000275,102.4899979,,98.30999756,79.22030316,96.82666779,100.4716637,96.28998719
25/04/2018,92.30999756,100.8799973,,98.30999756,79.22030316,96.82666779,100.6741634,95.89123555
26/04/2018,94.26000214,101.6299973,101.6299973,101.6299973,101.6299973,101.6299973,101.6299973,101.6299973
27/04/2018,95.81999969,101.0500031,,101.6299973,79.87941181,99.28333284,101.3293293,102.1225976
30/04/2018,93.51999664,101.3099976,,101.6299973,79.87941181,99.28333284,101.515329,102.6443979
01/05/2018,95,100.8499985,,101.6299973,79.87941181,99.28333284,101.7013287,103.1953984
02/05/2018,93.51000214,101.4199982,,101.6299973,79.87941181,99.28333284,101.8873284,103.7755988
03/05/2018,94.06999969,100.1299973,,101.6299973,79.87941181,99.28333284,102.0733281,104.3849994
04/05/2018,95.16000366,100.8600006,,101.6299973,79.87941181,99.28333284,102.2593278,105.0235999
07/05/2018,96.22000122,100.8600006,,101.6299973,79.87941181,99.28333284,102.4453274,105.6914006
08/05/2018,95.80999756,101.8700027,,101.6299973,79.87941181,99.28333284,102.6313271,106.3884013
09/05/2018,96.94000244,101.1399994,,101.6299973,79.87941181,99.28333284,102.8173268,107.1146021
10/05/2018,97.91000366,100.4100037,100.4100037,100.4100037,100.4100037,100.4100037,100.4100037,100.4100037
11/05/2018,97.69999695,98.38999939,,100.4100037,80.46600015,100.1166662,101.2716696,100.0383047
14/05/2018,98.02999878,99.08000183,,100.4100037,80.46600015,100.1166662,101.3766699,99.62120578
15/05/2018,97.31999969,97.54000092,,100.4100037,80.46600015,100.1166662,101.4816702,99.15870692
16/05/2018,97.15000153,98.62999725,,100.4100037,80.46600015,100.1166662,101.5866705,98.65080812
17/05/2018,96.18000031,98.61000061,,100.4100037,80.46600015,100.1166662,101.6916708,98.0975094
18/05/2018,96.36000061,100.0100021,,100.4100037,80.46600015,100.1166662,101.7966711,97.49881074
21/05/2018,97.59999847,99.05000305,,100.4100037,80.46600015,100.1166662,101.9016714,96.85471214
22/05/2018,97.5,99.76000214,,100.4100037,80.46600015,100.1166662,102.0066717,96.16521362
23/05/2018,98.66000366,101.1600037,,100.4100037,80.46600015,100.1166662,102.111672,95.43031515
24/05/2018,98.30999756,101.8499985,101.8499985,101.8499985,101.8499985,101.8499985,101.8499985,101.8499985
25/05/2018,98.36000061,102.1200027,,101.8499985,81.0600001,101.2966665,101.4176672,102.1402973
29/05/2018,98.01000214,101.9800034,,101.8499985,81.0600001,101.2966665,101.4286672,102.4571961
30/05/2018,98.94999695,104.1900024,,101.8499985,81.0600001,101.2966665,101.4396673,102.8006947
31/05/2018,98.83999634,105.4300003,,101.8499985,81.0600001,101.2966665,101.4506673,103.1707932
01/06/2018,100.7900009,104.9100037,,101.8499985,81.0600001,101.2966665,101.4616674,103.5674915
04/06/2018,101.6699982,105.9499969,,101.8499985,81.0600001,101.2966665,101.4726675,103.9907898
05/06/2018,102.1900024,105.1200027,,101.8499985,81.0600001,101.2966665,101.4836675,104.440688
06/06/2018,102.4899979,104.4000015,,101.8499985,81.0600001,101.2966665,101.4946676,104.917186
07/06/2018,100.8799973,106.2699966,,101.8499985,81.0600001,101.2966665,101.5056676,105.4202839
08/06/2018,101.6299973,107.9700012,107.9700012,107.9700012,107.9700012,107.9700012,107.9700012,107.9700012
11/06/2018,101.0500031,107.6600037,,107.9700012,81.78729743,103.4100011,107.5679998,108.8394019
12/06/2018,101.3099976,110.8300018,,107.9700012,81.78729743,103.4100011,107.9459996,109.7556027
13/06/2018,100.8499985,109.6200027,,107.9700012,81.78729743,103.4100011,108.3239995,110.7186036
14/06/2018,101.4199982,107.6800003,,107.9700012,81.78729743,103.4100011,108.7019994,111.7284045
15/06/2018,100.1299973,105.3700027,,107.9700012,81.78729743,103.4100011,109.0799993,112.7850055
18/06/2018,100.8600006,106.0800018,,107.9700012,81.78729743,103.4100011,109.4579991,113.8884066
19/06/2018,100.8600006,106.2799988,,107.9700012,81.78729743,103.4100011,109.835999,115.0386078
20/06/2018,101.8700027,107.5699997,,107.9700012,81.78729743,103.4100011,110.2139989,116.235609
21/06/2018,101.1399994,108.0400009,,107.9700012,81.78729743,103.4100011,110.5919988,117.4794104
22/06/2018,100.4100037,108.1299973,108.1299973,108.1299973,108.1299973,108.1299973,108.1299973,108.1299973
25/06/2018,98.38999939,108.8799973,,108.1299973,82.48052638,105.9833323,109.4373317,107.8181965
26/06/2018,99.08000183,109.4899979,,108.1299973,82.48052638,105.9833323,109.7513316,107.4467957
27/06/2018,97.54000092,109.6699982,,108.1299973,82.48052638,105.9833323,110.0653316,107.0157948
28/06/2018,98.62999725,109,,108.1299973,82.48052638,105.9833323,110.3793315,106.5251939
29/06/2018,98.61000061,108.2099991,,108.1299973,82.48052638,105.9833323,110.6933314,105.9749929
02/07/2018,100.0100021,109.5599976,,108.1299973,82.48052638,105.9833323,111.0073314,105.3651918
03/07/2018,99.05000305,107.6600037,,108.1299973,82.48052638,105.9833323,111.3213313,104.6957906
05/07/2018,99.76000214,107.6399994,,108.1299973,82.48052638,105.9833323,111.6353313,103.9667894
06/07/2018,101.1600037,107.5800018,,108.1299973,82.48052638,105.9833323,111.9493312,103.1781881
09/07/2018,101.8499985,106.8700027,106.8700027,106.8700027,106.8700027,106.8700027,106.8700027,106.8700027
10/07/2018,102.1200027,105.9800034,,106.8700027,83.10589756,107.6566671,107.0516679,106.6659038
11/07/2018,101.9800034,107.0599976,,106.8700027,83.10589756,107.6566671,106.996668,106.4476049
12/07/2018,104.1900024,107.5599976,,106.8700027,83.10589756,107.6566671,106.941668,106.2151061
13/07/2018,105.4300003,108.4000015,,106.8700027,83.10589756,107.6566671,106.8866681,105.9684075
16/07/2018,104.9100037,109.5999985,,106.8700027,83.10589756,107.6566671,106.8316682,105.7075089
17/07/2018,105.9499969,110.2600021,,106.8700027,83.10589756,107.6566671,106.7766683,105.4324104
18/07/2018,105.1200027,112.0199966,,106.8700027,83.10589756,107.6566671,106.7216683,105.143112
19/07/2018,104.4000015,111.9499969,,106.8700027,83.10589756,107.6566671,106.6666684,104.8396137
20/07/2018,106.2699966,112.3300018,,106.8700027,83.10589756,107.6566671,106.6116685,104.5219155
23/07/2018,107.9700012,111.7099991,111.7099991,111.7099991,111.7099991,111.7099991,111.7099991,111.7099991
24/07/2018,107.6600037,108.4899979,,111.7099991,83.8210001,108.903333,110.872334,112.5294982
25/07/2018,110.8300018,108.7399979,,111.7099991,83.8210001,108.903333,111.0513341,113.4099973
26/07/2018,109.6200027,108.2099991,,111.7099991,83.8210001,108.903333,111.2303342,114.3514963
27/07/2018,107.6800003,109.3799973,,111.7099991,83.8210001,108.903333,111.4093343,115.3539951
30/07/2018,105.3700027,111.2399979,,111.7099991,83.8210001,108.903333,111.5883344,116.4174939
31/07/2018,106.0800018,111.7099991,,111.7099991,83.8210001,108.903333,111.7673345,117.5419926
01/08/2018,106.2799988,112.9100037,,111.7099991,83.8210001,108.903333,111.9463346,118.7274912
02/08/2018,107.5699997,113.3700027,,111.7099991,83.8210001,108.903333,112.1253347,119.9739897
03/08/2018,108.0400009,112.1399994,,111.7099991,83.8210001,108.903333,112.3043347,121.2814882
06/08/2018,108.1299973,113.2099991,113.2099991,113.2099991,113.2099991,113.2099991,113.2099991,113.2099991
07/08/2018,108.8799973,111.6999969,,113.2099991,84.53780496,110.596667,114.083665,113.1762993
08/08/2018,109.4899979,113.5699997,,113.2099991,84.53780496,110.596667,114.4006648,113.1091995
09/08/2018,109.6699982,114.2600021,,113.2099991,84.53780496,110.596667,114.7176646,113.0086998
10/08/2018,109,114.6699982,,113.2099991,84.53780496,110.596667,115.0346644,112.8748001
13/08/2018,108.2099991,114.4499969,,113.2099991,84.53780496,110.596667,115.3516643,112.7075004
14/08/2018,109.5599976,113.9800034,,113.2099991,84.53780496,110.596667,115.6686641,112.5068008
15/08/2018,107.6600037,114.4100037,,113.2099991,84.53780496,110.596667,115.9856639,112.2727012
16/08/2018,107.6399994,114.3700027,,113.2099991,84.53780496,110.596667,116.3026637,112.0052017
17/08/2018,107.5800018,115.6100006,,113.2099991,84.53780496,110.596667,116.6196635,111.7043022
20/08/2018,106.8700027,115.1500015,115.1500015,115.1500015,115.1500015,115.1500015,115.1500015,115.1500015
21/08/2018,105.9800034,115.1699982,,115.1500015,85.26666678,113.3566666,115.2486679,115.3682019
22/08/2018,107.0599976,112.7900009,,115.1500015,85.26666678,113.3566666,115.420668,115.5908023
23/08/2018,107.5599976,112.1299973,,115.1500015,85.26666678,113.3566666,115.5926681,115.8178027
24/08/2018,108.4000015,110.8499985,,115.1500015,85.26666678,113.3566666,115.7646682,116.0492031
27/08/2018,109.5999985,112.2600021,,115.1500015,85.26666678,113.3566666,115.9366684,116.2850036
28/08/2018,110.2600021,106.1600037,,115.1500015,85.26666678,113.3566666,116.1086685,116.5252041
29/08/2018,112.0199966,105.9100037,,115.1500015,85.26666678,113.3566666,116.2806686,116.7698046
30/08/2018,111.9499969,109.5699997,,115.1500015,85.26666678,113.3566666,116.4526687,117.0188051
31/08/2018,112.3300018,107.5999985,,115.1500015,85.26666678,113.3566666,116.6246688,117.2722057
04/09/2018,111.7099991,111,111,111,111,111,111,111
05/09/2018,108.4899979,110.7099991,,111,85.86511639,113.1200002,111.9045007,110.2500496
06/09/2018,108.7399979,108.5,,111,85.86511639,113.1200002,111.7940007,109.4391992
07/09/2018,108.2099991,108.6600037,,111,85.86511639,113.1200002,111.6835008,108.5674488
10/09/2018,109.3799973,109.6299973,,111,85.86511639,113.1200002,111.5730008,107.6347983
11/09/2018,111.2399979,108.0999985,,111,85.86511639,113.1200002,111.4625009,106.6412478
12/09/2018,111.7099991,102.3199997,,111,85.86511639,113.1200002,111.3520009,105.5867972
13/09/2018,112.9100037,108.3000031,,111,85.86511639,113.1200002,111.241501,104.4714466
14/09/2018,113.3700027,106.9599991,,111,85.86511639,113.1200002,111.131001,103.295196
17/09/2018,112.1399994,103.8499985,,111,85.86511639,113.1200002,111.0205011,102.0580453
18/09/2018,113.2099991,103.7300034,103.7300034,103.7300034,103.7300034,103.7300034,103.7300034,103.7300034
19/09/2018,111.6999969,106.8099976,,103.7300034,86.27113655,109.9600016,103.6790027,102.831404
20/09/2018,113.5699997,105.9199982,,103.7300034,86.27113655,109.9600016,103.1080028,101.9016047
21/09/2018,114.2600021,106.1600037,,103.7300034,86.27113655,109.9600016,102.5370029,100.9406054
24/09/2018,114.6699982,107.5100021,,103.7300034,86.27113655,109.9600016,101.966003,99.94840613
25/09/2018,114.4499969,107.7200012,,103.7300034,86.27113655,109.9600016,101.3950031,98.92500694
26/09/2018,113.9800034,111.9599991,,103.7300034,86.27113655,109.9600016,100.8240032,97.87040779
27/09/2018,114.4100037,111.75,,103.7300034,86.27113655,109.9600016,100.2530032,96.7846087
28/09/2018,114.3700027,109.5699997,,103.7300034,86.27113655,109.9600016,99.68200334,95.66760965
01/10/2018,115.6100006,106.8700027,,103.7300034,86.27113655,109.9600016,99.11100344,94.51941065
02/10/2018,115.1500015,106.9400024,106.9400024,106.9400024,106.9400024,106.9400024,106.9400024,106.9400024
03/10/2018,115.1699982,104.9700012,,106.9400024,86.73044468,107.2233353,104.9903366,107.8374021
04/10/2018,112.7900009,107.2799988,,106.9400024,86.73044468,107.2233353,104.7873367,108.8396017
05/10/2018,112.1299973,108.2900009,,106.9400024,86.73044468,107.2233353,104.5843368,109.9466012
08/10/2018,110.8499985,104.6200027,,106.9400024,86.73044468,107.2233353,104.3813369,111.1584008
09/10/2018,112.2600021,101.7099991,,106.9400024,86.73044468,107.2233353,104.1783371,112.4750002
10/10/2018,106.1600037,103.1100006,,106.9400024,86.73044468,107.2233353,103.9753372,113.8963997
11/10/2018,105.9100037,103.0699997,,106.9400024,86.73044468,107.2233353,103.7723373,115.4225991
12/10/2018,109.5699997,106.4700012,,106.9400024,86.73044468,107.2233353,103.5693374,117.0535984
15/10/2018,107.5999985,107.1399994,,106.9400024,86.73044468,107.2233353,103.3663375,118.7893977
16/10/2018,111,111.1200027,111.1200027,111.1200027,111.1200027,111.1200027,111.1200027,111.1200027
17/10/2018,110.7099991,110.1900024,,111.1200027,87.26065246,107.2633362,111.3278358,111.5913528
18/10/2018,108.5,110.8899994,,111.1200027,87.26065246,107.2633362,111.6973357,112.0724029
19/10/2018,108.6600037,112.0899963,,111.1200027,87.26065246,107.2633362,112.0668357,112.563153
22/10/2018,109.6299973,108.5199966,,111.1200027,87.26065246,107.2633362,112.4363357,113.0636032
23/10/2018,108.0999985,109.1900024,,111.1200027,87.26065246,107.2633362,112.8058356,113.5737533
24/10/2018,102.3199997,104.8199997,,111.1200027,87.26065246,107.2633362,113.1753356,114.0936035
25/10/2018,108.3000031,107.5899963,,111.1200027,87.26065246,107.2633362,113.5448356,114.6231537
26/10/2018,106.9599991,108.5899963,,111.1200027,87.26065246,107.2633362,113.9143355,115.1624039
29/10/2018,103.8499985,109.0800018,,111.1200027,87.26065246,107.2633362,114.2838355,115.7113541
30/10/2018,103.7300034,109.4499969,109.4499969,109.4499969,109.4499969,109.4499969,109.4499969,109.4499969
31/10/2018,106.8099976,106.0299988,,109.4499969,87.73276617,109.1700007,110.5504976,108.961246
01/11/2018,105.9199982,102.8899994,,109.4499969,87.73276617,109.1700007,110.6759974,108.413995
02/11/2018,106.1600037,103.9700012,,109.4499969,87.73276617,109.1700007,110.8014971,107.808244
05/11/2018,107.5100021,103.6900024,,109.4499969,87.73276617,109.1700007,110.9269968,107.1439929
06/11/2018,107.7200012,101.5100021,,109.4499969,87.73276617,109.1700007,111.0524965,106.4212417
07/11/2018,111.9599991,98.23000336,,109.4499969,87.73276617,109.1700007,111.1779963,105.6399905
08/11/2018,111.75,94.12999725,,109.4499969,87.73276617,109.1700007,111.303496,104.8002392
09/11/2018,109.5699997,100.5599976,,109.4499969,87.73276617,109.1700007,111.4289957,103.9019879
12/11/2018,106.8700027,101.1800003,,109.4499969,87.73276617,109.1700007,111.5544954,102.9452365
13/11/2018,106.9400024,100.3899994,100.3899994,100.3899994,100.3899994,100.3899994,100.3899994,100.3899994
14/11/2018,104.9700012,101.5699997,,100.3899994,87.99645853,106.9866663,101.0851645,99.07755011
15/11/2018,107.2799988,101.1200027,,100.3899994,87.99645853,106.9866663,100.5486644,97.6912009
16/11/2018,108.2900009,97.40000153,,100.3899994,87.99645853,106.9866663,100.0121642,96.23095177
19/11/2018,104.6200027,101.9300003,,100.3899994,87.99645853,106.9866663,99.47566402,94.69680272
20/11/2018,101.7099991,102.0599976,,100.3899994,87.99645853,106.9866663,98.93916386,93.08875376
21/11/2018,103.1100006,102.8000031,,100.3899994,87.99645853,106.9866663,98.40266369,91.40680488
23/11/2018,103.0699997,104.2699966,,100.3899994,87.99645853,106.9866663,97.86616353,89.65095609
26/11/2018,106.4700012,103.5999985,,100.3899994,87.99645853,106.9866663,97.32966336,87.82120738
27/11/2018,107.1399994,102.8000031,,100.3899994,87.99645853,106.9866663,96.7931632,85.91755875
28/11/2018,111.1200027,102.0500031,102.0500031,102.0500031,102.0500031,102.0500031,102.0500031,102.0500031
29/11/2018,110.1900024,105.0100021,,102.0500031,88.28326556,103.9633331,99.89333654,102.8056035
30/11/2018,110.8899994,105.3799973,,102.0500031,88.28326556,103.9633331,99.52333685,103.668404
03/12/2018,112.0899963,106.1200027,,102.0500031,88.28326556,103.9633331,99.15333716,104.6384044
04/12/2018,108.5199966,107.7099991,,102.0500031,88.28326556,103.9633331,98.78333747,105.7156049
06/12/2018,109.1900024,105.6800003,,102.0500031,88.28326556,103.9633331,98.41333778,106.9000054
07/12/2018,104.8199997,106.7099991,,102.0500031,88.28326556,103.9633331,98.04333809,108.1916059
10/12/2018,107.5899963,106.1999969,,102.0500031,88.28326556,103.9633331,97.6733384,109.5904064
11/12/2018,108.5899963,107.1699982,,102.0500031,88.28326556,103.9633331,97.30333871,111.0964069
12/12/2018,109.0800018,105.0800018,,102.0500031,88.28326556,103.9633331,96.93333902,112.7096075
13/12/2018,109.4499969,102.9400024,102.9400024,102.9400024,102.9400024,102.9400024,102.9400024,102.9400024
14/12/2018,106.0299988,106.3799973,,102.9400024,88.5764003,101.793335,103.1958366,102.9866521
17/12/2018,102.8899994,104.4300003,,102.9400024,88.5764003,101.793335,103.3233368,103.0256017
18/12/2018,103.9700012,102.7799988,,102.9400024,88.5764003,101.793335,103.4508369,103.0568513
19/12/2018,103.6900024,105.7399979,,102.9400024,88.5764003,101.793335,103.5783371,103.0804009
20/12/2018,101.5100021,107.2200012,,102.9400024,88.5764003,101.793335,103.7058372,103.0962504
21/12/2018,98.23000336,106.0299988,,102.9400024,88.5764003,101.793335,103.8333374,103.1043999
24/12/2018,94.12999725,105.2699966,,102.9400024,88.5764003,101.793335,103.9608375,103.1048493
26/12/2018,100.5599976,105.6699982,,102.9400024,88.5764003,101.793335,104.0883377,103.0975987
27/12/2018,101.1800003,105.25,,102.9400024,88.5764003,101.793335,104.2158378,103.082648
28/12/2018,100.3899994,106.8899994,106.8899994,106.8899994,106.8899994,106.8899994,106.8899994,106.8899994
31/12/2018,101.5699997,106.8099976,,106.8899994,88.93549048,103.9600016,106.6219996,107.453299
02/01/2019,101.1200027,106.9000015,,106.8899994,88.93549048,103.9600016,106.8639994,108.0471985
03/01/2019,97.40000153,108.2200012,,106.8899994,88.93549048,103.9600016,107.1059992,108.6716981
04/01/2019,101.9300003,108.1699982,,106.8899994,88.93549048,103.9600016,107.347999,109.3267976
07/01/2019,102.0599976,107.1500015,,106.8899994,88.93549048,103.9600016,107.5899989,110.012497
08/01/2019,102.8000031,109.4100037,,106.8899994,88.93549048,103.9600016,107.8319987,110.7287965
09/01/2019,104.2699966,110.9700012,,106.8899994,88.93549048,103.9600016,108.0739985,111.4756959
10/01/2019,103.5999985,111.5899963,,106.8899994,88.93549048,103.9600016,108.3159983,112.2531953
11/01/2019,102.8000031,112.3600006,,106.8899994,88.93549048,103.9600016,108.5579981,113.0612947
14/01/2019,102.0500031,112.1699982,112.1699982,112.1699982,112.1699982,112.1699982,112.1699982,112.1699982
15/01/2019,105.0100021,112.0299988,,112.1699982,89.38230793,107.3333333,112.409831,112.7711482
16/01/2019,105.3799973,112.5299988,,112.1699982,89.38230793,107.3333333,112.8713308,113.3855982
17/01/2019,106.1200027,112.2600021,,112.1699982,89.38230793,107.3333333,113.3328306,114.0133482
18/01/2019,107.7099991,111.6999969,,112.1699982,89.38230793,107.3333333,113.7943304,114.6543982
22/01/2019,105.6800003,111.75,,112.1699982,89.38230793,107.3333333,114.2558302,115.3087483
23/01/2019,106.7099991,110.3899994,,112.1699982,89.38230793,107.3333333,114.71733,115.9763983
24/01/2019,106.1999969,110.5100021,,112.1699982,89.38230793,107.3333333,115.1788298,116.6573484
25/01/2019,107.1699982,112.8300018,,112.1699982,89.38230793,107.3333333,115.6403296,117.3515985
28/01/2019,105.0800018,113.6200027,,112.1699982,89.38230793,107.3333333,116.1018293,118.0591487
29/01/2019,102.9400024,114.5,114.5,114.5,114.5,114.5,114.5,114.5
30/01/2019,106.3799973,114.5899963,,114.5,89.85622665,111.1866659,115.3721662,114.5707503
31/01/2019,104.4300003,115.9100037,,114.5,89.85622665,111.1866659,115.7526662,114.6120007
01/02/2019,102.7799988,117.5699997,,114.5,89.85622665,111.1866659,116.1331663,114.6237511
04/02/2019,105.7399979,117.6500015,,114.5,89.85622665,111.1866659,116.5136663,114.6060016
05/02/2019,107.2200012,117.5199966,,114.5,89.85622665,111.1866659,116.8941663,114.558752
06/02/2019,106.0299988,120.2200012,,114.5,89.85622665,111.1866659,117.2746663,114.4820025
07/02/2019,105.2699966,117.0500031,,114.5,89.85622665,111.1866659,117.6551664,114.375753
08/02/2019,105.6699982,117.6600037,,114.5,89.85622665,111.1866659,118.0356664,114.2400036
11/02/2019,105.25,117.9100037,,114.5,89.85622665,111.1866659,118.4161664,114.0747542
12/02/2019,106.8899994,116.7699966,116.7699966,116.7699966,116.7699966,116.7699966,116.7699966,116.7699966
13/02/2019,106.8099976,116.9300003,,116.7699966,90.3546298,114.4799983,117.0099974,116.993696
14/02/2019,106.9000015,117.9400024,,116.7699966,90.3546298,114.4799983,117.2399973,117.2167953
15/02/2019,108.2200012,119.0199966,,116.7699966,90.3546298,114.4799983,117.4699972,117.4392946
19/02/2019,108.1699982,119.1900024,,116.7699966,90.3546298,114.4799983,117.6999971,117.6611938
20/02/2019,107.1500015,119.9700012,,116.7699966,90.3546298,114.4799983,117.9299971,117.882493
21/02/2019,109.4100037,119.3600006,,116.7699966,90.3546298,114.4799983,118.159997,118.1031921
22/02/2019,110.9700012,119.8899994,,116.7699966,90.3546298,114.4799983,118.3899969,118.3232911
25/02/2019,111.5899963,119.9300003,,116.7699966,90.3546298,114.4799983,118.6199968,118.5427901
26/02/2019,112.3600006,119.2799988,,116.7699966,90.3546298,114.4799983,118.8499967,118.7616891
27/02/2019,112.1699982,120.1900024,120.1900024,120.1900024,120.1900024,120.1900024,120.1900024,120.1900024
28/02/2019,112.0299988,120.3300018,,120.1900024,90.89709112,117.153333,120.2828343,120.5952535
01/03/2019,112.5299988,120.9499969,,120.1900024,90.89709112,117.153333,120.5673344,121.0120047
04/03/2019,112.2600021,121.0500031,,120.1900024,90.89709112,117.153333,120.8518346,121.4402559
05/03/2019,111.6999969,120.7699966,,120.1900024,90.89709112,117.153333,121.1363347,121.8800073
06/03/2019,111.75,121.7699966,,120.1900024,90.89709112,117.153333,121.4208348,122.3312588
07/03/2019,110.3899994,123.3700027,,120.1900024,90.89709112,117.153333,121.7053349,122.7940103
08/03/2019,110.5100021,123.7600021,,120.1900024,90.89709112,117.153333,121.989835,123.2682619
11/03/2019,112.8300018,125.4400024,,120.1900024,90.89709112,117.153333,122.2743352,123.7540137
12/03/2019,113.6200027,125.0100021,,120.1900024,90.89709112,117.153333,122.5588353,124.2512655
13/03/2019,114.5,129.1499939,129.1499939,129.1499939,129.1499939,129.1499939,129.1499939,129.1499939
14/03/2019,114.5899963,129.8899994,,129.1499939,91.58017867,122.0366643,128.8456628,130.3506923
15/03/2019,115.9100037,129.7700043,,129.1499939,91.58017867,122.0366643,129.4646627,131.6067905
18/03/2019,117.5699997,130.6000061,,129.1499939,91.58017867,122.0366643,130.0836625,132.9182886
19/03/2019,117.6500015,127.8799973,,129.1499939,91.58017867,122.0366643,130.7026624,134.2851865
20/03/2019,117.5199966,126.2099991,,129.1499939,91.58017867,122.0366643,131.3216623,135.7074843
21/03/2019,120.2200012,128.8999939,,129.1499939,91.58017867,122.0366643,131.9406621,137.1851819
22/03/2019,117.0500031,128.1499939,,129.1499939,91.58017867,122.0366643,132.559662,138.7182794
25/03/2019,117.6600037,125.5199966,,129.1499939,91.58017867,122.0366643,133.1786619,140.3067768
26/03/2019,117.9100037,125.5100021,,129.1499939,91.58017867,122.0366643,133.7976617,141.950674
27/03/2019,116.7699966,125.5,125.5,125.5,125.5,125.5,125.5,125.5
28/03/2019,116.9300003,127.1299973,,125.5,92.17526325,124.9466654,127.8671641,124.4414514
29/03/2019,117.9400024,123.3499985,,125.5,92.17526325,124.9466654,128.132664,123.256803
01/04/2019,119.0199966,124.7300034,,125.5,92.17526325,124.9466654,128.3981639,121.9460547
02/04/2019,119.1900024,126.0199966,,125.5,92.17526325,124.9466654,128.6636638,120.5092065
03/04/2019,119.9700012,128.9299927,,125.5,92.17526325,124.9466654,128.9291636,118.9462585
04/04/2019,119.3600006,128.0700073,,125.5,92.17526325,124.9466654,129.1946635,117.2572107
05/04/2019,119.8899994,126.2200012,,125.5,92.17526325,124.9466654,129.4601634,115.442063
08/04/2019,119.9300003,126.9000015,,125.5,92.17526325,124.9466654,129.7256633,113.5008154
09/04/2019,119.2799988,127.6699982,,125.5,92.17526325,124.9466654,129.9911632,111.433468
10/04/2019,120.1900024,126.1800003,126.1800003,126.1800003,126.1800003,126.1800003,126.1800003,126.1800003
11/04/2019,120.3300018,126.2399979,,126.1800003,92.76155182,126.9433314,125.3098349,126.48615
12/04/2019,120.9499969,126.1600037,,126.1800003,92.76155182,126.9433314,125.1613352,126.8355997
15/04/2019,121.0500031,124.9400024,,126.1800003,92.76155182,126.9433314,125.0128356,127.2283493
16/04/2019,120.7699966,125.7300034,,126.1800003,92.76155182,126.9433314,124.8643359,127.6643988
17/04/2019,121.7699966,123.6800003,,126.1800003,92.76155182,126.9433314,124.7158362,128.1437483
18/04/2019,123.3700027,119.8399963,,126.1800003,92.76155182,126.9433314,124.5673365,128.6663977
22/04/2019,123.7600021,123.1600037,,126.1800003,92.76155182,126.9433314,124.4188368,129.2323471
23/04/2019,125.4400024,125.8300018,,126.1800003,92.76155182,126.9433314,124.2703372,129.8415964
24/04/2019,125.0100021,127.8199997,,126.1800003,92.76155182,126.9433314,124.1218375,130.4941456
25/04/2019,129.1499939,131.3999939,131.3999939,131.3999939,131.3999939,131.3999939,131.3999939,131.3999939
26/04/2019,129.8899994,132.6000061,,131.3999939,93.41644067,127.6933314,130.938328,132.1716929
29/04/2019,129.7700043,132.1000061,,131.3999939,93.41644067,127.6933314,131.2333277,132.9887918
30/04/2019,130.6000061,131.4900055,,131.3999939,93.41644067,127.6933314,131.5283274,133.8512907
01/05/2019,127.8799973,132.3200073,,131.3999939,93.41644067,127.6933314,131.8233271,134.7591895
02/05/2019,126.2099991,132.4499969,,131.3999939,93.41644067,127.6933314,132.1183268,135.7124882
03/05/2019,128.8999939,132.8500061,,131.3999939,93.41644067,127.6933314,132.4133265,136.7111868
06/05/2019,128.1499939,135.1600037,,131.3999939,93.41644067,127.6933314,132.7083262,137.7552854
07/05/2019,125.5199966,135.6900024,,131.3999939,93.41644067,127.6933314,133.0033259,138.844784
08/05/2019,125.5100021,136.9499969,,131.3999939,93.41644067,127.6933314,133.2983256,139.9796824
09/05/2019,125.5,136.9700012,136.9700012,136.9700012,136.9700012,136.9700012,136.9700012,136.9700012
10/05/2019,127.1299973,137.7799988,,136.9700012,94.14233335,131.5166651,137.4511656,137.5462527
13/05/2019,123.3499985,133.4299927,,136.9700012,94.14233335,131.5166651,137.9906657,138.1260043
14/05/2019,124.7300034,133.9299927,,136.9700012,94.14233335,131.5166651,138.5301657,138.7092561
15/05/2019,126.0199966,134.1499939,,136.9700012,94.14233335,131.5166651,139.0696658,139.296008
16/05/2019,128.9299927,133.9600067,,136.9700012,94.14233335,131.5166651,139.6091658,139.88626
17/05/2019,128.0700073,135.6799927,,136.9700012,94.14233335,131.5166651,140.1486659,140.4800122
20/05/2019,126.2200012,136.5800018,,136.9700012,94.14233335,131.5166651,140.6881659,141.0772645
21/05/2019,126.9000015,137.4600067,,136.9700012,94.14233335,131.5166651,141.2276659,141.6780169
22/05/2019,127.6699982,137.0599976,,136.9700012,94.14233335,131.5166651,141.767166,142.2822695
23/05/2019,126.1800003,136.9600067,136.9600067,136.9600067,136.9600067,136.9600067,136.9600067,136.9600067
24/05/2019,126.2399979,136.4600067,,136.9600067,94.84426242,135.1100006,138.1680076,136.6521072
28/05/2019,126.1600037,137.8500061,,136.9600067,94.84426242,135.1100006,138.4460083,136.2884076
29/05/2019,124.9400024,138.3999939,,136.9600067,94.84426242,135.1100006,138.7240089,135.868908
30/05/2019,125.7300034,138.8999939,,136.9600067,94.84426242,135.1100006,139.0020096,135.3936084
31/05/2019,123.6800003,138.8999939,,136.9600067,94.84426242,135.1100006,139.2800102,134.8625088
03/06/2019,119.8399963,137.0800018,,136.9600067,94.84426242,135.1100006,139.5580108,134.2756091
04/06/2019,123.1600037,136.2700043,,136.9600067,94.84426242,135.1100006,139.8360115,133.6329095
05/06/2019,125.8300018,136.4199982,,136.9600067,94.84426242,135.1100006,140.1140121,132.9344098
06/06/2019,127.8199997,136.6199951,,136.9600067,94.84426242,135.1100006,140.3920128,132.1801101
07/06/2019,131.3999939,138.4299927,138.4299927,138.4299927,138.4299927,138.4299927,138.4299927,138.4299927
10/06/2019,132.6000061,139.2899933,,138.4299927,95.54725807,137.4533335,138.2563289,138.6583902
11/06/2019,132.1000061,140.7200012,,138.4299927,95.54725807,137.4533335,138.3293284,138.9015876
12/06/2019,131.4900055,140.1900024,,138.4299927,95.54725807,137.4533335,138.402328,139.1595847
13/06/2019,132.3200073,141.3399963,,138.4299927,95.54725807,137.4533335,138.4753276,139.4323816
14/06/2019,132.4499969,141.0299988,,138.4299927,95.54725807,137.4533335,138.5483272,139.7199784
17/06/2019,132.8500061,140.3500061,,138.4299927,95.54725807,137.4533335,138.6213267,140.0223749
18/06/2019,135.1600037,136.2700043,,138.4299927,95.54725807,137.4533335,138.6943263,140.3395713
19/06/2019,135.6900024,138.0599976,,138.4299927,95.54725807,137.4533335,138.7673259,140.6715675
20/06/2019,136.9499969,136.8999939,,138.4299927,95.54725807,137.4533335,138.8403255,141.0183634
21/06/2019,136.9700012,132.2100067,132.2100067,132.2100067,132.2100067,132.2100067,132.2100067,132.2100067
24/06/2019,137.7799988,134.6900024,,132.2100067,96.12920646,135.8666687,133.2541687,131.1650596
25/06/2019,133.4299927,135.2799988,,132.2100067,96.12920646,135.8666687,133.0166687,130.0432129
26/06/2019,133.9299927,138.8899994,,132.2100067,96.12920646,135.8666687,132.7791687,128.8444664
27/06/2019,134.1499939,137.7100067,,132.2100067,96.12920646,135.8666687,132.5416687,127.5688201
28/06/2019,133.9600067,135.7899933,,132.2100067,96.12920646,135.8666687,132.3041687,126.2162742
01/07/2019,135.6799927,138.6000061,,132.2100067,96.12920646,135.8666687,132.0666687,124.7868285
02/07/2019,136.5800018,133.9799957,,132.2100067,96.12920646,135.8666687,131.8291687,123.2804832
03/07/2019,137.4600067,133.6799927,,132.2100067,96.12920646,135.8666687,131.5916687,121.6972381
05/07/2019,137.0599976,136.1300049,,132.2100067,96.12920646,135.8666687,131.3541687,120.0370932
08/07/2019,136.9600067,138.4100037,138.4100037,138.4100037,138.4100037,138.4100037,138.4100037,138.4100037
09/07/2019,136.4600067,137.2599945,,138.4100037,96.78984392,136.350001,136.3390071,139.7131025
10/07/2019,137.8500061,138.7899933,,138.4100037,96.78984392,136.350001,136.3380076,141.1404011
11/07/2019,138.3999939,137.7799988,,138.4100037,96.78984392,136.350001,136.3370082,142.6918995
12/07/2019,138.8999939,133.3899994,,138.4100037,96.78984392,136.350001,136.3360087,144.3675977
15/07/2019,138.8999939,135.4499969,,138.4100037,96.78984392,136.350001,136.3350093,146.1674958
16/07/2019,137.0800018,135.7400055,,138.4100037,96.78984392,136.350001,136.3340098,148.0915937
17/07/2019,136.2700043,135.5599976,,138.4100037,96.78984392,136.350001,136.3330104,150.1398915
18/07/2019,136.4199982,138.1199951,,138.4100037,96.78984392,136.350001,136.3320109,152.3123891
19/07/2019,136.6199951,137.8600006,,138.4100037,96.78984392,136.350001,136.3310115,154.6090865
22/07/2019,138.4299927,136.0399933,136.0399933,136.0399933,136.0399933,136.0399933,136.0399933,136.0399933
23/07/2019,139.2899933,137.6300049,,136.0399933,97.39369237,135.5533346,137.6598272,135.3316419
24/07/2019,140.7200012,140.0500031,,136.0399933,97.39369237,135.5533346,137.8513265,134.5375903
25/07/2019,140.1900024,139.1000061,,136.0399933,97.39369237,135.5533346,138.0428259,133.6578387
26/07/2019,141.3399963,137.5200043,,136.0399933,97.39369237,135.5533346,138.2343252,132.6923871
29/07/2019,141.0299988,136.0800018,,136.0399933,97.39369237,135.5533346,138.4258245,131.6412353
30/07/2019,140.3500061,136.1199951,,136.0399933,97.39369237,135.5533346,138.6173238,130.5043835
31/07/2019,136.2700043,137.5200043,,136.0399933,97.39369237,135.5533346,138.8088232,129.2818316
01/08/2019,138.0599976,137.3200073,,136.0399933,97.39369237,135.5533346,139.0003225,127.9735797
02/08/2019,136.8999939,136.3300018,,136.0399933,97.39369237,135.5533346,139.1918218,126.5796276
05/08/2019,132.2100067,137.3899994,137.3899994,137.3899994,137.3899994,137.3899994,137.3899994,137.3899994
06/08/2019,134.6900024,138.5200043,,137.3899994,97.99969702,137.2799988,136.7189964,137.7296009
07/08/2019,135.2799988,141.0700073,,137.3899994,97.99969702,137.2799988,136.6679962,138.1064026
08/08/2019,138.8899994,139.4400024,,137.3899994,97.99969702,137.2799988,136.616996,138.5204044
09/08/2019,137.7100067,139.1399994,,137.3899994,97.99969702,137.2799988,136.5659958,138.9716065
12/08/2019,135.7899933,137.3800049,,137.3899994,97.99969702,137.2799988,136.5149956,139.4600086
13/08/2019,138.6000061,139.3600006,,137.3899994,97.99969702,137.2799988,136.4639954,139.985611
14/08/2019,133.9799957,139.5399933,,137.3899994,97.99969702,137.2799988,136.4129951,140.5484135
15/08/2019,133.6799927,137.7299957,,137.3899994,97.99969702,137.2799988,136.3619949,141.1484162
16/08/2019,136.1300049,139.0299988,,137.3899994,97.99969702,137.2799988,136.3109947,141.785619
19/08/2019,138.4100037,137.0700073,137.0700073,137.0700073,137.0700073,137.0700073,137.0700073,137.0700073
20/08/2019,137.2599945,134.6499939,,137.0700073,98.58283598,136.8333333,137.399841,136.9461582
21/08/2019,138.7899933,136.2799988,,137.0700073,98.58283598,136.8333333,137.4513417,136.8056091
22/08/2019,137.7799988,138.1199951,,137.0700073,98.58283598,136.8333333,137.5028424,136.64836
23/08/2019,133.3899994,137.1199951,,137.0700073,98.58283598,136.8333333,137.5543431,136.474411
26/08/2019,135.4499969,135.6699982,,137.0700073,98.58283598,136.8333333,137.6058438,136.2837619
27/08/2019,135.7400055,138.2400055,,137.0700073,98.58283598,136.8333333,137.6573445,136.0764129
28/08/2019,135.5599976,139.1000061,,137.0700073,98.58283598,136.8333333,137.7088452,135.8523639
29/08/2019,138.1199951,139.6799927,,137.0700073,98.58283598,136.8333333,137.7603459,135.6116149
30/08/2019,137.8600006,139.5500031,,137.0700073,98.58283598,136.8333333,137.8118466,135.3541659
03/09/2019,136.0399933,141.5700073,141.5700073,141.5700073,141.5700073,141.5700073,141.5700073,141.5700073
04/09/2019,137.6300049,140.4100037,,141.5700073,99.21500026,138.6766713,140.9756757,142.2851069
05/09/2019,140.0500031,139.6900024,,141.5700073,99.21500026,138.6766713,141.1846761,143.0484064
06/09/2019,139.1000061,137.4100037,,141.5700073,99.21500026,138.6766713,141.3936765,143.8599058
09/09/2019,137.5200043,138.4299927,,141.5700073,99.21500026,138.6766713,141.6026769,144.7196051
10/09/2019,136.0800018,136.3699951,,141.5700073,99.21500026,138.6766713,141.8116773,145.6275043
11/09/2019,136.1199951,137.2400055,,141.5700073,99.21500026,138.6766713,142.0206777,146.5836035
12/09/2019,137.5200043,139.9400024,,141.5700073,99.21500026,138.6766713,142.229678,147.5879026
13/09/2019,137.3200073,140.7299957,,141.5700073,99.21500026,138.6766713,142.4386784,148.6404016
16/09/2019,136.3300018,144.1900024,,141.5700073,99.21500026,138.6766713,142.6476788,149.7411005
17/09/2019,137.3899994,142.8300018,142.8300018,142.8300018,142.8300018,142.8300018,142.8300018,142.8300018
18/09/2019,138.5200043,144.6100006,,142.8300018,99.84710174,140.4900055,143.6580024,142.7778009
19/09/2019,141.0700073,143.3699951,,142.8300018,99.84710174,140.4900055,143.9460022,142.6932
20/09/2019,139.4400024,143.7200012,,142.8300018,99.84710174,140.4900055,144.2340019,142.5761991
23/09/2019,139.1399994,144.5500031,,142.8300018,99.84710174,140.4900055,144.5220016,142.4267981
24/09/2019,137.3800049,144.4600067,,142.8300018,99.84710174,140.4900055,144.8100013,142.244997
25/09/2019,139.3600006,144.0599976,,142.8300018,99.84710174,140.4900055,145.0980011,142.0307959
26/09/2019,139.5399933,144.2599945,,142.8300018,99.84710174,140.4900055,145.3860008,141.7841947
27/09/2019,137.7299957,145.9600067,,142.8300018,99.84710174,140.4900055,145.6740005,141.5051934
30/09/2019,139.0299988,146.1100006,,142.8300018,99.84710174,140.4900055,145.9620002,141.1937921
01/10/2019,137.0700073,147.0700073,147.0700073,147.0700073,147.0700073,147.0700073,147.0700073,147.0700073
02/10/2019,134.6499939,147.3099976,,147.0700073,100.5217147,143.8233388,146.8483388,147.6579085
03/10/2019,136.2799988,148.0599976,,147.0700073,100.5217147,143.8233388,147.1233388,148.2756097
04/10/2019,138.1199951,149.9700012,,147.0700073,100.5217147,143.8233388,147.3983388,148.9231111
07/10/2019,137.1199951,150.3399963,,147.0700073,100.5217147,143.8233388,147.6733388,149.6004126
08/10/2019,135.6699982,150.3899994,,147.0700073,100.5217147,143.8233388,147.9483388,150.3075142
09/10/2019,138.2400055,149.6199951,,147.0700073,100.5217147,143.8233388,148.2233388,151.0444159
10/10/2019,139.1000061,149.4799957,,147.0700073,100.5217147,143.8233388,148.4983388,151.8111177
11/10/2019,139.6799927,149.5899963,,147.0700073,100.5217147,143.8233388,148.7733388,152.6076196
14/10/2019,139.5500031,151.2299957,,147.0700073,100.5217147,143.8233388,149.0483388,153.4339217
15/10/2019,141.5700073,152.0299988,152.0299988,152.0299988,152.0299988,152.0299988,152.0299988,152.0299988
16/10/2019,140.4100037,152.3200073,,152.0299988,101.2471835,147.3100026,152.370001,152.5655972
17/10/2019,139.6900024,151.3800049,,152.0299988,101.2471835,147.3100026,152.8300008,153.1083954
18/10/2019,137.4100037,149.5500031,,152.0299988,101.2471835,147.3100026,153.2900007,153.6583935
21/10/2019,138.4299927,149.3099976,,152.0299988,101.2471835,147.3100026,153.7500005,154.2155915
22/10/2019,136.3699951,149.8500061,,152.0299988,101.2471835,147.3100026,154.2100004,154.7799893
23/10/2019,137.2400055,149.9299927,,152.0299988,101.2471835,147.3100026,154.6700002,155.351587
24/10/2019,139.9400024,151.75,,152.0299988,101.2471835,147.3100026,155.1300001,155.9303845
25/10/2019,140.7299957,151.3600006,,152.0299988,101.2471835,147.3100026,155.5899999,156.5163819
28/10/2019,144.1900024,151.1300049,,152.0299988,101.2471835,147.3100026,156.0499998,157.1095792
29/10/2019,142.8300018,151.6999969,151.6999969,151.6999969,151.6999969,151.6999969,151.6999969,151.6999969
30/10/2019,144.6100006,153.2400055,,151.6999969,101.947917,150.2666677,152.8131619,151.3760471
31/10/2019,143.3699951,154.5299988,,151.6999969,101.947917,150.2666677,153.0446614,150.9991973
01/11/2019,143.7200012,155.5299988,,151.6999969,101.947917,150.2666677,153.2761609,150.5694476
04/11/2019,144.5500031,154.6900024,,151.6999969,101.947917,150.2666677,153.5076604,150.086798
05/11/2019,144.4600067,154.3699951,,151.6999969,101.947917,150.2666677,153.7391599,149.5512484
06/11/2019,144.0599976,155.7100067,,151.6999969,101.947917,150.2666677,153.9706593,148.9627989
07/11/2019,144.2599945,157.4100037,,151.6999969,101.947917,150.2666677,154.2021588,148.3214495
08/11/2019,145.9600067,157.4100037,,151.6999969,101.947917,150.2666677,154.4336583,147.6272001
11/11/2019,146.1100006,157.3800049,,151.6999969,101.947917,150.2666677,154.6651578,146.8800508
12/11/2019,147.0700073,158.6699982,158.6699982,158.6699982,158.6699982,158.6699982,158.6699982,158.6699982
13/11/2019,147.3099976,158.9600067,,158.6699982,102.7249318,154.1333313,157.785331,159.7684985
14/11/2019,148.0599976,157.5899963,,158.6699982,102.7249318,154.1333313,158.1173309,160.9399988
15/11/2019,149.9700012,157.6999969,,158.6699982,102.7249318,154.1333313,158.4493309,162.1844992
18/11/2019,150.3399963,160.6199951,,158.6699982,102.7249318,154.1333313,158.7813309,163.5019996
19/11/2019,150.3899994,158.6199951,,158.6699982,102.7249318,154.1333313,159.1133309,164.8925
20/11/2019,149.6199951,159.0299988,,158.6699982,102.7249318,154.1333313,159.4453308,166.3560005
21/11/2019,149.4799957,157.5800018,,158.6699982,102.7249318,154.1333313,159.7773308,167.892501
22/11/2019,149.5899963,160.0899963,,158.6699982,102.7249318,154.1333313,160.1093308,169.5020015
25/11/2019,151.2299957,162.0899963,,158.6699982,102.7249318,154.1333313,160.4413307,171.1845021
26/11/2019,152.0299988,161.3399963,161.3399963,161.3399963,161.3399963,161.3399963,161.3399963,161.3399963
27/11/2019,152.3200073,163.2799988,,161.3399963,103.5170273,157.2366638,162.5386635,161.3704959
29/11/2019,151.3800049,162.1300049,,161.3399963,103.5170273,157.2366638,163.0206634,161.3579955
02/12/2019,149.5500031,163.1799927,,161.3399963,103.5170273,157.2366638,163.5026634,161.3024951
03/12/2019,149.3099976,166.1699982,,161.3399963,103.5170273,157.2366638,163.9846634,161.2039946
04/12/2019,149.8500061,167.1000061,,161.3399963,103.5170273,157.2366638,164.4666633,161.0624942
05/12/2019,149.9299927,166.5,,161.3399963,103.5170273,157.2366638,164.9486633,160.8779936
06/12/2019,151.75,165.6999969,,161.3399963,103.5170273,157.2366638,165.4306633,160.6504931
09/12/2019,151.3600006,166.7200012,,161.3399963,103.5170273,157.2366638,165.9126633,160.3799925
10/12/2019,151.1300049,165.0399933,,161.3399963,103.5170273,157.2366638,166.3946632,160.0664919
11/12/2019,151.6999969,162.2799988,162.2799988,162.2799988,162.2799988,162.2799988,162.2799988,162.2799988
12/12/2019,153.2400055,165.4600067,,162.2799988,104.3005335,160.7633311,162.7488314,162.2788493
13/12/2019,154.5299988,168.0399933,,162.2799988,104.3005335,160.7633311,162.9293315,162.2603998
16/12/2019,155.5299988,172.7799988,,162.2799988,104.3005335,160.7633311,163.1098315,162.2246504
17/12/2019,154.6900024,170.2299957,,162.2799988,104.3005335,160.7633311,163.2903315,162.171601
18/12/2019,154.3699951,174.3800049,,162.2799988,104.3005335,160.7633311,163.4708315,162.1012517
19/12/2019,155.7100067,180.1199951,,162.2799988,104.3005335,160.7633311,163.6513316,162.0136024
20/12/2019,157.4100037,179.8999939,,162.2799988,104.3005335,160.7633311,163.8318316,161.9086532
23/12/2019,157.4100037,183.6300049,,162.2799988,104.3005335,160.7633311,164.0123316,161.786404
24/12/2019,157.3800049,183.8899994,,162.2799988,104.3005335,160.7633311,164.1928317,161.6468548
26/12/2019,158.6699982,188.6999969,188.6999969,188.6999969,188.6999969,188.6999969,188.6999969,188.6999969
27/12/2019,158.9600067,184.4400024,,188.6999969,105.4110528,170.7733307,185.821331,192.7433965
30/12/2019,157.5899963,184.7100067,,188.6999969,105.4110528,170.7733307,187.189331,197.041596
31/12/2019,157.6999969,183.7100067,,188.6999969,105.4110528,170.7733307,188.5573311,201.5945955
02/01/2020,160.6199951,185.3500061,,188.6999969,105.4110528,170.7733307,189.9253311,206.4023949
03/01/2020,158.6199951,187.2299957,,188.6999969,105.4110528,170.7733307,191.2933311,211.4649943
06/01/2020,159.0299988,187.2799988,,188.6999969,105.4110528,170.7733307,192.6613311,216.7823936
07/01/2020,157.5800018,184.4199982,,188.6999969,105.4110528,170.7733307,194.0293312,222.354593
08/01/2020,160.0899963,178.5899963,,188.6999969,105.4110528,170.7733307,195.3973312,228.1815922
09/01/2020,162.0899963,170.8899994,,188.6999969,105.4110528,170.7733307,196.7653312,234.2633914
10/01/2020,161.3399963,168.0700073,168.0700073,168.0700073,168.0700073,168.0700073,168.0700073,168.0700073
13/01/2020,163.2799988,170.1699982,,168.0700073,106.2248055,173.0166677,176.2011723,163.419259
14/01/2020,162.1300049,158.1799927,,168.0700073,106.2248055,173.0166677,176.4906728,158.2980109
15/01/2020,163.1799927,162.0099945,,168.0700073,106.2248055,173.0166677,176.7801732,152.7062628
16/01/2020,166.1699982,172.7899933,,168.0700073,106.2248055,173.0166677,177.0696736,146.6440149
17/01/2020,167.1000061,164.5099945,,168.0700073,106.2248055,173.0166677,177.359174,140.1112671
21/01/2020,166.5,170.5500031,,168.0700073,106.2248055,173.0166677,177.6486745,133.1080194
22/01/2020,165.6999969,166.2700043,,168.0700073,106.2248055,173.0166677,177.9381749,125.6342719
23/01/2020,166.7200012,161.5700073,,168.0700073,106.2248055,173.0166677,178.2276753,117.6900245
24/01/2020,165.0399933,150.6199951,,168.0700073,106.2248055,173.0166677,178.5171757,109.2752772
27/01/2020,162.2799988,160.9199982,160.9199982,160.9199982,160.9199982,160.9199982,160.9199982,160.9199982
28/01/2020,165.4600067,153.6300049,,160.9199982,106.9260259,172.5633341,157.2843348,160.9463962
29/01/2020,168.0399933,139.0599976,,160.9199982,106.9260259,172.5633341,155.8953349,161.107594
30/01/2020,172.7799988,158.8300018,,160.9199982,106.9260259,172.5633341,154.506335,161.4035917
31/01/2020,170.2299957,135.4199982,,160.9199982,106.9260259,172.5633341,153.117335,161.8343891
03/02/2020,174.3800049,146.5700073,,160.9199982,106.9260259,172.5633341,151.7283351,162.3999863
04/02/2020,180.1199951,140.3999939,,160.9199982,106.9260259,172.5633341,150.3393352,163.1003834
05/02/2020,179.8999939,142.7100067,,160.9199982,106.9260259,172.5633341,148.9503352,163.9355802
06/02/2020,183.6300049,137.3500061,,160.9199982,106.9260259,172.5633341,147.5613353,164.9055769
07/02/2020,183.8899994,135.9799957,,160.9199982,106.9260259,172.5633341,146.1723354,166.0103733
10/02/2020,188.6999969,148.3399963,148.3399963,148.3399963,148.3399963,148.3399963,148.3399963,148.3399963
11/02/2020,184.4400024,146.9199982,,148.3399963,107.4502534,159.1100006,148.2584946,146.7833465
12/02/2020,184.7100067,156.1100006,,148.3399963,107.4502534,159.1100006,147.271994,145.1723968
13/02/2020,183.7100067,149.6999969,,148.3399963,107.4502534,159.1100006,146.2854935,143.5071471
14/02/2020,185.3500061,160.2299957,,148.3399963,107.4502534,159.1100006,145.2989929,141.7875976
18/02/2020,187.2299957,157.7100067,,148.3399963,107.4502534,159.1100006,144.3124924,140.0137481
19/02/2020,187.2799988,152.1100006,,148.3399963,107.4502534,159.1100006,143.3259918,138.1855986
20/02/2020,184.4199982,155.2599945,,148.3399963,107.4502534,159.1100006,142.3394913,136.3031493
21/02/2020,178.5899963,153.8300018,,148.3399963,107.4502534,159.1100006,141.3529907,134.3664
24/02/2020,170.8899994,165.2700043,,148.3399963,107.4502534,159.1100006,140.3664902,132.3753507
25/02/2020,168.0700073,163.4900055,163.4900055,163.4900055,163.4900055,163.4900055,163.4900055,163.4900055
26/02/2020,170.1699982,165.1300049,,163.4900055,108.1507503,157.5833333,158.9968373,166.530157
27/02/2020,158.1799927,165.1399994,,163.4900055,108.1507503,157.5833333,159.1253377,169.8476087
28/02/2020,162.0099945,165.5099945,,163.4900055,108.1507503,157.5833333,159.2538381,173.4423604
02/03/2020,172.7899933,173.6999969,,163.4900055,108.1507503,157.5833333,159.3823384,177.3144123
03/03/2020,164.5099945,171.8800049,,163.4900055,108.1507503,157.5833333,159.5108388,181.4637643
04/03/2020,170.5500031,177.0399933,,163.4900055,108.1507503,157.5833333,159.6393392,185.8904163
05/03/2020,166.2700043,178.6000061,,163.4900055,108.1507503,157.5833333,159.7678395,190.5943685
06/03/2020,161.5700073,175.0599976,,163.4900055,108.1507503,157.5833333,159.8963399,195.5756209
09/03/2020,150.6199951,167.8200073,,163.4900055,108.1507503,157.5833333,160.0248403,200.8341733
10/03/2020,160.9199982,173.5200043,173.5200043,173.5200043,173.5200043,173.5200043,173.5200043,173.5200043
11/03/2020,153.6300049,171.4199982,,173.5200043,108.9577781,161.7833354,175.6323398,174.2414036
12/03/2020,139.0599976,174.5500031,,173.5200043,108.9577781,161.7833354,176.8913402,174.9116028
13/03/2020,158.8300018,174.0500031,,173.5200043,108.9577781,161.7833354,178.1503406,175.5306019
16/03/2020,135.4199982,169.8099976,,173.5200043,108.9577781,161.7833354,179.409341,176.0984009
17/03/2020,146.5700073,177.4299927,,173.5200043,108.9577781,161.7833354,180.6683414,176.6149998
18/03/2020,140.3999939,179.2100067,,173.5200043,108.9577781,161.7833354,181.9273418,177.0803986
19/03/2020,142.7100067,174.5700073,,173.5200043,108.9577781,161.7833354,183.1863422,177.4945973
20/03/2020,137.3500061,178.8399963,,173.5200043,108.9577781,161.7833354,184.4453426,177.8575959
23/03/2020,135.9799957,180.7599945,,173.5200043,108.9577781,161.7833354,185.704343,178.1693943
24/03/2020,148.3399963,182.5399933,182.5399933,182.5399933,182.5399933,182.5399933,182.5399933,182.5399933
25/03/2020,146.9199982,183.6000061,,182.5399933,109.8551222,173.1833344,183.6608277,183.3864417
26/03/2020,156.1100006,184.6799927,,182.5399933,109.8551222,173.1833344,184.613327,184.2227899
27/03/2020,149.6999969,186.7400055,,182.5399933,109.8551222,173.1833344,185.5658264,185.0490381
30/03/2020,160.2299957,182.5099945,,182.5399933,109.8551222,173.1833344,186.5183258,185.8651862
31/03/2020,157.7100067,179.75,,182.5399933,109.8551222,173.1833344,187.4708252,186.6712341
01/04/2020,152.1100006,180.5299988,,182.5399933,109.8551222,173.1833344,188.4233246,187.467182
02/04/2020,155.2599945,183.1600037,,182.5399933,109.8551222,173.1833344,189.375824,188.2530298
03/04/2020,153.8300018,184.9100037,,182.5399933,109.8551222,173.1833344,190.3283234,189.0287774
06/04/2020,165.2700043,183.6300049,,182.5399933,109.8551222,173.1833344,191.2808228,189.794425
07/04/2020,163.4900055,185.6600037,185.6600037,185.6600037,185.6600037,185.6600037,185.6600037,185.6600037
08/04/2020,165.1300049,183.4299927,,185.6600037,110.768434,180.5733338,187.2503334,185.6475059
09/04/2020,165.1399994,183.5099945,,185.6600037,110.768434,180.5733338,187.8573334,185.5760083
13/04/2020,165.5099945,181.5700073,,185.6600037,110.768434,180.5733338,188.4643334,185.445511
14/04/2020,173.6999969,181.8099976,,185.6600037,110.768434,180.5733338,189.0713333,185.2560139
15/04/2020,171.8800049,181.3999939,,185.6600037,110.768434,180.5733338,189.6783333,185.0075169
16/04/2020,177.0399933,183.25,,185.6600037,110.768434,180.5733338,190.2853333,184.7000202
17/04/2020,178.6000061,182.8300018,,185.6600037,110.768434,180.5733338,190.8923333,184.3335237
20/04/2020,175.0599976,184.9100037,,185.6600037,110.768434,180.5733338,191.4993332,183.9080274
21/04/2020,167.8200073,185.3600006,,185.6600037,110.768434,180.5733338,192.1063332,183.4235314
22/04/2020,173.5200043,182.9199982,182.9199982,182.9199982,182.9199982,182.9199982,182.9199982,182.9199982
23/04/2020,171.4199982,187.1999969,,182.9199982,111.6273812,183.7066651,183.9156678,182.3236968
24/04/2020,174.5500031,188.3600006,,182.9199982,111.6273812,183.7066651,183.934668,181.6687952
27/04/2020,174.0500031,189.8000031,,182.9199982,111.6273812,183.7066651,183.9536683,180.9552934
28/04/2020,169.8099976,196.8399963,,182.9199982,111.6273812,183.7066651,183.9726685,180.1831915
29/04/2020,177.4299927,186.2700043,,182.9199982,111.6273812,183.7066651,183.9916687,179.3524895
30/04/2020,179.2100067,187.7400055,,182.9199982,111.6273812,183.7066651,184.010669,178.4631873
01/05/2020,174.5700073,188.9400024,,182.9199982,111.6273812,183.7066651,184.0296692,177.5152849
04/05/2020,178.8399963,193.5700073,,182.9199982,111.6273812,183.7066651,184.0486695,176.5087824
05/05/2020,180.7599945,194.2400055,,182.9199982,111.6273812,183.7066651,184.0676697,175.4436797
06/05/2020,182.5399933,196.3200073,196.3200073,196.3200073,196.3200073,196.3200073,196.3200073,196.3200073
07/05/2020,183.6000061,195.1499939,,196.3200073,112.623765,188.3000031,194.163005,198.547709
08/05/2020,184.6799927,200.5700073,,196.3200073,112.623765,188.3000031,194.6960052,200.9368109
11/05/2020,186.7400055,201.9100037,,196.3200073,112.623765,188.3000031,195.2290054,203.4873129
12/05/2020,182.5099945,197.8399963,,196.3200073,112.623765,188.3000031,195.7620056,206.199215
13/05/2020,179.75,200.3399963,,196.3200073,112.623765,188.3000031,196.2950058,209.0725173
14/05/2020,180.5299988,196.3300018,,196.3200073,112.623765,188.3000031,196.8280059,212.1072198
15/05/2020,183.1600037,198.4400024,,196.3200073,112.623765,188.3000031,197.3610061,215.3033224
18/05/2020,184.9100037,203.5099945,,196.3200073,112.623765,188.3000031,197.8940063,218.6608251
19/05/2020,183.6300049,204.6999969,,196.3200073,112.623765,188.3000031,198.4270065,222.179728
20/05/2020,185.6600037,206.2599945,206.2599945,206.2599945,206.2599945,206.2599945,206.2599945,206.2599945
21/05/2020,183.4299927,210.6999969,,206.2599945,113.7125584,195.1666667,208.0036646,207.063692
22/05/2020,183.5099945,208.25,,206.2599945,113.7125584,195.1666667,209.1706644,207.8327893
26/05/2020,181.5700073,212.8300018,,206.2599945,113.7125584,195.1666667,210.3376643,208.5672864
27/05/2020,181.8099976,214.3200073,,206.2599945,113.7125584,195.1666667,211.5046641,209.2671832
28/05/2020,181.3999939,213.6699982,,206.2599945,113.7125584,195.1666667,212.6716639,209.9324799
29/05/2020,183.25,207.0700073,,206.2599945,113.7125584,195.1666667,213.8386637,210.5631763
01/06/2020,182.8300018,208.3500061,,206.2599945,113.7125584,195.1666667,215.0056635,211.1592725
02/06/2020,184.9100037,208.0399933,,206.2599945,113.7125584,195.1666667,216.1726633,211.7207685
03/06/2020,185.3600006,203.9199982,,206.2599945,113.7125584,195.1666667,217.3396632,212.2476643
04/06/2020,182.9199982,202.8800049,202.8800049,202.8800049,202.8800049,202.8800049,202.8800049,202.8800049
05/06/2020,187.1999969,211.6000061,,202.8800049,114.7374716,201.8200022,205.4280009,201.8094072
08/06/2020,188.3600006,208.75,,202.8800049,114.7374716,201.8200022,205.7560008,200.6056098
09/06/2020,189.8000031,211.75,,202.8800049,114.7374716,201.8200022,206.0840007,199.2686125
10/06/2020,196.8399963,202.5399933,,202.8800049,114.7374716,201.8200022,206.4120006,197.7984156
11/06/2020,186.2700043,201.3000031,,202.8800049,114.7374716,201.8200022,206.7400004,196.1950188
12/06/2020,187.7400055,203.8500061,,202.8800049,114.7374716,201.8200022,207.0680003,194.4584223
15/06/2020,188.9400024,202.0200043,,202.8800049,114.7374716,201.8200022,207.3960002,192.588626
16/06/2020,193.5700073,204.0599976,,202.8800049,114.7374716,201.8200022,207.7240001,190.5856299
17/06/2020,194.2400055,203.8999939,,202.8800049,114.7374716,201.8200022,208.052,188.4494341
18/06/2020,196.3200073,205.0099945,205.0099945,205.0099945,205.0099945,205.0099945,205.0099945,205.0099945
19/06/2020,195.1499939,216.5399933,,205.0099945,115.7632957,204.7166646,204.0291646,205.5260423
22/06/2020,200.5700073,213.2899933,,205.0099945,115.7632957,204.7166646,203.9666646,206.0971899
23/06/2020,201.9100037,212.9400024,,205.0099945,115.7632957,204.7166646,203.9041646,206.7234373
24/06/2020,197.8399963,216.3500061,,205.0099945,115.7632957,204.7166646,203.8416646,207.4047845
25/06/2020,200.3399963,212.4799957,,205.0099945,115.7632957,204.7166646,203.7791646,208.1412315
26/06/2020,196.3300018,208.25,,205.0099945,115.7632957,204.7166646,203.7166646,208.9327783
29/06/2020,198.4400024,203.3800049,,205.0099945,115.7632957,204.7166646,203.6541646,209.7794248
30/06/2020,203.5099945,209.1900024,,205.0099945,115.7632957,204.7166646,203.5916646,210.6811712
01/07/2020,204.6999969,208.6999969,,205.0099945,115.7632957,204.7166646,203.5291646,211.6380174
02/07/2020,206.2599945,208.8999939,208.8999939,208.8999939,208.8999939,208.8999939,208.8999939,208.8999939
06/07/2020,210.6999969,210.2799988,,208.8999939,116.8097754,205.5966644,208.9076584,209.3857944
07/07/2020,208.25,211.4900055,,208.8999939,116.8097754,205.5966644,209.2086578,209.889195
08/07/2020,212.8300018,209.6999969,,208.8999939,116.8097754,205.5966644,209.5096573,210.4101956
09/07/2020,214.3200073,214.5800018,,208.8999939,116.8097754,205.5966644,209.8106567,210.9487964
10/07/2020,213.6699982,213.0200043,,208.8999939,116.8097754,205.5966644,210.1116562,211.5049973
13/07/2020,207.0700073,213.6900024,,208.8999939,116.8097754,205.5966644,210.4126556,212.0787982
14/07/2020,208.3500061,216.4700012,,208.8999939,116.8097754,205.5966644,210.7136551,212.6701993
15/07/2020,208.0399933,221.1499939,,208.8999939,116.8097754,205.5966644,211.0146545,213.2792005
16/07/2020,203.9199982,226.5800018,,208.8999939,116.8097754,205.5966644,211.315654,213.9058017
17/07/2020,202.8800049,228.9100037,228.9100037,228.9100037,228.9100037,228.9100037,228.9100037,228.9100037
20/07/2020,211.6000061,225.5299988,,228.9100037,118.0553335,214.2733307,227.4183358,231.7976053
21/07/2020,208.75,227.2700043,,228.9100037,118.0553335,214.2733307,228.6133362,234.8464069
22/07/2020,211.75,231.6499939,,228.9100037,118.0553335,214.2733307,229.8083367,238.0564087
23/07/2020,202.5399933,217.3000031,,228.9100037,118.0553335,214.2733307,231.0033371,241.4276105
24/07/2020,201.3000031,214.25,,228.9100037,118.0553335,214.2733307,232.1983376,244.9600125
27/07/2020,203.8500061,202.6600037,,228.9100037,118.0553335,214.2733307,233.3933381,248.6536146
28/07/2020,202.0200043,211.2899933,,228.9100037,118.0553335,214.2733307,234.5883385,252.5084167
29/07/2020,204.0599976,205.3699951,,228.9100037,118.0553335,214.2733307,235.783339,256.524419
30/07/2020,203.8999939,204.0299988,,228.9100037,118.0553335,214.2733307,236.9783394,260.7016214
31/07/2020,205.0099945,205.4100037,205.4100037,205.4100037,205.4100037,205.4100037,205.4100037,205.4100037
03/08/2020,216.5399933,208.7799988,,205.4100037,119.015275,214.4066671,212.4871725,200.6669532
04/08/2020,213.2899933,205.0500031,,205.4100037,119.015275,214.4066671,212.312673,195.4888025
05/08/2020,212.9400024,202.9100037,,205.4100037,119.015275,214.4066671,212.1381735,189.8755518
06/08/2020,216.3500061,200.3899994,,205.4100037,119.015275,214.4066671,211.963674,183.827201
07/08/2020,212.4799957,202.5399933,,205.4100037,119.015275,214.4066671,211.7891744,177.34375
10/08/2020,208.25,207.4199982,,205.4100037,119.015275,214.4066671,211.6146749,170.425199
11/08/2020,203.3800049,200.5899963,,205.4100037,119.015275,214.4066671,211.4401754,163.0715479
12/08/2020,209.1900024,203.1900024,,205.4100037,119.015275,214.4066671,211.2656759,155.2827966
13/08/2020,208.6999969,207.8200073,,205.4100037,119.015275,214.4066671,211.0911764,147.0589453
14/08/2020,208.8999939,209.4400024,209.4400024,209.4400024,209.4400024,209.4400024,209.4400024,209.4400024
17/08/2020,210.2799988,207.2599945,,209.4400024,119.9981524,214.5866699,203.8781692,211.3571522
18/08/2020,211.4900055,210.3300018,,209.4400024,119.9981524,214.5866699,202.9046692,213.549602
19/08/2020,209.6999969,212.4600067,,209.4400024,119.9981524,214.5866699,201.9311691,216.0173518
20/08/2020,214.5800018,206.1900024,,209.4400024,119.9981524,214.5866699,200.957669,218.7604015
21/08/2020,213.0200043,210.3800049,,209.4400024,119.9981524,214.5866699,199.984169,221.7787513
24/08/2020,213.6900024,205.9100037,,209.4400024,119.9981524,214.5866699,199.0106689,225.072401
25/08/2020,216.4700012,209.8300018,,209.4400024,119.9981524,214.5866699,198.0371688,228.6413507
26/08/2020,221.1499939,210.5800018,,209.4400024,119.9981524,214.5866699,197.0636688,232.4856004
27/08/2020,226.5800018,215.8099976,,209.4400024,119.9981524,214.5866699,196.0901687,236.6051501
28/08/2020,228.9100037,221.3999939,221.3999939,221.3999939,221.3999939,221.3999939,221.3999939,221.3999939
31/08/2020,225.5299988,222.8600006,,221.3999939,121.0884948,212.0833333,220.8778279,223.0321427
01/09/2020,227.2700043,220.8600006,,221.3999939,121.0884948,212.0833333,221.6773275,224.7435913
02/09/2020,231.6499939,219.6600037,,221.3999939,121.0884948,212.0833333,222.476827,226.5343399
03/09/2020,217.3000031,219.6600037,,221.3999939,121.0884948,212.0833333,223.2763265,228.4043885
04/09/2020,214.25,214.2200012,,221.3999939,121.0884948,212.0833333,224.075826,230.3537369
08/09/2020,202.6600037,214.6499939,,221.3999939,121.0884948,212.0833333,224.8753255,232.3823853
09/09/2020,211.2899933,214.8000031,,221.3999939,121.0884948,212.0833333,225.674825,234.4903337
10/09/2020,205.3699951,214.8899994,,221.3999939,121.0884948,212.0833333,226.4743245,236.6775819
11/09/2020,204.0299988,216.2299957,,221.3999939,121.0884948,212.0833333,227.273824,238.9441301
14/09/2020,205.4100037,210.0800018,210.0800018,210.0800018,210.0800018,210.0800018,210.0800018,210.0800018
15/09/2020,208.7799988,213.25,,210.0800018,122.035213,213.6399994,213.991999,207.6676035
16/09/2020,205.0500031,202.6799927,,210.0800018,122.035213,213.6399994,214.023999,205.0224053
17/09/2020,202.9100037,204.7200012,,210.0800018,122.035213,213.6399994,214.055999,202.1444074
18/09/2020,200.3899994,202.4700012,,210.0800018,122.035213,213.6399994,214.0879989,199.0336096
21/09/2020,202.5399933,202.3300018,,210.0800018,122.035213,213.6399994,214.1199989,195.6900119
22/09/2020,207.4199982,206.4299927,,210.0800018,122.035213,213.6399994,214.1519989,192.1136144
23/09/2020,200.5899963,216.3899994,,210.0800018,122.035213,213.6399994,214.1839989,188.3044171
24/09/2020,203.1900024,223.2899933,,210.0800018,122.035213,213.6399994,214.2159988,184.2624199
25/09/2020,207.8200073,223.7200012,,210.0800018,122.035213,213.6399994,214.2479988,179.9876229
28/09/2020,209.4400024,218.3899994,218.3899994,218.3899994,218.3899994,218.3899994,218.3899994,218.3899994
29/09/2020,207.2599945,211.0099945,,218.3899994,123.0494739,216.6233317,214.9678347,220.3006486
30/09/2020,210.3300018,216.5500031,,218.3899994,123.0494739,216.6233317,214.817335,222.4075977
01/10/2020,212.4600067,215.4400024,,218.3899994,123.0494739,216.6233317,214.6668353,224.7108467
02/10/2020,206.1900024,216.5099945,,218.3899994,123.0494739,216.6233317,214.5163356,227.2103956
05/10/2020,210.3800049,217.2299957,,218.3899994,123.0494739,216.6233317,214.3658358,229.9062443
06/10/2020,205.9100037,214.4600067,,218.3899994,123.0494739,216.6233317,214.2153361,232.798393
07/10/2020,209.8300018,211.0800018,,218.3899994,123.0494739,216.6233317,214.0648364,235.8868416
08/10/2020,210.5800018,212.4199982,,218.3899994,123.0494739,216.6233317,213.9143367,239.1715901
09/10/2020,215.8099976,210.3899994,,218.3899994,123.0494739,216.6233317,213.7638369,242.6526384
12/10/2020,221.3999939,210.1100006,210.1100006,210.1100006,210.1100006,210.1100006,210.1100006,210.1100006
13/10/2020,222.8600006,213.8600006,,210.1100006,123.9563544,212.8600006,212.8764999,208.3695509
14/10/2020,220.8600006,213.8699951,,210.1100006,123.9563544,212.8600006,212.8779999,206.4632013
15/10/2020,219.6600037,215.2299957,,210.1100006,123.9563544,212.8600006,212.8794998,204.3909517
16/10/2020,219.6600037,214.0700073,,210.1100006,123.9563544,212.8600006,212.8809998,202.1528021
19/10/2020,214.2200012,216.2100067,,210.1100006,123.9563544,212.8600006,212.8824997,199.7487525
20/10/2020,214.6499939,215.3699951,,210.1100006,123.9563544,212.8600006,212.8839996,197.178803
21/10/2020,214.8000031,214.2400055,,210.1100006,123.9563544,212.8600006,212.8854996,194.4429536
22/10/2020,214.8899994,214.3600006,,210.1100006,123.9563544,212.8600006,212.8869995,191.5412042
23/10/2020,216.2299957,214.2899933,,210.1100006,123.9563544,212.8600006,212.8884995,188.4735548
26/10/2020,210.0800018,216.0099945,216.0099945,216.0099945,216.0099945,216.0099945,216.0099945,216.0099945
27/10/2020,213.25,211.8000031,,216.0099945,124.905361,214.8366648,213.5276621,217.3798935
28/10/2020,202.6799927,210.5200043,,216.0099945,124.905361,214.8366648,213.4086619,218.8915924
29/10/2020,204.7200012,213.2599945,,216.0099945,124.905361,214.8366648,213.2896616,220.5450912
30/10/2020,202.4700012,214.1999969,,216.0099945,124.905361,214.8366648,213.1706614,222.34039
02/11/2020,202.3300018,214.1300049,,216.0099945,124.905361,214.8366648,213.0516612,224.2774887
03/11/2020,206.4299927,219.2799988,,216.0099945,124.905361,214.8366648,212.9326609,226.3563873
04/11/2020,216.3899994,219.4199982,,216.0099945,124.905361,214.8366648,212.8136607,228.5770859
05/11/2020,223.2899933,218.5899963,,216.0099945,124.905361,214.8366648,212.6946604,230.9395844
06/11/2020,223.7200012,222.5899963,,216.0099945,124.905361,214.8366648,212.5756602,233.4438828
09/11/2020,218.3899994,223.9400024,223.9400024,223.9400024,223.9400024,223.9400024,223.9400024,223.9400024
10/11/2020,211.0099945,221.0200043,,223.9400024,125.9159185,216.6866658,224.2931668,224.844654
11/11/2020,216.5500031,222.75,,223.9400024,125.9159185,216.6866658,224.9846669,225.7696057
12/11/2020,215.4400024,224.9600067,,223.9400024,125.9159185,216.6866658,225.676167,226.7148575
13/11/2020,216.5099945,224.1499939,,223.9400024,125.9159185,216.6866658,226.3676671,227.6804095
16/11/2020,217.2299957,221.6799927,,223.9400024,125.9159185,216.6866658,227.0591672,228.6662616
17/11/2020,214.4600067,222.4199982,,223.9400024,125.9159185,216.6866658,227.7506673,229.6724139
